JvmtiExport can_access_local_variables 0
JvmtiExport can_hotswap_or_post_breakpoint 0
JvmtiExport can_post_on_exceptions 0
# 333 ciObject found
instanceKlass java/util/jar/JarFile
ciInstanceKlass java/lang/Cloneable 1 0 7 100 1 100 1 1 1
instanceKlass amf/core/client/scala/config/FinishedTransformationEvent
instanceKlass org/mulesoft/als/server/modules/actions/DocumentRangeFormattingManager
instanceKlass amf/core/client/scala/model/document/LocationInformation
instanceKlass org/mulesoft/lsp/feature/documentFormatting/DocumentFormattingConfigType$
instanceKlass amf/core/client/scala/model/document/BaseUnitSourceInformation
instanceKlass amf/core/client/scala/model/document/BaseUnitSourceInformation$
instanceKlass amf/core/internal/validation/core/ValidationSpecification
instanceKlass amf/core/client/common/validation/SeverityLevels$
instanceKlass scala/LowPriorityImplicits$$anon$4
instanceKlass amf/core/internal/validation/core/ShaclSeverityUris$
instanceKlass amf/core/internal/validation/core/ValidationSpecification$
instanceKlass amf/core/internal/validation/CoreValidations$
instanceKlass amf/core/internal/validation/Validations
instanceKlass org/mulesoft/als/server/modules/actions/DocumentFormattingManager
instanceKlass org/mulesoft/als/server/modules/actions/FormattingManager
instanceKlass org/mulesoft/lsp/feature/codeactions/CodeActionConfigType$
instanceKlass scala/collection/mutable/FlatHashTable$NullSentinel$
instanceKlass amf/core/client/scala/traversal/iterator/DomainElementIterator
instanceKlass org/mulesoft/als/actions/codeactions/plugins/vocabulary/ExternalVocabularyToLocalCodeAction$
instanceKlass org/mulesoft/als/actions/codeactions/plugins/vocabulary/ExternalVocabularyToLocalKind
instanceKlass amf/core/client/scala/traversal/iterator/DomainElementIterator$
instanceKlass org/mulesoft/als/actions/codeactions/plugins/vocabulary/SynthesizeVocabularyCodeAction$
instanceKlass org/mulesoft/als/actions/codeactions/plugins/vocabulary/SynthesizeVocabularyKind
instanceKlass amf/core/internal/parser/domain/FieldEntry
instanceKlass org/mulesoft/als/actions/codeactions/plugins/declarations/trait/ExtractTraitCodeAction$
instanceKlass org/mulesoft/als/actions/codeactions/plugins/declarations/trait/ExtractTraitKind
instanceKlass org/mulesoft/als/actions/codeactions/plugins/declarations/resourcetype/ExtractResourceTypeCodeAction$
instanceKlass org/mulesoft/als/actions/codeactions/plugins/declarations/resourcetype/ExtractResourceTypeKind
instanceKlass org/mulesoft/als/actions/codeactions/plugins/conversions/JsonSchemaToRamlType$
instanceKlass org/mulesoft/als/actions/codeactions/plugins/conversions/JsonSchemaToRamlTypeKind
instanceKlass amf/core/client/scala/traversal/iterator/IdCollector
instanceKlass org/mulesoft/als/actions/codeactions/plugins/conversions/RamlTypeToJsonSchema$
instanceKlass org/mulesoft/als/actions/codeactions/plugins/conversions/RamlTypeToJsonSchemaKind
instanceKlass amf/core/client/scala/traversal/iterator/AmfIterator
instanceKlass org/mulesoft/als/actions/codeactions/plugins/declarations/library/ExtractRamlToLibraryCodeAction$
instanceKlass org/mulesoft/als/actions/codeactions/plugins/declarations/library/ExtractToLibraryKind
instanceKlass amf/core/client/scala/traversal/iterator/DomainElementStrategy$
instanceKlass org/mulesoft/als/actions/codeactions/plugins/declarations/delete/DeleteDeclaredNodeCodeAction$
instanceKlass org/mulesoft/als/actions/codeactions/plugins/declarations/delete/DeleteDeclarationKind
instanceKlass amf/core/client/scala/model/document/FieldsFilter$All$
instanceKlass org/mulesoft/als/actions/codeactions/plugins/declarations/fragment/ExtractRamlTypeToFragmentCodeAction$
instanceKlass org/mulesoft/als/actions/codeactions/plugins/declarations/fragment/ExtractRamlDeclarationToFragmentCodeAction$
instanceKlass org/mulesoft/als/actions/codeactions/plugins/declarations/fragment/ExtractToFragmentKind
instanceKlass org/mulesoft/als/actions/codeactions/plugins/declarations/samefile/ExtractRamlTypeCodeAction$
instanceKlass org/mulesoft/als/actions/codeactions/plugins/declarations/samefile/ExtractElementCodeAction$
instanceKlass org/mulesoft/als/actions/codeactions/plugins/declarations/samefile/ExtractDeclarationKind
instanceKlass org/mulesoft/als/actions/codeactions/plugins/AllCodeActions$
instanceKlass org/mulesoft/lsp/feature/codeactions/CodeActionOptions
instanceKlass org/mulesoft/als/server/modules/actions/CodeActionManager
instanceKlass org/mulesoft/als/server/feature/renamefile/RenameFileConfigType$
instanceKlass org/mulesoft/als/server/modules/actions/RenameFileActionManager
instanceKlass amf/aml/internal/transform/domain/NodeMappingResolver
instanceKlass org/mulesoft/lsp/feature/selectionRange/SelectionRangeConfigType$
instanceKlass amf/aml/internal/utils/AmlExtensionSyntax/package$RichNodeMapping
instanceKlass org/mulesoft/als/server/modules/actions/SelectionRangeManager
instanceKlass org/mulesoft/als/server/modules/actions/FoldingRangeManager$$anon$1
instanceKlass org/mulesoft/lsp/feature/folding/FoldingRangeConfigType$
instanceKlass org/mulesoft/als/server/modules/actions/FoldingRangeManager
instanceKlass org/mulesoft/als/server/modules/actions/DocumentHighlightManager$$anon$1
instanceKlass org/mulesoft/lsp/feature/highlight/DocumentHighlightConfigType$
instanceKlass org/mulesoft/als/server/modules/actions/DocumentHighlightManager
instanceKlass amf/aml/client/scala/model/document/DialectLibrary
instanceKlass org/mulesoft/als/server/modules/actions/rename/PrepareRenameHandler
instanceKlass amf/aml/internal/utils/AmlExtensionSyntax/package$RichExternalsSeq$
instanceKlass org/mulesoft/lsp/edit/WorkspaceEdit
instanceKlass org/mulesoft/als/server/modules/actions/rename/RenameHandler
instanceKlass org/mulesoft/als/server/modules/actions/rename/RenameTools
instanceKlass org/mulesoft/lsp/feature/rename/RenameConfigType$
instanceKlass org/mulesoft/als/server/modules/actions/rename/RenameManager
instanceKlass org/mulesoft/als/server/modules/actions/DocumentLinksManager$$anon$1
instanceKlass org/mulesoft/lsp/feature/link/DocumentLinkConfigType$
instanceKlass org/mulesoft/als/server/modules/actions/DocumentLinksManager
instanceKlass org/mulesoft/als/server/feature/fileusage/filecontents/FileContentsResponse
instanceKlass org/mulesoft/als/server/modules/actions/fileusage/filecontents/FileContentsHandler
instanceKlass org/mulesoft/als/server/modules/actions/fileusage/FileUsageHandler
instanceKlass org/mulesoft/als/server/feature/fileusage/FileUsageConfigType$
instanceKlass org/mulesoft/als/server/modules/actions/fileusage/FindFileUsageManager
instanceKlass org/mulesoft/als/server/modules/actions/FindReferenceManager$$anon$1
instanceKlass org/mulesoft/lsp/feature/reference/ReferenceConfigType$
instanceKlass org/mulesoft/als/server/modules/actions/FindReferenceManager
instanceKlass amf/aml/internal/utils/AmlExtensionSyntax/package$RichBaseUnit$
instanceKlass org/mulesoft/lsp/feature/hover/HoverConfigType$
instanceKlass amf/aml/internal/utils/AmlExtensionSyntax/package$
instanceKlass org/mulesoft/als/server/modules/actions/HoverManager
instanceKlass org/mulesoft/als/server/modules/actions/GoToTypeDefinitionManager$$anon$1
instanceKlass org/mulesoft/lsp/feature/typedefinition/TypeDefinitionConfigType$
instanceKlass org/mulesoft/common/collections/package$FilterType
instanceKlass org/mulesoft/als/server/modules/actions/GoToTypeDefinitionManager
instanceKlass amf/core/client/scala/config/FinishedTransformationStepEvent
instanceKlass org/mulesoft/als/server/modules/actions/GoToImplementationManager$$anon$1
instanceKlass org/mulesoft/lsp/feature/implementation/ImplementationConfigType$
instanceKlass amf/aml/internal/render/emitters/instances/DialectIndex
instanceKlass org/mulesoft/als/server/modules/actions/GoToImplementationManager
instanceKlass org/mulesoft/common/core/Cache
instanceKlass org/mulesoft/als/server/modules/actions/GoToDefinitionManager$$anon$1
instanceKlass org/mulesoft/common/core/Cache$
instanceKlass org/mulesoft/lsp/feature/definition/DefinitionConfigType$
instanceKlass org/mulesoft/common/core/CachedFunction$$anon$2
instanceKlass org/mulesoft/als/server/modules/actions/GoToDefinitionManager
instanceKlass org/mulesoft/common/core/CachedFunction
instanceKlass org/mulesoft/lsp/feature/documentsymbol/DocumentSymbolConfigType$
instanceKlass org/mulesoft/common/core/CachedFunction$
instanceKlass org/mulesoft/als/server/modules/structure/StructureManager
instanceKlass amf/aml/internal/render/emitters/instances/DefaultNodeMappableFinder
instanceKlass org/mulesoft/als/server/modules/completion/SuggestionsManager$$anon$1
instanceKlass org/mulesoft/lsp/feature/TelemeteredRequestHandler
instanceKlass amf/aml/internal/render/emitters/instances/DialectIndex$
instanceKlass org/mulesoft/lsp/feature/completion/CompletionConfigType$
instanceKlass amf/core/client/scala/config/StartedTransformationStepEvent
instanceKlass org/mulesoft/als/suggestions/CompletionsPluginHandler
instanceKlass amf/core/internal/transform/stages/SourceInformationStage$
instanceKlass org/mulesoft/als/suggestions/interfaces/CompletionProvider
instanceKlass amf/aml/internal/transform/steps/DialectNodeExtensionStage
instanceKlass org/mulesoft/als/suggestions/client/Suggestions
instanceKlass amf/aml/internal/transform/steps/DialectReferencesResolutionStage
instanceKlass org/mulesoft/als/server/modules/completion/SuggestionsManager
instanceKlass amf/aml/internal/render/emitters/common/IdCounter
instanceKlass amf/aml/internal/transform/steps/DialectCombiningMappingStage
instanceKlass amf/core/client/scala/transform/TransformationStep
instanceKlass amf/core/client/scala/config/StartingTransformationEvent
instanceKlass amf/aml/internal/transform/pipelines/DialectTransformationPipeline
instanceKlass amf/core/internal/remote/AsyncApi$
instanceKlass amf/aml/internal/transform/pipelines/DialectTransformationPipeline$
instanceKlass amf/core/client/common/validation/RAMLStyle$
instanceKlass amf/core/client/scala/transform/TransformationPipelineRunner
instanceKlass amf/core/client/common/validation/OASStyle$
instanceKlass amf/core/client/common/validation/AMFStyle$
instanceKlass amf/core/client/common/validation/MessageStyle
instanceKlass amf/core/client/common/validation/ProfileName
instanceKlass amf/core/client/common/validation/ProfileNames$
instanceKlass org/mulesoft/als/server/feature/serialization/ConversionConfig
instanceKlass org/mulesoft/als/server/feature/serialization/ConversionConfigType$
instanceKlass amf/core/internal/annotations/TrackedElement
instanceKlass amf/core/client/scala/model/domain/EternalSerializedAnnotation
instanceKlass org/mulesoft/als/server/modules/serialization/ConversionManager
instanceKlass org/mulesoft/als/server/feature/diagnostic/CleanDiagnosticTreeConfigType$
instanceKlass org/mulesoft/als/server/feature/configuration/workspace/WorkspaceConfigurationConfigType$
instanceKlass org/mulesoft/als/server/modules/configuration/WorkspaceConfigurationManager
instanceKlass amf/core/internal/parser/domain/Fields$BoolFieldImpl
instanceKlass amf/core/client/scala/model/BoolField
instanceKlass org/mulesoft/als/server/modules/diagnostic/CleanDiagnosticTreeManager
instanceKlass amf/aml/internal/utils/DialectRegister
instanceKlass org/mulesoft/lsp/textsync/TextDocumentSyncConfigType$
instanceKlass amf/core/client/scala/config/FinishedParsingEvent
instanceKlass org/mulesoft/amfintegration/amfconfiguration/ALSConfigurationState
instanceKlass amf/core/client/scala/config/ParsedModelEvent
instanceKlass amf/core/internal/annotations/ReferenceTargets
instanceKlass org/mulesoft/amfintegration/amfconfiguration/EditorConfigurationState
instanceKlass org/mulesoft/als/server/textsync/TextDocumentManager
instanceKlass amf/core/client/scala/parse/TaggedReferences$BuReferenceTagger
instanceKlass org/mulesoft/als/server/textsync/DefaultTextDocumentSyncBuilder$
instanceKlass amf/core/client/scala/parse/TaggedReferences$
instanceKlass org/mulesoft/lsp/feature/RequestHandler
instanceKlass org/mulesoft/als/server/protocol/LanguageServer
instanceKlass org/mulesoft/als/server/client/scala/LanguageServerBuilder
instanceKlass org/mulesoft/als/server/modules/workspace/Snapshot
instanceKlass org/mulesoft/als/server/workspace/command/IndexDialectCommandExecutor
instanceKlass org/mulesoft/als/server/workspace/command/DidChangeConfigurationCommandExecutor
instanceKlass org/mulesoft/als/server/workspace/command/DidFocusCommandExecutor
instanceKlass org/mulesoft/als/server/workspace/command/CommandExecutor
instanceKlass org/mulesoft/als/server/workspace/command/Commands$
instanceKlass org/mulesoft/als/server/modules/workspace/ParserStagingArea
instanceKlass org/mulesoft/als/server/modules/ast/NotificationKind
instanceKlass org/mulesoft/als/server/modules/workspace/WorkspaceContentManager
instanceKlass org/mulesoft/als/server/modules/workspace/WorkspaceFolderManager
instanceKlass org/mulesoft/als/server/modules/workspace/EmptyFileTree$
instanceKlass amf/aml/internal/parse/dialects/DocumentsModelParser
instanceKlass org/mulesoft/als/server/modules/workspace/MainFileTree
instanceKlass org/mulesoft/als/server/modules/workspace/FileTree
instanceKlass org/mulesoft/als/server/modules/workspace/WorkspaceParserRepository
instanceKlass amf/core/internal/annotations/Inferred
instanceKlass org/mulesoft/als/configuration/ProjectConfiguration
instanceKlass amf/aml/internal/parse/common/DeclarationKeys
instanceKlass org/mulesoft/als/configuration/ProjectConfiguration$
instanceKlass amf/core/client/scala/config/UnitCache
instanceKlass org/mulesoft/amfintegration/amfconfiguration/EmptyProjectConfigurationState
instanceKlass org/mulesoft/amfintegration/amfconfiguration/ProjectConfigurationState
instanceKlass org/mulesoft/als/server/modules/workspace/ProjectConfigurationAdapter
instanceKlass org/mulesoft/als/server/workspace/IgnoreProjectConfigurationAdapter$
instanceKlass org/mulesoft/als/server/modules/workspace/WorkspaceContentManager$
instanceKlass org/mulesoft/als/server/workspace/WorkspaceList
instanceKlass org/mulesoft/als/server/workspace/WorkspaceManager
instanceKlass org/mulesoft/als/server/AlsWorkspaceService
instanceKlass org/mulesoft/lsp/workspace/WorkspaceService
instanceKlass org/mulesoft/als/server/modules/ast/TextListener
instanceKlass org/mulesoft/als/server/modules/workspace/DefaultProjectConfigurationProvider
instanceKlass org/mulesoft/als/server/workspace/WorkspaceManager$
instanceKlass org/mulesoft/als/server/modules/workspace/resolution/ResolutionRepository
instanceKlass org/mulesoft/als/server/modules/workspace/ResolverStagingArea
instanceKlass org/mulesoft/amfintegration/UnitWithNextReference
instanceKlass org/mulesoft/als/server/modules/workspace/Repository
instanceKlass org/mulesoft/als/server/modules/workspace/StagingArea
instanceKlass org/mulesoft/als/server/modules/workspace/TaskManagerState
instanceKlass org/mulesoft/als/server/modules/workspace/resolution/ResolutionTaskManager
instanceKlass org/mulesoft/als/server/workspace/UnitsManager
instanceKlass org/mulesoft/als/server/workspace/UnitTaskManager
instanceKlass org/mulesoft/als/common/SyncFunction
instanceKlass org/mulesoft/als/server/modules/workspace/resolution/ResolutionTaskManager$
instanceKlass org/mulesoft/als/server/workspace/UnitWorkspaceManager
instanceKlass org/mulesoft/als/server/modules/configuration/WorkspaceConfigurationProvider
instanceKlass org/mulesoft/als/server/workspace/UnitAccessor
instanceKlass org/mulesoft/als/server/modules/WorkspaceManagerFactory
instanceKlass org/mulesoft/als/server/feature/workspace/FilesInProjectConfigType$
instanceKlass org/mulesoft/als/server/modules/workspace/FilesInProjectManager
instanceKlass org/mulesoft/als/server/feature/serialization/SerializationConfigType$
instanceKlass org/mulesoft/als/server/modules/serialization/BaseSerializationNotifier
instanceKlass org/mulesoft/als/server/modules/CleanAmfProcess
instanceKlass org/mulesoft/als/server/feature/diagnostic/CustomValidationConfigType$
instanceKlass org/mulesoft/als/server/modules/diagnostic/CustomDiagnosticKind$
instanceKlass amf/core/internal/parser/domain/Fields$IntFieldImpl
instanceKlass amf/core/client/scala/model/IntField
instanceKlass org/mulesoft/als/server/modules/diagnostic/custom/CustomValidationManager
instanceKlass org/mulesoft/als/server/modules/diagnostic/ResolutionDiagnosticKind$
instanceKlass scala/math/Ordering$$anon$1
instanceKlass org/mulesoft/als/server/modules/common/reconciler/Runnable
instanceKlass scala/math/Ordering$String$
instanceKlass scala/math/Ordering$StringOrdering
instanceKlass org/mulesoft/als/server/modules/diagnostic/ResolutionDiagnosticManager
instanceKlass org/mulesoft/als/server/modules/ast/ResolvedUnitListener
instanceKlass org/mulesoft/als/server/modules/diagnostic/ProjectDiagnosticKind$
instanceKlass org/mulesoft/als/server/modules/diagnostic/ProjectDiagnosticManager
instanceKlass org/mulesoft/als/server/modules/diagnostic/ParserDiagnosticKind$
instanceKlass org/mulesoft/lsp/feature/diagnostic/DiagnosticConfigType$
instanceKlass org/mulesoft/als/server/modules/diagnostic/DiagnosticManagerKind
instanceKlass org/mulesoft/lsp/feature/diagnostic/PublishDiagnosticsParams
instanceKlass org/mulesoft/als/server/modules/diagnostic/ParseDiagnosticManager
instanceKlass org/mulesoft/als/server/modules/diagnostic/DiagnosticManager
instanceKlass org/mulesoft/als/server/modules/diagnostic/BasicDiagnosticManager
instanceKlass org/mulesoft/als/server/modules/ast/BaseUnitListener
instanceKlass org/mulesoft/als/server/modules/ast/AccessUnits
instanceKlass org/mulesoft/als/server/modules/diagnostic/ValidationGatherer
instanceKlass scala/collection/mutable/GrowingBuilder
instanceKlass scala/runtime/AbstractFunction3
instanceKlass scala/Function3
instanceKlass org/mulesoft/als/configuration/AlsConfiguration
instanceKlass org/mulesoft/als/server/feature/configuration/UpdateConfigurationConfigType$
instanceKlass org/mulesoft/als/configuration/AlsConfigurationReader
instanceKlass org/mulesoft/als/server/modules/configuration/ConfigurationManager
instanceKlass org/mulesoft/als/common/PlatformDirectoryResolver
instanceKlass org/mulesoft/lsp/feature/telemetry/TelemetryConfigType$
instanceKlass org/mulesoft/als/server/modules/telemetry/TelemetryManager
instanceKlass org/mulesoft/als/server/ClientNotifierModule
instanceKlass org/mulesoft/als/server/modules/WorkspaceManagerFactoryBuilder
instanceKlass amf/core/internal/metamodel/domain/common/DescribedElementModel$
instanceKlass amf/core/internal/metamodel/domain/common/NameFieldSchema$
instanceKlass org/mulesoft/amfintegration/AmfImplicits$AmfObjectImp
instanceKlass org/mulesoft/amfintegration/AmfImplicits$
instanceKlass org/mulesoft/amfintegration/vocabularies/integration/TermsDescription
instanceKlass org/mulesoft/amfintegration/vocabularies/integration/AlsVocabularyRegistry
instanceKlass org/mulesoft/amfintegration/vocabularies/integration/VocabularyProvider
instanceKlass org/mulesoft/amfintegration/AMLRegistry
instanceKlass org/mulesoft/amfintegration/vocabularies/propertyterms/patched/raml/raml10/Raml10BaseUriKeyTerm$
instanceKlass org/mulesoft/amfintegration/vocabularies/propertyterms/patched/raml/raml10/Raml10UsesKeyTerm$
instanceKlass org/mulesoft/amfintegration/vocabularies/propertyterms/patched/raml/raml10/Raml10PatchedKeyTerm
instanceKlass org/mulesoft/amfintegration/vocabularies/propertyterms/patched/raml/raml08/Raml08BaseUriServerKeyTerm$
instanceKlass org/mulesoft/amfintegration/vocabularies/propertyterms/patched/raml/raml08/Raml08BaseUriTopLevelKeyTerm$
instanceKlass org/mulesoft/amfintegration/vocabularies/propertyterms/patched/raml/RamlBaseUriKeyTerm
instanceKlass org/mulesoft/amfintegration/vocabularies/propertyterms/patched/raml/raml08/Raml08BaseUriParametersServerKeyTerm$
instanceKlass org/mulesoft/amfintegration/vocabularies/propertyterms/patched/raml/raml08/Raml08BaseUriParametersTopLevelKeyTerm$
instanceKlass org/mulesoft/amfintegration/vocabularies/propertyterms/patched/raml/RamlBaseUriParameterKeyTerm
instanceKlass org/mulesoft/amfintegration/vocabularies/propertyterms/patched/raml/raml08/Raml08SecuredByKeyTerm$
instanceKlass org/mulesoft/amfintegration/vocabularies/propertyterms/patched/raml/raml08/Raml08PatchedKeyTerm
instanceKlass org/mulesoft/amfintegration/vocabularies/propertyterms/patched/oaslike/asyncapi2/AsyncApi20InfoKeyTerm$
instanceKlass org/mulesoft/amfintegration/vocabularies/propertyterms/patched/oaslike/asyncapi2/AsynclikeInfoKeyTerm
instanceKlass org/mulesoft/amfintegration/vocabularies/propertyterms/patched/oaslike/asyncapi2/AsyncApi20IdKeyTerm$
instanceKlass org/mulesoft/amfintegration/vocabularies/propertyterms/patched/oaslike/asyncapi2/AsyncApi20ComponentsKeyTerm$
instanceKlass org/mulesoft/amfintegration/vocabularies/propertyterms/patched/oaslike/asyncapi2/AsyncApi20PatchedKeyTerm
instanceKlass org/mulesoft/amfintegration/vocabularies/propertyterms/patched/oaslike/asyncapi2/AsynclikeComponentsKeyTerm
instanceKlass org/mulesoft/amfintegration/vocabularies/propertyterms/patched/AsyncApiPatchedTopLevelKeyTerm
instanceKlass org/mulesoft/amfintegration/vocabularies/propertyterms/patched/oaslike/oas3/Oas3PathsKeyTerm$
instanceKlass org/mulesoft/amfintegration/vocabularies/propertyterms/patched/oaslike/oas3/Oas3ComponentsKeyTerm$
instanceKlass org/mulesoft/amfintegration/vocabularies/propertyterms/patched/oaslike/OaslikeComponentsKeyTerm
instanceKlass org/mulesoft/amfintegration/vocabularies/propertyterms/patched/oaslike/oas3/Oas3InfoKeyTerm$
instanceKlass org/mulesoft/amfintegration/vocabularies/propertyterms/patched/oaslike/oas3/Oas3PatchedKeyTerm
instanceKlass org/mulesoft/amfintegration/vocabularies/propertyterms/patched/oaslike/oas2/Oas2HostKeyTerm$
instanceKlass org/mulesoft/amfintegration/vocabularies/propertyterms/patched/oaslike/oas2/Oas2BasePathKeyTerm$
instanceKlass org/mulesoft/amfintegration/vocabularies/propertyterms/patched/oaslike/oas2/Oas2PathsKeyTerm$
instanceKlass org/mulesoft/amfintegration/vocabularies/propertyterms/patched/oaslike/OaslikePathsKeyTerm
instanceKlass amf/apicontract/internal/metamodel/domain/bindings/PulsarServerBindingModel$
instanceKlass amf/apicontract/internal/metamodel/domain/bindings/SolaceServerBindingModel$
instanceKlass amf/apicontract/internal/metamodel/domain/bindings/SolaceServerBindingModel
instanceKlass amf/apicontract/internal/metamodel/domain/bindings/IBMMQServerBindingModel$
instanceKlass amf/apicontract/internal/metamodel/domain/bindings/SolaceOperationDestination040Model$
instanceKlass amf/apicontract/internal/metamodel/domain/bindings/SolaceOperationBinding040Model$
instanceKlass amf/apicontract/internal/metamodel/domain/bindings/SolaceOperationQueue030Model$
instanceKlass amf/apicontract/internal/metamodel/domain/bindings/SolaceOperationDestination030Model$
instanceKlass amf/apicontract/internal/metamodel/domain/bindings/SolaceOperationBinding030Model$
instanceKlass amf/apicontract/internal/metamodel/domain/bindings/SolaceOperationTopicModel$
instanceKlass amf/apicontract/internal/metamodel/domain/bindings/SolaceOperationDestination020Model$
instanceKlass amf/apicontract/internal/metamodel/domain/bindings/SolaceOperationBinding020Model$
instanceKlass amf/apicontract/internal/metamodel/domain/bindings/SolaceOperationBindingModel$
instanceKlass amf/apicontract/internal/metamodel/domain/bindings/SolaceOperationQueue010Model$
instanceKlass amf/apicontract/internal/metamodel/domain/bindings/SolaceOperationDestination010Model$
instanceKlass amf/apicontract/internal/metamodel/domain/bindings/SolaceOperationQueueModel$
instanceKlass amf/apicontract/internal/metamodel/domain/bindings/SolaceOperationQueueModel
instanceKlass amf/apicontract/internal/metamodel/domain/bindings/SolaceOperationDestinationModel$
instanceKlass amf/apicontract/internal/metamodel/domain/bindings/SolaceOperationDestinationModel
instanceKlass amf/apicontract/internal/metamodel/domain/bindings/SolaceOperationBinding010Model$
instanceKlass amf/apicontract/internal/metamodel/domain/bindings/SolaceOperationBindingModel
instanceKlass amf/apicontract/internal/metamodel/domain/bindings/AnypointMQMessageBindingModel$
instanceKlass amf/apicontract/internal/metamodel/domain/bindings/GooglePubSubSchemaDefinition020Model$
instanceKlass amf/apicontract/internal/metamodel/domain/bindings/GooglePubSubMessageBinding020Model$
instanceKlass amf/apicontract/internal/metamodel/domain/bindings/GooglePubSubMessageBindingModel$
instanceKlass amf/core/client/scala/model/DataType$
instanceKlass amf/apicontract/internal/metamodel/domain/bindings/GooglePubSubSchemaDefinition010Model$
instanceKlass amf/apicontract/internal/metamodel/domain/bindings/GooglePubSubSchemaDefinitionModel$
instanceKlass amf/apicontract/internal/metamodel/domain/bindings/GooglePubSubSchemaDefinitionModel
instanceKlass amf/apicontract/internal/metamodel/domain/bindings/GooglePubSubMessageBinding010Model$
instanceKlass amf/apicontract/internal/metamodel/domain/bindings/GooglePubSubMessageBindingModel
instanceKlass amf/apicontract/internal/metamodel/domain/bindings/IBMMQMessageBindingModel$
instanceKlass amf/apicontract/internal/metamodel/domain/bindings/PulsarChannelRetentionModel$
instanceKlass amf/apicontract/internal/metamodel/domain/bindings/PulsarChannelBindingModel$
instanceKlass amf/apicontract/internal/metamodel/domain/bindings/AnypointMQChannelBindingModel$
instanceKlass amf/apicontract/internal/metamodel/domain/bindings/GooglePubSubChannelBinding020Model$
instanceKlass scala/runtime/java8/JFunction1$mcDJ$sp
instanceKlass amf/apicontract/internal/metamodel/domain/bindings/GooglePubSubChannelBindingModel$
instanceKlass amf/apicontract/internal/metamodel/domain/bindings/GooglePubSubSchemaSettingsModel$
instanceKlass amf/apicontract/internal/metamodel/domain/bindings/GooglePubSubMessageStoragePolicyModel$
instanceKlass amf/apicontract/internal/metamodel/domain/bindings/GooglePubSubChannelBinding010Model$
instanceKlass amf/apicontract/internal/metamodel/domain/bindings/GooglePubSubChannelBindingModel
instanceKlass amf/apicontract/internal/metamodel/domain/bindings/IBMMQChannelTopicModel$
instanceKlass amf/apicontract/internal/metamodel/domain/bindings/IBMMQChannelQueueModel$
instanceKlass amf/apicontract/internal/metamodel/domain/bindings/IBMMQChannelBindingModel$
instanceKlass org/mulesoft/amfintegration/dialect/dialects/asyncapi26/bindings/PulsarServerBindingObject$
instanceKlass org/mulesoft/amfintegration/dialect/dialects/asyncapi26/bindings/SolaceServerBindingObject$
instanceKlass org/mulesoft/amfintegration/dialect/dialects/asyncapi26/bindings/IBMMQServerBindingObject$
instanceKlass org/mulesoft/amfintegration/dialect/dialects/asyncapi26/bindings/SolaceOperationTopicObject$
instanceKlass org/mulesoft/amfintegration/dialect/dialects/asyncapi26/bindings/SolaceOperationQueue10Object$
instanceKlass amf/core/internal/annotations/SynthesizedField
instanceKlass org/mulesoft/amfintegration/dialect/dialects/asyncapi26/bindings/SolaceOperationQueue30Object$
instanceKlass org/mulesoft/amfintegration/dialect/dialects/asyncapi26/bindings/BaseSolaceOperationQueueObject
instanceKlass org/mulesoft/amfintegration/dialect/dialects/asyncapi26/bindings/SolaceOperationDestination40Object$
instanceKlass org/mulesoft/amfintegration/dialect/dialects/asyncapi26/bindings/SolaceOperationDestination30Object$
instanceKlass org/mulesoft/amfintegration/dialect/dialects/asyncapi26/bindings/SolaceOperationDestination20Object$
instanceKlass org/mulesoft/amfintegration/dialect/dialects/asyncapi26/bindings/SolaceOperationDestination10Object$
instanceKlass org/mulesoft/amfintegration/dialect/dialects/asyncapi26/bindings/BaseSolaceOperationDestinationObject
instanceKlass amf/core/internal/parser/domain/SearchScope$Fragments$
instanceKlass org/mulesoft/amfintegration/dialect/dialects/asyncapi26/bindings/SolaceOperationBinding40Object$
instanceKlass amf/core/internal/parser/domain/SearchScope$Named$
instanceKlass org/mulesoft/amfintegration/dialect/dialects/asyncapi26/bindings/SolaceOperationBinding30Object$
instanceKlass org/mulesoft/amfintegration/dialect/dialects/asyncapi26/bindings/SolaceOperationBinding20Object$
instanceKlass org/mulesoft/amfintegration/dialect/dialects/asyncapi26/bindings/SolaceOperationBinding10Object$
instanceKlass org/mulesoft/amfintegration/dialect/dialects/asyncapi26/bindings/BaseSolaceOperationBindingObject
instanceKlass org/mulesoft/amfintegration/dialect/dialects/asyncapi26/bindings/AnypointMQMessageBindingObject$
instanceKlass org/mulesoft/amfintegration/dialect/dialects/asyncapi26/bindings/GooglePubSubSchemaDefinition20Object$
instanceKlass org/mulesoft/amfintegration/dialect/dialects/asyncapi26/bindings/GooglePubSubSchemaDefinition10Object$
instanceKlass org/mulesoft/amfintegration/dialect/dialects/asyncapi26/bindings/BaseGooglePubSubSchemaDefinitionObject
instanceKlass org/mulesoft/amfintegration/dialect/dialects/asyncapi26/bindings/GooglePubSubMessageBinding20Object$
instanceKlass org/mulesoft/amfintegration/dialect/dialects/asyncapi26/bindings/IBMMQMessageBindingObject$
instanceKlass org/mulesoft/amfintegration/dialect/dialects/asyncapi26/bindings/PulsarChannelRetentionObject$
instanceKlass org/yaml/convert/YRead$YSeqYRead$
instanceKlass org/mulesoft/amfintegration/dialect/dialects/asyncapi26/bindings/PulsarChannelBindingObject$
instanceKlass org/mulesoft/amfintegration/dialect/dialects/asyncapi26/bindings/AnypointMQChannelBindingObject$
instanceKlass org/mulesoft/amfintegration/dialect/dialects/asyncapi26/bindings/GooglePubSubSchemaSettingsObject$
instanceKlass org/mulesoft/amfintegration/dialect/dialects/asyncapi26/bindings/GooglePubSubMessageStoragePolicyObject$
instanceKlass org/mulesoft/amfintegration/dialect/dialects/asyncapi26/bindings/GooglePubSubChannelBinding20Object$
instanceKlass org/mulesoft/amfintegration/dialect/dialects/asyncapi26/bindings/GooglePubSubChannelBinding10Object$
instanceKlass org/mulesoft/amfintegration/dialect/dialects/asyncapi26/bindings/BaseGooglePubSubChannelBindingObject
instanceKlass org/mulesoft/amfintegration/dialect/dialects/asyncapi26/bindings/IBMMQChannelTopicObject$
instanceKlass org/mulesoft/amfintegration/dialect/dialects/asyncapi26/bindings/IBMMQChannelQueueObject$
instanceKlass org/mulesoft/amfintegration/dialect/dialects/asyncapi26/bindings/IBMMQChannelBindingObject$
instanceKlass org/mulesoft/amfintegration/dialect/dialects/asyncapi26/AsyncApi26ServerObject$
instanceKlass org/mulesoft/amfintegration/dialect/dialects/asyncapi26/bindings/OperationBinding26ObjectNode$
instanceKlass org/mulesoft/amfintegration/dialect/dialects/asyncapi26/bindings/MessageBinding26ObjectNode$
instanceKlass amf/core/internal/parser/domain/DeclarationPromise
instanceKlass org/mulesoft/amfintegration/dialect/dialects/asyncapi26/bindings/ServerBinding26ObjectNode$
instanceKlass org/mulesoft/amfintegration/dialect/dialects/asyncapi26/bindings/ChannelBinding26ObjectNode$
instanceKlass org/mulesoft/amfintegration/dialect/dialects/asyncapi26/bindings/BindingObjectNode26
instanceKlass org/mulesoft/amfintegration/dialect/dialects/asyncapi26/MessageTraits26ObjectNode$
instanceKlass org/mulesoft/amfintegration/dialect/dialects/asyncapi26/ResponseMessage26ObjectNode$
instanceKlass org/mulesoft/amfintegration/dialect/dialects/asyncapi26/Message26ObjectNode$
instanceKlass org/mulesoft/amfintegration/dialect/dialects/asyncapi26/Operation26Object$
instanceKlass org/mulesoft/amfintegration/dialect/dialects/asyncapi26/Channel26Object$
instanceKlass org/mulesoft/amfintegration/dialect/dialects/asyncapi26/AsyncApi26SecuritySchemeObject$
instanceKlass scala/collection/TraversableLike$WithFilter
instanceKlass org/mulesoft/amfintegration/dialect/dialects/asyncapi26/AsyncApi26SecuritySettingsObject$
instanceKlass org/mulesoft/amfintegration/dialect/dialects/asyncapi26/Async21Types
instanceKlass org/mulesoft/amfintegration/dialect/dialects/asyncapi26/AsyncApi26ApiNode$
instanceKlass org/mulesoft/amfintegration/dialect/dialects/asyncapi26/AsyncApi26Dialect$
instanceKlass org/mulesoft/common/collections/package$Group
instanceKlass org/mulesoft/common/collections/package$
instanceKlass org/mulesoft/amfintegration/dialect/dialects/asyncapi20/AsyncApiVariableObject$
instanceKlass amf/core/internal/annotations/VirtualElement
instanceKlass amf/core/internal/annotations/VirtualNode
instanceKlass amf/apicontract/internal/metamodel/domain/bindings/KafkaTopicConfigurationModel$
instanceKlass amf/apicontract/internal/metamodel/domain/bindings/KafkaTopicConfiguration050Model$
instanceKlass amf/apicontract/internal/metamodel/domain/bindings/KafkaChannelBinding050Model$
instanceKlass amf/apicontract/internal/metamodel/domain/bindings/KafkaTopicConfiguration040Model$
instanceKlass amf/apicontract/internal/metamodel/domain/bindings/KafkaTopicConfigurationModel
instanceKlass amf/apicontract/internal/metamodel/domain/bindings/KafkaChannelBinding040Model$
instanceKlass amf/apicontract/internal/metamodel/domain/bindings/KafkaChannelBinding030Model$
instanceKlass amf/apicontract/internal/metamodel/domain/bindings/KafkaChannelBindingModel$
instanceKlass amf/apicontract/internal/metamodel/domain/bindings/KafkaChannelBindingModel
instanceKlass amf/aml/internal/parse/common/AnnotationsParser$AnnotationInfo
instanceKlass amf/aml/internal/parse/common/AnnotationsParser$BaseAndSeparator
instanceKlass amf/apicontract/internal/metamodel/domain/bindings/MqttOperationBinding020Model$
instanceKlass amf/apicontract/internal/metamodel/domain/bindings/MqttOperationBindingModel$
instanceKlass amf/aml/internal/parse/common/AnnotationsParser$
instanceKlass amf/apicontract/internal/metamodel/domain/bindings/MqttOperationBinding010Model$
instanceKlass amf/apicontract/internal/metamodel/domain/bindings/MqttOperationBindingModel
instanceKlass amf/apicontract/internal/metamodel/domain/bindings/HttpOperationBinding020Model$
instanceKlass amf/apicontract/internal/metamodel/domain/bindings/HttpOperationBindingModel$
instanceKlass amf/aml/internal/parse/dialects/property/like/ExternalLinksParser
instanceKlass amf/apicontract/internal/metamodel/domain/bindings/HttpOperationBinding010Model$
instanceKlass amf/apicontract/internal/metamodel/domain/bindings/HttpOperationBindingModel
instanceKlass amf/apicontract/internal/metamodel/domain/bindings/KafkaOperationBindingModel$
instanceKlass amf/aml/internal/parse/dialects/property/like/TypeDiscriminatorParser
instanceKlass amf/apicontract/internal/metamodel/domain/bindings/Amqp091OperationBinding030Model$
instanceKlass amf/aml/internal/parse/dialects/property/like/EnumParser
instanceKlass amf/apicontract/internal/metamodel/domain/bindings/Amqp091OperationBinding010Model$
instanceKlass amf/aml/internal/parse/dialects/property/like/RangeParser
instanceKlass amf/aml/client/scala/model/domain/DatatypePropertyTerm$
instanceKlass amf/apicontract/internal/metamodel/domain/bindings/Amqp091OperationBindingModel$
instanceKlass amf/apicontract/internal/metamodel/domain/bindings/Amqp091OperationBindingModel
instanceKlass amf/apicontract/internal/metamodel/domain/bindings/HttpMessageBinding030Model$
instanceKlass amf/core/internal/parser/domain/FragmentRef
instanceKlass amf/apicontract/internal/metamodel/domain/bindings/HttpMessageBindingModel$
instanceKlass amf/apicontract/internal/metamodel/domain/bindings/HttpMessageBinding020Model$
instanceKlass amf/apicontract/internal/metamodel/domain/bindings/HttpMessageBindingModel
instanceKlass org/mulesoft/common/core/package$Strings$
instanceKlass amf/apicontract/internal/metamodel/domain/bindings/MqttMessageBinding020Model$
instanceKlass amf/core/internal/utils/package$QName
instanceKlass amf/apicontract/internal/metamodel/domain/bindings/MqttMessageBinding010Model$
instanceKlass amf/apicontract/internal/metamodel/domain/bindings/MqttMessageBindingModel
instanceKlass amf/core/internal/utils/package$QName$
instanceKlass amf/apicontract/internal/metamodel/domain/bindings/KafkaMessageBinding030Model$
instanceKlass amf/core/internal/parser/domain/SearchScope$All$
instanceKlass amf/apicontract/internal/metamodel/domain/bindings/KafkaMessageBinding010Model$
instanceKlass amf/core/internal/parser/domain/ValueNode
instanceKlass amf/apicontract/internal/metamodel/domain/bindings/KafkaMessageBindingModel$
instanceKlass amf/apicontract/internal/metamodel/domain/bindings/KafkaMessageBindingModel
instanceKlass amf/aml/internal/parse/dialects/property/like/PropertyTermParser
instanceKlass amf/apicontract/internal/metamodel/domain/bindings/Amqp091MessageBindingModel$
instanceKlass amf/apicontract/internal/metamodel/domain/bindings/MqttServerBinding020Model$
instanceKlass amf/aml/internal/parse/dialects/property/like/MandatoryParser$ParsedEntry
instanceKlass amf/apicontract/internal/metamodel/domain/bindings/MqttServerBindingModel$
instanceKlass amf/aml/internal/parse/dialects/property/like/MandatoryParser
instanceKlass amf/apicontract/internal/metamodel/domain/bindings/MqttServerBinding010Model$
instanceKlass amf/apicontract/internal/metamodel/domain/bindings/MqttServerBindingModel
instanceKlass amf/apicontract/internal/metamodel/domain/bindings/KafkaServerBindingModel$
instanceKlass amf/apicontract/internal/metamodel/domain/bindings/MqttServerLastWillModel$
instanceKlass amf/apicontract/internal/metamodel/domain/bindings/WebSocketsChannelBindingModel$
instanceKlass amf/apicontract/internal/metamodel/domain/bindings/BindingQuery
instanceKlass amf/apicontract/internal/metamodel/domain/bindings/BindingHeaders
instanceKlass amf/apicontract/internal/metamodel/domain/bindings/Amqp091Queue020Model$
instanceKlass amf/aml/internal/parse/dialects/property/like/PropertyLikeMappingParser
instanceKlass amf/apicontract/internal/metamodel/domain/bindings/Amqp091ChannelExchange020Model$
instanceKlass amf/apicontract/internal/metamodel/domain/bindings/Amqp091ChannelBinding020Model$
instanceKlass amf/apicontract/internal/metamodel/domain/bindings/Amqp091Queue010Model$
instanceKlass amf/apicontract/internal/metamodel/domain/bindings/Amqp091ChannelExchange010Model$
instanceKlass amf/apicontract/internal/metamodel/domain/bindings/Amqp091ChannelBinding010Model$
instanceKlass amf/apicontract/internal/metamodel/domain/bindings/Amqp091QueueModel$
instanceKlass amf/apicontract/internal/metamodel/domain/bindings/Amqp091QueueModel
instanceKlass amf/aml/internal/parse/dialects/nodemapping/like/ConditionalParser$
instanceKlass amf/apicontract/internal/metamodel/domain/bindings/Amqp091ChannelExchangeModel$
instanceKlass amf/apicontract/internal/metamodel/domain/bindings/Amqp091ChannelExchangeModel
instanceKlass amf/apicontract/internal/metamodel/domain/bindings/Amqp091ChannelBindingModel$
instanceKlass amf/apicontract/internal/metamodel/domain/bindings/Amqp091ChannelBindingModel
instanceKlass amf/aml/internal/parse/dialects/nodemapping/like/NodeMappingLikeParserInterface
instanceKlass amf/aml/internal/parse/dialects/nodemapping/like/AnyMappingParser
instanceKlass amf/aml/internal/parse/dialects/nodemapping/like/DefaultFacetParsing
instanceKlass amf/aml/internal/parse/dialects/nodemapping/like/NodeMappingParser$
instanceKlass amf/aml/internal/parse/dialects/nodemapping/like/UnionNodeMappingParser$
instanceKlass org/mulesoft/amfintegration/dialect/dialects/jsonschema/base/BaseStringShapeNode$
instanceKlass amf/aml/internal/parse/dialects/nodemapping/like/NodeMappingLikeParser$
instanceKlass org/mulesoft/amfintegration/dialect/dialects/jsonschema/base/BaseNumberShapeNode$
instanceKlass amf/aml/client/scala/model/domain/AmlScalars$
instanceKlass org/mulesoft/amfintegration/dialect/dialects/jsonschema/base/BaseNodeShapeNode$
instanceKlass amf/aml/internal/parse/common/DeclarationKey
instanceKlass amf/aml/internal/parse/common/DeclarationKey$
instanceKlass scala/collection/immutable/Stream$cons$
instanceKlass org/mulesoft/amfintegration/dialect/dialects/jsonschema/base/BaseArrayShapeNode$
instanceKlass org/mulesoft/amfintegration/dialect/dialects/jsonschema/base/BaseAnyShapeNode$
instanceKlass amf/core/client/scala/model/document/RecursiveUnit
instanceKlass amf/core/client/scala/model/document/Fragment
instanceKlass amf/aml/client/scala/model/document/DialectFragment
instanceKlass scala/collection/mutable/LinkedEntry
instanceKlass org/mulesoft/amfintegration/dialect/dialects/jsonschema/draft7/Draft7RootNode$
instanceKlass org/mulesoft/amfintegration/dialect/dialects/jsonschema/draft7/Draft7RootNode
instanceKlass org/mulesoft/amfintegration/dialect/dialects/jsonschema/draft4/Draft4RootNode
instanceKlass org/mulesoft/amfintegration/dialect/dialects/jsonschema/base/BaseJsonSchemaDocumentNode
instanceKlass amf/aml/internal/parse/dialects/DialectRegister
instanceKlass amf/core/client/scala/parse/document/CallbackReferenceCollector
instanceKlass amf/core/client/scala/parse/document/CollectionSideEffect
instanceKlass org/mulesoft/amfintegration/dialect/dialects/asyncapi20/AsyncAPI20ScopeObject$
instanceKlass amf/aml/internal/parse/dialects/DialectsReferencesParser
instanceKlass org/mulesoft/amfintegration/dialect/dialects/asyncapi26/RequestMessage26ObjectNode$
instanceKlass org/mulesoft/amfintegration/dialect/dialects/dialects/package$
instanceKlass amf/apicontract/internal/metamodel/domain/security/HttpApiKeySettingsModel$
instanceKlass amf/apicontract/internal/metamodel/domain/api/AsyncApiModel$
instanceKlass amf/core/internal/parser/package$YScalarYRead$
instanceKlass org/mulesoft/amfintegration/dialect/dialects/asyncapi20/AsyncApi20ServerObject$
instanceKlass org/mulesoft/amfintegration/dialect/dialects/asyncapi20/AsyncApiServerObject
instanceKlass org/mulesoft/amfintegration/dialect/dialects/asyncapi20/AMLInfoObject$
instanceKlass amf/core/internal/annotations/SourceNode
instanceKlass org/mulesoft/amfintegration/dialect/dialects/asyncapi20/bindings/RoutingKeyAmqpChannel020Binding$
instanceKlass org/yaml/convert/ScalarYRead
instanceKlass org/mulesoft/amfintegration/dialect/dialects/asyncapi20/bindings/RoutingKeyAmqpChannel010Binding$
instanceKlass org/mulesoft/amfintegration/dialect/dialects/asyncapi20/bindings/RoutingKeyAmqpChannelBinding$
instanceKlass org/mulesoft/amfintegration/dialect/dialects/asyncapi20/bindings/BaseRoutingKeyAmqpChannelBinding
instanceKlass amf/core/internal/parser/domain/DefaultScalarNode
instanceKlass org/mulesoft/amfintegration/dialect/dialects/asyncapi20/bindings/KafkaTopicConfiguration050Object$
instanceKlass amf/core/internal/parser/domain/ScalarNode
instanceKlass amf/core/internal/parser/domain/TypedNode
instanceKlass amf/core/internal/parser/domain/ScalarNode$
instanceKlass org/mulesoft/amfintegration/dialect/dialects/asyncapi20/bindings/KafkaTopicConfiguration040Object$
instanceKlass org/mulesoft/amfintegration/dialect/dialects/asyncapi20/bindings/BaseKafkaTopicConfigurationObject
instanceKlass amf/aml/internal/parse/dialects/DialectEntryParser
instanceKlass org/mulesoft/amfintegration/dialect/dialects/asyncapi20/bindings/Kafka050ChannelBinding$
instanceKlass amf/aml/internal/parse/dialects/DialectAstOps$DialectScalarValueEntryParserOpts
instanceKlass org/mulesoft/amfintegration/dialect/dialects/asyncapi20/bindings/Kafka040ChannelBinding$
instanceKlass amf/core/internal/annotations/SourceLocation
instanceKlass org/mulesoft/amfintegration/dialect/dialects/asyncapi20/bindings/Kafka030ChannelBinding$
instanceKlass amf/core/internal/annotations/SourceLocation$
instanceKlass org/mulesoft/amfintegration/dialect/dialects/asyncapi20/bindings/KafkaChannelBinding$
instanceKlass org/mulesoft/amfintegration/dialect/dialects/asyncapi20/bindings/BaseKafkaChannelBinding
instanceKlass amf/core/internal/annotations/SourceYPart
instanceKlass amf/core/internal/annotations/SourceAST
instanceKlass org/mulesoft/amfintegration/dialect/dialects/asyncapi20/bindings/QueueAmqpChannel020Binding$
instanceKlass amf/core/internal/annotations/LexicalInformation
instanceKlass amf/core/client/scala/model/domain/PerpetualAnnotation
instanceKlass org/mulesoft/amfintegration/dialect/dialects/asyncapi20/bindings/QueueAmqpChannel010Binding$
instanceKlass org/mulesoft/common/client/lexical/PositionRange
instanceKlass org/mulesoft/amfintegration/dialect/dialects/asyncapi20/bindings/QueueAmqpChannelBinding$
instanceKlass org/mulesoft/amfintegration/dialect/dialects/asyncapi20/bindings/BaseQueueAmqpChannelBinding
instanceKlass org/mulesoft/common/client/lexical/PositionRange$
instanceKlass org/mulesoft/amfintegration/dialect/dialects/asyncapi20/bindings/MqttOperationBinding20ObjectNode$
instanceKlass org/mulesoft/amfintegration/dialect/dialects/asyncapi20/bindings/MqttOperationBinding10ObjectNode$
instanceKlass org/mulesoft/amfintegration/dialect/dialects/asyncapi20/bindings/BaseMqttOperationBindingObjectNode
instanceKlass amf/aml/internal/parse/dialects/DialectAstOps$
instanceKlass org/mulesoft/amfintegration/dialect/dialects/asyncapi20/bindings/HttpOperationBinding20ObjectNode$
instanceKlass org/mulesoft/amfintegration/dialect/dialects/asyncapi20/bindings/HttpOperationBinding10ObjectNode$
instanceKlass org/mulesoft/amfintegration/dialect/dialects/asyncapi20/bindings/BaseHttpOperationBindingObjectNode
instanceKlass amf/aml/internal/parse/dialects/DialectsParser
instanceKlass amf/aml/internal/parse/common/DeclarationKeyCollector
instanceKlass amf/core/internal/parser/domain/BaseSpecParser
instanceKlass org/mulesoft/amfintegration/dialect/dialects/asyncapi20/bindings/KafkaOperationBindingObjectNode$
instanceKlass amf/core/internal/parser/domain/DotQualifiedNameExtractor$
instanceKlass org/mulesoft/amfintegration/dialect/dialects/asyncapi20/bindings/Amqp091OperationBinding030ObjectNode$
instanceKlass amf/core/internal/annotations/ErrorDeclaration
instanceKlass amf/aml/client/scala/model/domain/AnnotationMapping
instanceKlass org/mulesoft/amfintegration/dialect/dialects/asyncapi20/bindings/Amqp091OperationBinding010ObjectNode$
instanceKlass amf/core/internal/parser/domain/QualifiedNameExtractor
instanceKlass org/mulesoft/amfintegration/dialect/dialects/asyncapi20/bindings/Amqp091OperationBindingObjectNode$
instanceKlass org/mulesoft/amfintegration/dialect/dialects/asyncapi20/bindings/AmqpOperationBindingObjectNode
instanceKlass amf/core/internal/parser/domain/SearchScope$Scope
instanceKlass org/mulesoft/amfintegration/dialect/dialects/asyncapi20/bindings/HttpMessageBinding30ObjectNode$
instanceKlass amf/core/internal/parser/domain/Declarations$ErrorDeclaration
instanceKlass amf/core/client/scala/model/domain/extensions/CustomDomainProperty
instanceKlass org/mulesoft/amfintegration/dialect/dialects/asyncapi20/bindings/HttpMessageBinding20ObjectNode$
instanceKlass org/mulesoft/amfintegration/dialect/dialects/asyncapi20/bindings/BaseHttpMessageBindingObjectNode
instanceKlass amf/aml/internal/parse/dialects/DialectDeclarations$
instanceKlass org/mulesoft/amfintegration/dialect/dialects/asyncapi20/bindings/MqttMessageBinding20ObjectNode$
instanceKlass scala/collection/immutable/TreeSet
instanceKlass org/mulesoft/amfintegration/dialect/dialects/asyncapi20/bindings/MqttMessageBinding10ObjectNode$
instanceKlass org/mulesoft/amfintegration/dialect/dialects/asyncapi20/bindings/BaseMqttMessageBindingObjectNode
instanceKlass org/mulesoft/amfintegration/dialect/dialects/asyncapi20/bindings/KafkaMessageBinding030ObjectNode$
instanceKlass amf/aml/internal/parse/dialects/DialectContext$
instanceKlass org/mulesoft/amfintegration/dialect/dialects/asyncapi20/bindings/KafkaMessageBinding010ObjectNode$
instanceKlass amf/core/internal/parser/domain/Declarations
instanceKlass org/mulesoft/amfintegration/dialect/dialects/asyncapi20/bindings/KafkaMessageBindingObjectNode$
instanceKlass org/mulesoft/amfintegration/dialect/dialects/asyncapi20/bindings/BaseKafkaMessageBindingObjectNode
instanceKlass amf/aml/client/scala/model/document/kind/package$DialectFragment$
instanceKlass org/mulesoft/amfintegration/dialect/dialects/asyncapi20/bindings/AmqpMessageBindingObjectNode$
instanceKlass amf/aml/client/scala/model/document/kind/package$DialectLibrary$
instanceKlass org/mulesoft/amfintegration/dialect/dialects/asyncapi20/bindings/MqttServerBinding20ObjectNode$
instanceKlass org/mulesoft/amfintegration/dialect/dialects/asyncapi20/bindings/MqttServerBinding10ObjectNode$
instanceKlass org/mulesoft/amfintegration/dialect/dialects/asyncapi20/bindings/BaseMqttServerBindingObjectNode
instanceKlass amf/core/client/scala/parse/document/ParsedReference
instanceKlass org/mulesoft/amfintegration/dialect/dialects/asyncapi20/bindings/KafkaServerBindingObject$
instanceKlass org/mulesoft/amfintegration/dialect/dialects/asyncapi20/bindings/LastWillMqttServerBindingObject$
instanceKlass org/mulesoft/amfintegration/dialect/dialects/asyncapi20/bindings/WsChannelBindingObject$
instanceKlass org/mulesoft/amfintegration/dialect/dialects/asyncapi20/bindings/AmqpChannel020BindingObject$
instanceKlass org/mulesoft/amfintegration/dialect/dialects/asyncapi20/bindings/AmqpChannel010BindingObject$
instanceKlass amf/apicontract/internal/metamodel/domain/bindings/BindingVersion$
instanceKlass amf/apicontract/internal/metamodel/domain/bindings/BindingVersion
instanceKlass scala/collection/mutable/LazyBuilder
instanceKlass org/mulesoft/amfintegration/dialect/dialects/asyncapi26/bindings/GooglePubSubMessageBinding10Object$
instanceKlass org/mulesoft/amfintegration/dialect/dialects/asyncapi26/bindings/BaseGooglePubSubMessageBindingObject
instanceKlass org/mulesoft/amfintegration/dialect/dialects/asyncapi20/bindings/AmqpChannelBindingObject$
instanceKlass org/mulesoft/amfintegration/dialect/dialects/asyncapi20/bindings/BaseAmqpChannelBindingObject
instanceKlass org/mulesoft/amfintegration/dialect/dialects/asyncapi20/bindings/BindingVersionPropertyMapping
instanceKlass amf/core/client/scala/parse/document/Reference
instanceKlass org/mulesoft/amfintegration/dialect/dialects/asyncapi20/bindings/MessageBindingsObjectNode$
instanceKlass amf/core/client/scala/config/FoundReferencesEvent
instanceKlass org/mulesoft/amfintegration/dialect/dialects/asyncapi20/bindings/ServerBindingsObjectNode$
instanceKlass org/mulesoft/amfintegration/dialect/dialects/asyncapi20/bindings/OperationBindingObjectNode$
instanceKlass org/mulesoft/amfintegration/dialect/dialects/asyncapi20/bindings/ChannelBindingObjectNode$
instanceKlass scala/collection/immutable/StreamView
instanceKlass scala/collection/immutable/StreamViewLike
instanceKlass org/mulesoft/amfintegration/dialect/dialects/asyncapi20/schema/StringShapeAsync2Node$
instanceKlass org/mulesoft/amfintegration/dialect/dialects/jsonschema/base/BaseStringShapeNode
instanceKlass org/mulesoft/amfintegration/dialect/dialects/asyncapi20/schema/NumberShapeAsync2Node$
instanceKlass org/mulesoft/amfintegration/dialect/dialects/jsonschema/base/BaseNumberShapeNode
instanceKlass org/mulesoft/amfintegration/dialect/dialects/asyncapi20/schema/NodeShapeAsync2Node$
instanceKlass org/mulesoft/amfintegration/dialect/dialects/jsonschema/base/BaseNodeShapeNode
instanceKlass org/mulesoft/amfintegration/dialect/dialects/asyncapi20/schema/ArrayShapeAsync2Node$
instanceKlass org/mulesoft/amfintegration/dialect/dialects/jsonschema/base/BaseArrayShapeNode
instanceKlass org/mulesoft/amfintegration/dialect/dialects/asyncapi20/schema/AnyShapeAsync2Node$
instanceKlass org/mulesoft/amfintegration/dialect/dialects/jsonschema/base/BaseAnyShapeNode
instanceKlass org/yaml/convert/YRead$YScalarYRead$
instanceKlass org/mulesoft/amfintegration/dialect/dialects/asyncapi20/schema/BaseShapeAsync2Node$
instanceKlass org/mulesoft/amfintegration/dialect/dialects/asyncapi20/schema/BaseShapeAsync2Node
instanceKlass org/mulesoft/amfintegration/dialect/dialects/jsonschema/base/BaseShapeNode
instanceKlass org/mulesoft/amfintegration/dialect/dialects/asyncapi20/bindings/OperationBindingsObjectNode$
instanceKlass org/yaml/model/YScalar$
instanceKlass org/mulesoft/amfintegration/dialect/dialects/asyncapi20/bindings/MessageBindingObjectNode$
instanceKlass org/yaml/model/YNode$
instanceKlass org/mulesoft/amfintegration/dialect/dialects/asyncapi20/bindings/NonPropsBindingPropertyNode$
instanceKlass amf/apicontract/internal/metamodel/domain/bindings/BindingType$
instanceKlass amf/aml/internal/parse/plugin/AMLDialectInstanceParsingPlugin
instanceKlass amf/aml/internal/AMLDialectInstancePlugin
instanceKlass org/mulesoft/amfintegration/dialect/dialects/asyncapi20/bindings/ServerBindingObjectNode$
instanceKlass org/mulesoft/amfintegration/dialect/dialects/asyncapi20/bindings/BindingObjectNode
instanceKlass org/mulesoft/amfintegration/dialect/dialects/asyncapi20/bindings/ChannelBindingsObjectNode$
instanceKlass org/mulesoft/amfintegration/dialect/dialects/asyncapi20/ParameterObjectNode$
instanceKlass org/mulesoft/amfintegration/dialect/dialects/asyncapi20/OperationTraitsObjectNode$
instanceKlass org/mulesoft/amfintegration/dialect/dialects/asyncapi20/MessageTraitsObjectNode$
instanceKlass amf/core/client/scala/parse/document/DefaultReferenceCollector
instanceKlass amf/core/client/scala/parse/document/ReferenceCollector
instanceKlass org/mulesoft/amfintegration/dialect/dialects/asyncapi20/RequestMessageObjectNode$
instanceKlass amf/core/client/scala/parse/document/CompilerReferenceCollector
instanceKlass org/mulesoft/amfintegration/dialect/dialects/asyncapi20/ResponseMessageObjectNode$
instanceKlass amf/core/client/scala/parse/document/CompilerReferenceCollector$
instanceKlass org/mulesoft/amfintegration/dialect/dialects/asyncapi20/CorrelationIdObjectNode$
instanceKlass amf/aml/internal/parse/common/SyntaxExtensionsReferenceHandler
instanceKlass org/mulesoft/amfintegration/dialect/dialects/asyncapi20/Async20MessageExampleNode$
instanceKlass amf/core/client/scala/config/SelectedParsePluginEvent
instanceKlass org/mulesoft/amfintegration/dialect/dialects/asyncapi20/MessageObjectNode$
instanceKlass amf/aml/client/scala/model/document/kind/package$Dialect$
instanceKlass amf/aml/client/scala/model/document/kind/package$DialectDocumentKind
instanceKlass org/mulesoft/amfintegration/dialect/dialects/asyncapi20/Operation20Object$
instanceKlass org/mulesoft/amfintegration/dialect/dialects/asyncapi20/OperationObject
instanceKlass org/mulesoft/amfintegration/dialect/dialects/asyncapi20/OperationAbstractObjectNode
instanceKlass org/mulesoft/amfintegration/dialect/dialects/asyncapi20/Channel20Object$
instanceKlass org/mulesoft/amfintegration/dialect/dialects/asyncapi20/ChannelObject
instanceKlass amf/aml/internal/parse/hints/YamlDirectiveComment$
instanceKlass org/mulesoft/amfintegration/dialect/dialects/asyncapi20/AsyncAPI20FlowObject$
instanceKlass amf/aml/internal/parse/hints/DialectGuess$
instanceKlass amf/aml/internal/parse/hints/Guess
instanceKlass org/mulesoft/amfintegration/dialect/dialects/asyncapi20/Oauth2FlowObject$
instanceKlass org/mulesoft/amfintegration/dialect/dialects/asyncapi26/Async21MessageExampleNode$
instanceKlass org/mulesoft/amfintegration/dialect/dialects/asyncapi20/AsyncMessageExampleNode
instanceKlass org/yaml/model/YError
instanceKlass org/mulesoft/amfintegration/dialect/dialects/asyncapi20/PayloadMessageObjectNode$
instanceKlass org/mulesoft/amfintegration/dialect/dialects/asyncapi26/Async21MessageMappings
instanceKlass org/mulesoft/amfintegration/dialect/dialects/asyncapi20/ConcreteMessageObjectNode
instanceKlass org/mulesoft/amfintegration/dialect/dialects/asyncapi20/MessageAbstractObjectNode
instanceKlass org/mulesoft/amfintegration/dialect/dialects/asyncapi20/AsyncAPI20penIdConnectUrl$
instanceKlass org/yaml/model/YError$
instanceKlass org/mulesoft/amfintegration/dialect/dialects/asyncapi20/AsyncAPI20Auth20SecurityObject$
instanceKlass org/yaml/convert/YRead$SeqNodeYRead$
instanceKlass org/mulesoft/amfintegration/dialect/dialects/asyncapi20/AsyncAPI20HttpSecurityObject$
instanceKlass org/mulesoft/amfintegration/dialect/dialects/asyncapi20/AsyncAPI20HttpApiKeySecurityObject$
instanceKlass org/yaml/convert/YRead$$anon$1
instanceKlass org/mulesoft/amfintegration/dialect/dialects/asyncapi20/AsyncAPI20ApiKeySecurityObject$
instanceKlass org/yaml/convert/YRead$YMapYRead$
instanceKlass org/mulesoft/amfintegration/dialect/dialects/asyncapi20/AsyncApi20SecuritySchemeObject$
instanceKlass org/mulesoft/amfintegration/dialect/dialects/asyncapi20/AsyncApiSecuritySchemeObject
instanceKlass org/yaml/convert/YRead$
instanceKlass org/mulesoft/amfintegration/dialect/dialects/asyncapi20/AsyncApi20SecuritySettingsObject$
instanceKlass org/mulesoft/amfintegration/dialect/dialects/asyncapi20/AsyncApiSecuritySettingsObject
instanceKlass org/mulesoft/amfintegration/dialect/dialects/asyncapi20/SecurityTypes
instanceKlass amf/core/internal/parser/package$YNodeLikeOps
instanceKlass org/mulesoft/amfintegration/dialect/dialects/asyncapi20/AsyncApi20ApiNode$
instanceKlass org/mulesoft/amfintegration/dialect/OasLikeContentTypes
instanceKlass amf/core/internal/plugins/document/graph/parser/EmbeddedGraphParser$
instanceKlass org/mulesoft/amfintegration/dialect/dialects/asyncapi20/AsyncApi20Dialect$
instanceKlass org/mulesoft/amfintegration/dialect/BaseDialect
instanceKlass amf/core/internal/plugins/document/graph/JsonLdKeywords$
instanceKlass amf/core/internal/parser/package$YMapOps
instanceKlass amf/core/internal/parser/package$
instanceKlass org/mulesoft/amfintegration/dialect/dialects/oas/nodes/AMLDiscriminatorObject$
instanceKlass amf/core/internal/plugins/document/graph/context/GraphContext
instanceKlass org/mulesoft/amfintegration/dialect/dialects/jsonschema/oas/oas3/JsonSchemas$
instanceKlass amf/core/internal/plugins/document/graph/parser/GraphParserContext$
instanceKlass amf/apicontract/internal/metamodel/domain/security/HttpSettingsModel$
instanceKlass amf/core/client/scala/errorhandling/IgnoringErrorHandler$
instanceKlass org/mulesoft/amfintegration/dialect/dialects/oas/nodes/Oas30HttpSecurityObject$
instanceKlass amf/core/internal/parser/LimitedParseConfig
instanceKlass amf/core/internal/plugins/document/graph/parser/GraphContextHelper
instanceKlass amf/core/internal/plugins/document/graph/context/GraphContextOperations
instanceKlass amf/core/internal/plugins/document/graph/parser/GraphParserHelpers
instanceKlass amf/shapes/internal/domain/metamodel/SchemaShapeModel$
instanceKlass amf/shapes/internal/domain/metamodel/SchemaShapeModel
instanceKlass amf/core/internal/parser/Root
instanceKlass amf/apicontract/internal/metamodel/domain/security/OpenIdConnectSettingsModel$
instanceKlass amf/core/client/scala/config/ParsedSyntaxEvent
instanceKlass org/mulesoft/amfintegration/dialect/dialects/oas/nodes/Oas30OpenIdConnectUrl$
instanceKlass org/mulesoft/amfintegration/dialect/dialects/oas/nodes/Oas30SchemaObject$
instanceKlass org/mulesoft/amfintegration/dialect/dialects/oas/nodes/AMLCallbackObject$
instanceKlass scala/collection/mutable/WrappedArrayBuilder
instanceKlass org/mulesoft/amfintegration/dialect/dialects/oas/nodes/Oas30ParamObject$
instanceKlass org/mulesoft/amfintegration/dialect/dialects/oas/nodes/Oas30SecuritySettingsObject$
instanceKlass org/mulesoft/amfintegration/dialect/dialects/oas/nodes/Oas30FlowObject$
instanceKlass org/mulesoft/amfintegration/dialect/dialects/oas/nodes/Oas30OAuth20SecurityObject$
instanceKlass org/mulesoft/amfintegration/dialect/dialects/oas/nodes/Oas30ResponseObject$
instanceKlass amf/apicontract/internal/metamodel/document/ComponentModuleModel$
instanceKlass org/mulesoft/amfintegration/dialect/dialects/oas/nodes/Oas30ComponentNode$
instanceKlass org/mulesoft/amfintegration/dialect/dialects/oas/nodes/Oas30WebApiNode$
instanceKlass org/mulesoft/amfintegration/dialect/dialects/oas/nodes/Oas30AMLHeaderObject$
instanceKlass org/mulesoft/amfintegration/dialect/dialects/oas/nodes/AMLOas30BaseParamProps
instanceKlass org/mulesoft/amfintegration/dialect/dialects/oas/nodes/AMLEncodingObject$
instanceKlass org/mulesoft/amfintegration/dialect/dialects/oas/nodes/Oas30ExampleObject$
instanceKlass org/mulesoft/amfintegration/dialect/dialects/oas/nodes/AMLContentObject$
instanceKlass org/mulesoft/amfintegration/dialect/dialects/oas/nodes/Oas30ExampleProperty
instanceKlass org/mulesoft/amfintegration/dialect/dialects/oas/nodes/AMLRequestBodyObject$
instanceKlass org/mulesoft/amfintegration/dialect/dialects/oas/nodes/Oas30SecuritySchemeObject$
instanceKlass org/mulesoft/amfintegration/dialect/dialects/oas/nodes/Oas30ApiKeySecurityObject$
instanceKlass org/mulesoft/amfintegration/dialect/dialects/oas/nodes/Oas30ApiKeySecuritySchemeObject$
instanceKlass org/mulesoft/amfintegration/dialect/dialects/oas/nodes/AMLIriTemplateMappingObject$
instanceKlass org/mulesoft/amfintegration/dialect/dialects/oas/nodes/AMLLinkObject$
instanceKlass org/mulesoft/amfintegration/dialect/dialects/oas/nodes/Oas30OperationObject$
instanceKlass org/mulesoft/amfintegration/dialect/dialects/oas/nodes/Oas30VariableObject$
instanceKlass org/mulesoft/amfintegration/dialect/dialects/oas/nodes/Oas30ServerObject$
instanceKlass org/mulesoft/amfintegration/dialect/dialects/jsonschema/oas/oas2/JsonSchemas$
instanceKlass org/mulesoft/amfintegration/dialect/dialects/jsonschema/JsonSchemaForOasWrapper
instanceKlass amf/apicontract/internal/metamodel/domain/security/ApiKeySettingsModel$
instanceKlass org/mulesoft/amfintegration/dialect/dialects/oas/nodes/Oas20ApiKeySecuritySchemeObject$
instanceKlass org/mulesoft/amfintegration/dialect/dialects/oas/nodes/ApiKeySecuritySchemeObject
instanceKlass org/mulesoft/amfintegration/dialect/dialects/oas/nodes/Oas2Oauth2FlowSchemeObject$
instanceKlass org/mulesoft/amfintegration/dialect/dialects/oas/nodes/Oas20ScopeObject$
instanceKlass org/mulesoft/amfintegration/dialect/dialects/oas/nodes/Oauth2SecuritySchemeObject$
instanceKlass org/mulesoft/amfintegration/dialect/dialects/oas/nodes/Oauth2Properties
instanceKlass org/mulesoft/amfintegration/dialect/dialects/oas/nodes/AMLExampleObject$
instanceKlass org/mulesoft/amfintegration/dialect/dialects/oas/nodes/Oas20AMLHeaderObject$
instanceKlass org/mulesoft/amfintegration/dialect/dialects/oas/nodes/AMLHeaderObjectDialect
instanceKlass org/mulesoft/amfintegration/dialect/dialects/oas/nodes/Oas20ResponseObject$
instanceKlass org/mulesoft/amfintegration/dialect/dialects/oas/nodes/AMLResponseObject
instanceKlass org/mulesoft/amfintegration/dialect/dialects/oas/nodes/Oas20SecuritySettingsNode$
instanceKlass org/mulesoft/amfintegration/dialect/dialects/oas/nodes/Oas20SecuritySchemeObject$
instanceKlass org/mulesoft/amfintegration/dialect/dialects/oas/nodes/Oas20SchemaObject$
instanceKlass org/mulesoft/amfintegration/dialect/dialects/oas/nodes/Oas20AMLOperationObject$
instanceKlass org/mulesoft/amfintegration/dialect/dialects/oas/nodes/AMLOperationObject
instanceKlass org/mulesoft/amfintegration/dialect/dialects/oas/nodes/Oas20BodyParameterObject$
instanceKlass org/mulesoft/amfintegration/dialect/dialects/oas/nodes/XmlObject$
instanceKlass org/mulesoft/amfintegration/dialect/dialects/oas/nodes/AMLSchemaBaseObject$
instanceKlass org/mulesoft/amfintegration/dialect/dialects/oas/nodes/Oas20ParamObject$
instanceKlass org/mulesoft/amfintegration/dialect/dialects/oas/nodes/AMLOasParamBaseObject
instanceKlass org/mulesoft/amfintegration/dialect/dialects/oas/nodes/AMLSchemaBaseObject
instanceKlass org/mulesoft/amfintegration/dialect/dialects/oas/nodes/AMLShapeBaseProperties
instanceKlass org/mulesoft/amfintegration/dialect/dialects/oas/nodes/AMLLicenseObject$
instanceKlass org/mulesoft/amfintegration/dialect/dialects/oas/nodes/AMLContactObject$
instanceKlass org/mulesoft/amfintegration/dialect/dialects/oas/nodes/AMLTagObject$
instanceKlass org/mulesoft/amfintegration/dialect/dialects/oas/nodes/AMLPathItemObject
instanceKlass org/mulesoft/amfintegration/dialect/dialects/oas/nodes/AMLExternalDocumentationObject$
instanceKlass org/mulesoft/amfintegration/dialect/dialects/oas/OasBaseDialect$
instanceKlass org/mulesoft/amfintegration/dialect/dialects/oas/nodes/AMLInfoObject$
instanceKlass org/mulesoft/amfintegration/dialect/dialects/oas/OAS30Dialect$
instanceKlass org/mulesoft/amfintegration/dialect/dialects/oas/nodes/Oas20WebApiNode$
instanceKlass org/mulesoft/amfintegration/dialect/dialects/oas/nodes/WebApiNode
instanceKlass org/yaml/model/YSequence$
instanceKlass org/mulesoft/amfintegration/dialect/dialects/oas/nodes/DialectNode
instanceKlass org/mulesoft/amfintegration/dialect/dialects/oas/OAS20Dialect$
instanceKlass org/mulesoft/amfintegration/dialect/dialects/oas/OasBaseDialect
instanceKlass org/mulesoft/amfintegration/dialect/dialects/raml/raml08/Raml08SecuritySchemesDialect$
instanceKlass org/mulesoft/amfintegration/dialect/dialects/raml/raml08/Raml08DialectNodes$
instanceKlass org/mulesoft/amfintegration/dialect/dialects/raml/raml08/Raml08TypesDialect$Raml08Dialect$
instanceKlass org/mulesoft/amfintegration/dialect/dialects/raml/raml08/Raml08TypesDialect$
instanceKlass amf/aml/client/scala/model/domain/PublicNodeMapping
instanceKlass amf/aml/client/scala/model/domain/PublicNodeMapping$
instanceKlass org/yaml/model/YMap$
instanceKlass amf/apicontract/internal/metamodel/domain/security/ScopeModel$
instanceKlass amf/apicontract/internal/metamodel/domain/security/OAuth2FlowModel$
instanceKlass org/yaml/model/SingleQuoteMark$
instanceKlass amf/apicontract/internal/metamodel/domain/security/OAuth2SettingsModel$
instanceKlass org/yaml/model/DoubleQuoteMark$
instanceKlass org/yaml/model/QuotedMark
instanceKlass org/yaml/model/ScalarMark$
instanceKlass amf/apicontract/internal/metamodel/domain/security/OAuth1SettingsModel$
instanceKlass scala/util/matching/Regex$
instanceKlass org/mulesoft/amfintegration/dialect/dialects/raml/raml10/Raml10SecuritySchemesDialect$
instanceKlass amf/core/internal/metamodel/Type$ArrayLike$
instanceKlass scala/PartialFunction$$anon$1
instanceKlass scala/PartialFunction$
instanceKlass amf/shapes/internal/domain/metamodel/NilShapeModel$
instanceKlass org/yaml/model/YMapEntry$
instanceKlass amf/shapes/internal/domain/metamodel/UnionShapeModel$
instanceKlass org/yaml/model/YTag$
instanceKlass org/yaml/model/YType
instanceKlass org/yaml/model/YType$
instanceKlass org/yaml/parser/ParserResult
instanceKlass scala/util/hashing/MurmurHash3$ArrayHashing
instanceKlass scala/util/hashing/Hashing
instanceKlass org/yaml/parser/ParserResult$
instanceKlass scala/util/hashing/MurmurHash3
instanceKlass amf/core/internal/annotations/ReferencedInfo
instanceKlass amf/core/internal/annotations/ReferencedInfo$
instanceKlass amf/core/internal/annotations/Aliases
instanceKlass amf/core/client/scala/model/domain/UriAnnotation
instanceKlass amf/core/client/scala/model/domain/SerializableAnnotation
instanceKlass amf/core/internal/parser/domain/Fields$StrFieldImpl
instanceKlass amf/core/internal/parser/domain/Fields$FieldRemover
instanceKlass amf/core/client/scala/model/StrField
instanceKlass amf/core/client/scala/model/ValueField
instanceKlass amf/core/client/scala/model/Annotable
instanceKlass scala/collection/immutable/HashSet$HashSetBuilder
instanceKlass amf/aml/internal/metamodel/document/ExternalContextModelFields$
instanceKlass amf/aml/client/scala/model/domain/External
instanceKlass amf/aml/client/scala/model/domain/External$
instanceKlass scala/util/matching/UnanchoredRegex
instanceKlass amf/aml/client/scala/model/domain/DocumentMapping
instanceKlass amf/aml/client/scala/model/domain/DocumentMapping$
instanceKlass scala/util/matching/Regex
instanceKlass amf/plugins/document/vocabularies/plugin/ReferenceStyles$
instanceKlass amf/aml/client/scala/model/domain/DocumentsModel
instanceKlass amf/aml/client/scala/model/domain/DocumentsModel$
instanceKlass org/yaml/parser/ScalarParser$
instanceKlass org/yaml/model/NoMark$
instanceKlass org/yaml/model/UnknownMark$
instanceKlass org/yaml/model/ScalarMark
instanceKlass amf/apicontract/internal/metamodel/domain/api/BaseApiModel$
instanceKlass amf/apicontract/internal/metamodel/domain/LicenseModel$
instanceKlass org/yaml/model/YPart$
instanceKlass amf/apicontract/internal/metamodel/domain/OrganizationModel$
instanceKlass org/mulesoft/lexer/AstToken
instanceKlass org/yaml/model/YComment$
instanceKlass org/yaml/parser/YamlLoader$YamlBuilder$
instanceKlass org/yaml/parser/YamlLoader$Stack
instanceKlass amf/apicontract/internal/metamodel/domain/api/WebApiModel$
instanceKlass amf/apicontract/internal/metamodel/domain/api/ApiModel
instanceKlass amf/apicontract/internal/metamodel/domain/common/VersionField
instanceKlass amf/apicontract/internal/metamodel/domain/templates/ResourceTypeModel$
instanceKlass amf/core/internal/metamodel/domain/templates/AbstractDeclarationModel$
instanceKlass amf/apicontract/internal/metamodel/domain/templates/TraitModel$
instanceKlass amf/core/internal/metamodel/domain/templates/AbstractDeclarationModel
instanceKlass amf/shapes/internal/domain/metamodel/FileShapeModel$
instanceKlass amf/shapes/client/scala/model/domain/SerializableShape
instanceKlass amf/shapes/client/scala/model/domain/CommonShapeFields
instanceKlass amf/shapes/internal/domain/metamodel/ScalarShapeModel$
instanceKlass amf/shapes/internal/domain/metamodel/CommonShapeFields
instanceKlass amf/shapes/internal/domain/metamodel/DataArrangementShape
instanceKlass amf/core/internal/utils/package$IdCounter
instanceKlass org/yaml/convert/YRead
instanceKlass amf/aml/client/scala/model/domain/NodeMapping$
instanceKlass amf/core/client/scala/vocabulary/Namespace$XsdTypes$
instanceKlass amf/apicontract/internal/metamodel/domain/federation/ParameterKeyMappingModel$
instanceKlass amf/apicontract/internal/metamodel/domain/federation/OperationFederationMetadataModel$
instanceKlass amf/apicontract/internal/metamodel/domain/bindings/OperationBindingModel$
instanceKlass amf/apicontract/internal/metamodel/domain/bindings/OperationBindingModel
instanceKlass amf/apicontract/internal/metamodel/domain/bindings/OperationBindingsModel$
instanceKlass amf/apicontract/internal/metamodel/domain/bindings/ChannelBindingModel$
instanceKlass amf/apicontract/internal/metamodel/domain/bindings/ChannelBindingModel
instanceKlass amf/apicontract/internal/metamodel/domain/bindings/ChannelBindingsModel$
instanceKlass scala/runtime/BooleanRef
instanceKlass amf/apicontract/internal/metamodel/domain/federation/EndpointFederationMetadataModel$
instanceKlass amf/apicontract/internal/metamodel/domain/EndPointModel$
instanceKlass amf/apicontract/internal/metamodel/domain/CallbackModel$
instanceKlass amf/apicontract/internal/metamodel/domain/bindings/ServerBindingModel$
instanceKlass amf/apicontract/internal/metamodel/domain/bindings/ServerBindingModel
instanceKlass amf/apicontract/internal/metamodel/domain/bindings/ServerBindingsModel$
instanceKlass amf/apicontract/internal/metamodel/domain/security/SettingsModel$
instanceKlass amf/apicontract/internal/metamodel/domain/security/SettingsModel
instanceKlass amf/apicontract/internal/metamodel/domain/security/SecuritySchemeModel$
instanceKlass amf/apicontract/internal/metamodel/domain/security/ParametrizedSecuritySchemeModel$
instanceKlass amf/apicontract/internal/metamodel/domain/security/SecurityRequirementModel$
instanceKlass amf/apicontract/internal/metamodel/domain/ServerModel$
instanceKlass amf/apicontract/internal/metamodel/domain/TemplatedLinkModel$
instanceKlass scala/runtime/java8/JFunction0$mcI$sp
instanceKlass amf/apicontract/internal/metamodel/domain/ResponseModel$
instanceKlass amf/apicontract/internal/metamodel/domain/MessageModel$
instanceKlass amf/shapes/internal/domain/metamodel/AnyShapeModel$
instanceKlass amf/shapes/client/scala/model/domain/federation/KeyMapping
instanceKlass amf/shapes/internal/domain/metamodel/federation/PropertyKeyMappingModel$
instanceKlass amf/shapes/internal/domain/metamodel/federation/KeyMappingModel
instanceKlass amf/shapes/internal/domain/metamodel/federation/ExternalPropertyShapeModel$
instanceKlass amf/shapes/internal/domain/metamodel/federation/KeyModel$
instanceKlass amf/shapes/internal/domain/metamodel/operations/ShapePayloadModel$
instanceKlass scala/runtime/java8/JFunction1$mcVI$sp
instanceKlass amf/shapes/internal/domain/metamodel/operations/ShapeResponseModel$
instanceKlass org/yaml/lexer/YamlCharRules$
instanceKlass amf/shapes/internal/domain/metamodel/operations/ShapeParameterModel$
instanceKlass org/mulesoft/lexer/TokenData
instanceKlass amf/shapes/internal/domain/metamodel/operations/ShapeRequestModel$
instanceKlass amf/shapes/internal/domain/metamodel/operations/ShapeOperationModel$
instanceKlass org/yaml/lexer/YamlToken$
instanceKlass amf/shapes/internal/domain/metamodel/SchemaDependenciesModel$
instanceKlass scala/Tuple4
instanceKlass scala/Product4
instanceKlass amf/shapes/internal/domain/metamodel/PropertyDependenciesModel$
instanceKlass amf/shapes/internal/domain/metamodel/DependenciesModel
instanceKlass amf/shapes/internal/domain/metamodel/DiscriminatorValueMappingModel$
instanceKlass amf/shapes/internal/domain/metamodel/IriTemplateMappingModel$
instanceKlass amf/shapes/internal/domain/metamodel/XMLSerializerModel$
instanceKlass amf/shapes/internal/domain/metamodel/ContextMappingModel$
instanceKlass amf/shapes/internal/domain/metamodel/CuriePrefixModel$
instanceKlass amf/shapes/internal/domain/metamodel/DefaultVocabularyModel$
instanceKlass amf/shapes/internal/domain/metamodel/BaseIRIModel$
instanceKlass amf/shapes/internal/domain/metamodel/WithIri
instanceKlass amf/shapes/internal/domain/metamodel/SemanticContextModel$
instanceKlass org/yaml/parser/YamlLoader$YamlBuilder
instanceKlass amf/core/client/scala/model/domain/Shape
instanceKlass amf/core/client/scala/model/domain/federation/HasShapeFederationMetadata
instanceKlass amf/core/client/scala/model/domain/federation/HasFederationMetadata
instanceKlass amf/core/internal/plugins/domain/shapes/models/ShapeHelper
instanceKlass amf/core/client/scala/model/domain/NamedDomainElement
instanceKlass amf/core/client/scala/model/domain/NamedAmfObject
instanceKlass amf/shapes/client/scala/model/domain/AvroShapeFields
instanceKlass amf/shapes/client/scala/model/domain/ExemplifiedDomainElement
instanceKlass amf/shapes/client/scala/model/domain/DocumentedElement
instanceKlass amf/shapes/client/scala/model/domain/InheritanceChain
instanceKlass amf/core/client/scala/model/domain/ExternalSourceElement
instanceKlass sun/net/util/SocketExceptions
instanceKlass amf/shapes/client/scala/model/domain/ShapeHelpers
instanceKlass org/mule/weave/lsp/agent/WeaveAgentService$$anon$4
instanceKlass org/mule/weave/v2/agent/client/WeaveAgentClient$$anon$1
instanceKlass org/mule/weave/v2/agent/api/event/AgentEvent
instanceKlass org/mule/weave/v2/agent/api/event/RemoteServerMessage
instanceKlass amf/shapes/internal/domain/metamodel/NodeShapeModel$
instanceKlass amf/shapes/internal/domain/metamodel/NodeShapeModel
instanceKlass amf/shapes/internal/domain/metamodel/AnyShapeModel
instanceKlass amf/shapes/internal/domain/metamodel/avro/AvroFields
instanceKlass amf/shapes/internal/domain/metamodel/WithSemanticContext
instanceKlass org/yaml/parser/YamlLoader
instanceKlass org/yaml/parser/DuplicateDetection
instanceKlass org/mule/weave/v2/agent/api/commands/AgentCommand
instanceKlass org/mule/weave/v2/agent/api/commands/ClientCommand
instanceKlass org/mule/weave/v2/agent/client/ServerMessageHandler
instanceKlass org/mulesoft/lexer/SingleDocumentLexerContext$
instanceKlass org/mule/weave/v2/agent/client/WeaveAgentClient
instanceKlass amf/apicontract/internal/metamodel/domain/bindings/MessageBindingModel$
instanceKlass amf/apicontract/internal/metamodel/domain/bindings/MessageBindingModel
instanceKlass amf/apicontract/internal/metamodel/domain/bindings/BindingType
instanceKlass org/mule/weave/v2/agent/client/tcp/TcpClientProtocol
instanceKlass org/mulesoft/common/client/lexical/SourceLocation
instanceKlass amf/apicontract/internal/metamodel/domain/bindings/MessageBindingsModel$
instanceKlass org/mule/weave/lsp/utils/IOUtils$
instanceKlass org/mule/weave/lsp/agent/WeaveAgentService$$anon$3
instanceKlass scala/collection/convert/WrapAsScala$
instanceKlass scala/collection/convert/WrapAsScala
instanceKlass scala/collection/convert/LowPriorityWrapAsScala
instanceKlass org/mulesoft/common/client/lexical/SourceLocation$
instanceKlass org/yaml/model/YObj
instanceKlass scala/Dynamic
instanceKlass amf/apicontract/internal/metamodel/domain/CorrelationIdModel$
instanceKlass org/yaml/parser/YamlParser
instanceKlass java/lang/ProcessImpl$2
instanceKlass org/mulesoft/lexer/StreamLexerContext$
instanceKlass amf/apicontract/internal/metamodel/domain/EncodingModel$
instanceKlass amf/apicontract/internal/metamodel/domain/PayloadModel$
instanceKlass java/lang/ProcessHandleImpl
instanceKlass amf/apicontract/internal/metamodel/domain/federation/ParameterFederationMetadataModel$
instanceKlass org/mulesoft/lexer/Queue
instanceKlass amf/apicontract/internal/metamodel/domain/ParameterModel$
instanceKlass scala/runtime/AbstractFunction0
instanceKlass scala/Function0$mcI$sp
instanceKlass amf/apicontract/internal/metamodel/domain/RequestModel$
instanceKlass amf/apicontract/internal/metamodel/domain/MessageModel
instanceKlass amf/apicontract/internal/metamodel/domain/ParametersFieldModel
instanceKlass amf/apicontract/internal/metamodel/domain/TagModel$
instanceKlass amf/shapes/internal/domain/metamodel/CreativeWorkModel$
instanceKlass amf/core/internal/metamodel/domain/ExternalSourceElementModel$
instanceKlass amf/shapes/internal/domain/metamodel/ExampleModel$
instanceKlass amf/shapes/internal/domain/metamodel/ExampleModel
instanceKlass amf/core/internal/metamodel/domain/ExternalSourceElementModel
instanceKlass org/yaml/lexer/YamlContext
instanceKlass amf/shapes/internal/domain/metamodel/operations/AbstractPayloadModel$
instanceKlass amf/shapes/internal/domain/metamodel/operations/AbstractPayloadModel
instanceKlass amf/shapes/internal/domain/metamodel/common/ExamplesField
instanceKlass org/mulesoft/lexer/LexerContext
instanceKlass amf/shapes/internal/domain/metamodel/operations/AbstractResponseModel$
instanceKlass amf/shapes/internal/domain/metamodel/operations/AbstractResponseModel
instanceKlass org/mulesoft/lexer/Token
instanceKlass amf/shapes/internal/domain/metamodel/operations/AbstractParameterModel$
instanceKlass amf/shapes/internal/domain/metamodel/operations/AbstractParameterModel
instanceKlass org/mulesoft/lexer/BaseLexer
instanceKlass org/mulesoft/lexer/Lexer
instanceKlass amf/shapes/internal/domain/metamodel/operations/AbstractRequestModel$
instanceKlass amf/shapes/internal/domain/metamodel/operations/AbstractRequestModel
instanceKlass org/mulesoft/common/client/lexical/Position
instanceKlass org/mulesoft/common/client/lexical/Position$
instanceKlass amf/apicontract/internal/metamodel/domain/OperationModel$
instanceKlass amf/apicontract/internal/metamodel/domain/AbstractModel
instanceKlass amf/apicontract/internal/metamodel/domain/TagsModel
instanceKlass amf/shapes/internal/domain/metamodel/common/DocumentationField
instanceKlass amf/shapes/internal/domain/metamodel/operations/AbstractOperationModel
instanceKlass amf/core/internal/metamodel/domain/templates/OptionalField
instanceKlass org/mulesoft/common/core/package$
instanceKlass org/mulesoft/common/core/package$Chars$
instanceKlass amf/aml/client/scala/model/domain/PropertyMapping$
instanceKlass org/mulesoft/lexer/CharSequenceLexerInput$InputState
instanceKlass amf/aml/client/scala/model/domain/PropertyMapping
instanceKlass amf/aml/client/scala/model/domain/WithDefaultFacet
instanceKlass amf/aml/client/scala/model/domain/PropertyLikeMapping
instanceKlass amf/aml/client/scala/model/domain/NodeWithDiscriminator
instanceKlass amf/aml/client/scala/model/domain/HasObjectRange
instanceKlass org/mulesoft/lexer/LexerInput$
instanceKlass org/mulesoft/amfintegration/dialect/dialects/raml/raml10/Raml10DialectNodes$
instanceKlass org/mulesoft/amfintegration/dialect/dialects/raml/RamlDialectNodes
instanceKlass org/mulesoft/lexer/LexerInput$Mark
instanceKlass amf/aml/client/scala/model/domain/AnyMapping
instanceKlass amf/aml/client/scala/model/domain/NodeMappable
instanceKlass amf/aml/client/scala/model/domain/MergeableMapping
instanceKlass org/mulesoft/lexer/CharSequenceLexerInput
instanceKlass amf/aml/client/scala/model/document/Dialect$
instanceKlass org/mulesoft/lexer/CharSequenceLexerInput$
instanceKlass org/mulesoft/amfintegration/dialect/dialects/raml/raml10/Raml10TypesDialect$Raml10Dialect$
instanceKlass org/mulesoft/amfintegration/dialect/dialects/raml/RamlDialect
instanceKlass org/mulesoft/lexer/LexerInput
instanceKlass org/mulesoft/amfintegration/dialect/dialects/raml/raml10/Raml10TypesDialect$
instanceKlass org/yaml/lexer/YamlLexer$
instanceKlass org/mulesoft/amfintegration/vocabularies/propertyterms/patched/oaslike/oas2/Oas2InfoKeyTerm$
instanceKlass org/mulesoft/amfintegration/vocabularies/propertyterms/patched/oaslike/oas2/Oas2PatchedKeyTerm
instanceKlass org/mulesoft/amfintegration/vocabularies/propertyterms/patched/oaslike/OaslikeInfoKeyTerm
instanceKlass org/mulesoft/amfintegration/vocabularies/propertyterms/patched/WebApiPatchedTopLevelKeyTerm
instanceKlass org/mulesoft/amfintegration/vocabularies/propertyterms/patched/PatchedKeyTerm
instanceKlass org/yaml/parser/YamlParser$
instanceKlass org/mulesoft/amfintegration/vocabularies/AlsPatchedVocabulary$
instanceKlass org/mulesoft/amfintegration/dialect/integration/BaseAlsDialectProvider$$anon$1
instanceKlass amf/core/internal/plugins/syntax/SYamlAMFParserErrorHandler
instanceKlass org/mulesoft/amfintegration/vocabularies/propertyterms/aml/ExtendsPropertyTerm$
instanceKlass amf/core/internal/plugins/syntax/SyamlAMFErrorHandler
instanceKlass amf/aml/client/scala/model/document/Dialect
instanceKlass amf/aml/client/scala/model/document/MappingDeclarer
instanceKlass amf/core/client/scala/model/document/EncodesModel
instanceKlass org/mulesoft/amfintegration/vocabularies/propertyterms/aml/ModulePropertyTerm$
instanceKlass org/mulesoft/amfintegration/vocabularies/propertyterms/aml/DocumentPropertyTerm$
instanceKlass org/mulesoft/amfintegration/vocabularies/AmlDocumentVocabulary$
instanceKlass amf/core/client/scala/config/StartingContentParsingEvent
instanceKlass amf/core/client/scala/validation/ReportConformance
instanceKlass org/mulesoft/amfintegration/vocabularies/propertyterms/core/LicensePropertyTerm$
instanceKlass org/mulesoft/amfintegration/vocabularies/propertyterms/core/ProviderPropertyTerm$
instanceKlass scala/runtime/AbstractPartialFunction
instanceKlass org/mulesoft/amfintegration/vocabularies/AmlCoreVocabulary$
instanceKlass scala/Tuple3
instanceKlass scala/Product3
instanceKlass org/mulesoft/amfintegration/vocabularies/propertyterms/aml/ItemsPropertyTerm$
instanceKlass amf/core/internal/remote/HttpParts$
instanceKlass org/mulesoft/amfintegration/vocabularies/propertyterms/aml/InheritsPropertyTerm$
instanceKlass amf/core/internal/remote/File$
instanceKlass org/mulesoft/amfintegration/vocabularies/propertyterms/aml/FormatPropertyTerm$
instanceKlass org/mulesoft/amfintegration/vocabularies/propertyterms/aml/FileTypePropertyTerm$
instanceKlass org/mulesoft/amfintegration/vocabularies/propertyterms/aml/DiscriminatorPropertyTerm$
instanceKlass org/mulesoft/amfintegration/vocabularies/propertyterms/aml/AnyOfPropertyTerm$
instanceKlass amf/core/client/scala/config/AMFEventListener
instanceKlass org/mulesoft/amfintegration/vocabularies/AmlDataShapesVocabulary$
instanceKlass amf/core/client/platform/config/AMFEventNames$
instanceKlass org/mulesoft/amfintegration/vocabularies/propertyterms/aml/PropertiesPropertyTerm$
instanceKlass amf/core/client/scala/config/StartingParsingEvent
instanceKlass amf/core/client/scala/config/GroupedEvent
instanceKlass org/mulesoft/amfintegration/vocabularies/propertyterms/aml/ValuePropertyTerm$
instanceKlass org/mulesoft/amfintegration/vocabularies/AmlDataModelVocabulary$
instanceKlass amf/core/internal/utils/GraphCycleDetector$NodeWithBranch
instanceKlass org/mulesoft/amfintegration/vocabularies/propertyterms/aml/ExamplesPropertyTerm$
instanceKlass org/mulesoft/amfintegration/vocabularies/AmlApiContractVocabulary$
instanceKlass amf/core/internal/utils/GraphCycleDetector$
instanceKlass org/mulesoft/amfintegration/vocabularies/propertyterms/shacl/ShaclPathPropertyTerm$
instanceKlass org/mulesoft/amfintegration/vocabularies/propertyterms/shacl/ShaclOrPropertyTerm$
instanceKlass org/mulesoft/amfintegration/vocabularies/propertyterms/shacl/ShaclNotPropertyTerm$
instanceKlass org/mulesoft/amfintegration/vocabularies/propertyterms/shacl/ShaclInPropertyTerm$
instanceKlass org/mulesoft/amfintegration/vocabularies/propertyterms/shacl/ShaclIfPropertyTerm$
instanceKlass org/mulesoft/amfintegration/vocabularies/propertyterms/shacl/ShaclElsePropertyTerm$
instanceKlass org/mulesoft/amfintegration/vocabularies/propertyterms/shacl/ShaclDefaultValuePropertyTerm$
instanceKlass org/mulesoft/amfintegration/vocabularies/propertyterms/shacl/ShaclShapePropertyTerm$
instanceKlass amf/core/client/scala/config/AMFEvent
instanceKlass org/mulesoft/amfintegration/vocabularies/propertyterms/NamePropertyTerm$
instanceKlass amf/core/client/scala/parse/document/EmptyFutureDeclarations$$anon$1
instanceKlass org/mulesoft/amfintegration/vocabularies/ShaclVocabulary$
instanceKlass amf/core/internal/parser/domain/FutureDeclarations
instanceKlass amf/core/client/scala/parse/document/EmptyFutureDeclarations$
instanceKlass org/mulesoft/amfintegration/vocabularies/propertyterms/schemaorg/DocumentationPropertyTerm$
instanceKlass org/mulesoft/amfintegration/vocabularies/propertyterms/schemaorg/DisplayNamePropertyTerm$
instanceKlass org/mulesoft/amfintegration/vocabularies/propertyterms/schemaorg/DescriptionPropertyTerm$
instanceKlass amf/core/internal/parser/ParseConfig
instanceKlass org/mulesoft/amfintegration/vocabularies/propertyterms/schemaorg/DeprecatedPropertyTerm$
instanceKlass amf/core/internal/parser/CompilerContext
instanceKlass org/mulesoft/amfintegration/vocabularies/propertyterms/schemaorg/CorrelationIdPropertyTerm$
instanceKlass org/mulesoft/amfintegration/vocabularies/propertyterms/schemaorg/CommentPropertyTerm$
instanceKlass amf/core/internal/utils/Absolute$
instanceKlass amf/aml/client/scala/model/domain/ClassTerm$
instanceKlass org/mulesoft/amfintegration/vocabularies/classterms/schemaorg/OrganizationClassTerm$
instanceKlass org/mulesoft/amfintegration/vocabularies/classterms/schemaorg/LicenseClassTerm$
instanceKlass org/mulesoft/amfintegration/vocabularies/classterms/schemaorg/CreativeWorkClassTerm$
instanceKlass org/mulesoft/amfintegration/vocabularies/classterms/schemaorg/CorrelationIdClassTerm$
instanceKlass org/mulesoft/amfintegration/vocabularies/SchemaOrgVocabulary$
instanceKlass scala/collection/immutable/VectorBuilder
instanceKlass scala/runtime/java8/JFunction1$mcZI$sp
instanceKlass amf/aml/client/scala/model/domain/ObjectPropertyTerm$
instanceKlass amf/aml/client/scala/model/domain/PropertyTerm
instanceKlass amf/core/internal/remote/EcmaEncoder$
instanceKlass org/mulesoft/amfintegration/vocabularies/propertyterms/declarationKeys/SecuritySchemeDeclarationKeyTerm$
instanceKlass amf/core/internal/utils/UriUtils$
instanceKlass org/mulesoft/amfintegration/vocabularies/propertyterms/declarationKeys/ResourceTypeDeclarationKeyTerm$
instanceKlass amf/core/internal/utils/package$AmfStrings
instanceKlass org/mulesoft/amfintegration/vocabularies/propertyterms/declarationKeys/TraitDeclarationKeyTerm$
instanceKlass amf/core/internal/utils/package$
instanceKlass org/mulesoft/amfintegration/vocabularies/propertyterms/declarationKeys/SecuritySettingsDeclarationKeyTerm$
instanceKlass amf/core/internal/parser/CompilerContextBuilder
instanceKlass org/mulesoft/amfintegration/vocabularies/propertyterms/declarationKeys/ShapeDeclarationKeyTerm$
instanceKlass amf/core/client/scala/parse/document/UnspecifiedReference$
instanceKlass org/mulesoft/amfintegration/vocabularies/propertyterms/declarationKeys/DomainPropertyDeclarationKeyTerm$
instanceKlass amf/core/internal/remote/Cache
instanceKlass org/mulesoft/amfintegration/vocabularies/propertyterms/declarationKeys/OperationAbstractDeclarationKeyTerm$
instanceKlass amf/core/internal/remote/Cache$
instanceKlass org/mulesoft/amfintegration/vocabularies/propertyterms/declarationKeys/MessageAbstractDeclarationKeyTerm$
instanceKlass org/mulesoft/amfintegration/vocabularies/propertyterms/declarationKeys/MessageDeclarationKeyTerm$
instanceKlass amf/core/internal/remote/Context
instanceKlass org/mulesoft/amfintegration/vocabularies/PropertyTermObjectNode
instanceKlass amf/core/internal/remote/Context$
instanceKlass amf/core/client/scala/parse/document/ReferenceKind
instanceKlass amf/aml/client/scala/model/domain/ClassTerm
instanceKlass org/mulesoft/amfintegration/vocabularies/ClassTermObjectNode
instanceKlass org/mulesoft/amfintegration/vocabularies/TermObjectNode
instanceKlass amf/core/internal/parser/AMFCompiler$
instanceKlass amf/core/client/scala/model/document/BaseUnitProcessingData
instanceKlass scala/runtime/IntRef
instanceKlass amf/core/client/scala/model/document/BaseUnitProcessingData$
instanceKlass amf/core/internal/plugins/AMFPlugin$$anonfun$ordering$2
instanceKlass amf/core/client/scala/model/domain/Linkable
instanceKlass amf/core/internal/adoption/AdoptionDependantCalls
instanceKlass amf/core/internal/plugins/AMFPlugin$
instanceKlass amf/core/internal/parser/domain/Value
instanceKlass amf/core/internal/parser/domain/Value$
instanceKlass amf/core/client/scala/model/domain/AmfArray
instanceKlass scala/runtime/AbstractFunction2
instanceKlass amf/core/client/scala/errorhandling/DefaultErrorHandler
instanceKlass amf/core/client/scala/model/domain/AmfScalar
instanceKlass amf/core/internal/parser/ParseConfiguration
instanceKlass amf/core/internal/parser/domain/Fields
instanceKlass amf/core/internal/parser/CompilerConfiguration
instanceKlass amf/core/internal/parser/domain/Fields$
instanceKlass amf/core/internal/parser/AMFCompiler
instanceKlass amf/core/client/scala/traversal/iterator/IteratorStrategy
instanceKlass amf/core/client/scala/parse/AMFParser$
instanceKlass amf/core/client/scala/model/document/FieldsFilter
instanceKlass amf/core/client/scala/traversal/iterator/VisitedCollector
instanceKlass amf/core/client/scala/model/domain/Annotation
instanceKlass amf/core/internal/parser/domain/Annotations
instanceKlass amf/core/internal/parser/domain/Annotations$
instanceKlass amf/aml/client/scala/model/document/Vocabulary$
instanceKlass amf/custom/validation/internal/report/generated/ProfileDialect$
instanceKlass org/mulesoft/amfintegration/vocabularies/AlsDeclarationKeysVocabulary$
instanceKlass org/mulesoft/amfintegration/vocabularies/VocabularyObject
instanceKlass amf/custom/validation/internal/report/loaders/InMemoryResourceLoader
instanceKlass amf/aml/client/scala/model/document/Vocabulary
instanceKlass amf/aml/client/scala/model/document/ExternalContext
instanceKlass amf/core/client/scala/model/document/DeclaresModel
instanceKlass org/mulesoft/amfintegration/vocabularies/integration/DefaultVocabularies$
instanceKlass amf/custom/validation/internal/report/loaders/ProfileDialectLoader$
instanceKlass org/mulesoft/amfintegration/vocabularies/integration/AlsVocabularyRegistry$
instanceKlass org/mulesoft/amfintegration/dialect/integration/BaseAlsDialectProvider$
instanceKlass scala/util/Try$
instanceKlass scala/runtime/java8/JFunction0$mcV$sp
instanceKlass scala/concurrent/BlockContext$DefaultBlockContext$
instanceKlass scala/concurrent/BlockContext$
instanceKlass scala/concurrent/BatchingExecutor$Batch
instanceKlass scala/concurrent/impl/CallbackRunnable
instanceKlass scala/concurrent/OnCompleteRunnable
instanceKlass scala/concurrent/Future$InternalCallbackExecutor$
instanceKlass scala/concurrent/BatchingExecutor
instanceKlass scala/concurrent/impl/Promise$KeptPromise$Successful
instanceKlass scala/concurrent/impl/Promise$KeptPromise$Kept
instanceKlass scala/concurrent/impl/Promise
instanceKlass scala/concurrent/Future
instanceKlass scala/concurrent/Awaitable
instanceKlass scala/concurrent/impl/Promise$
instanceKlass scala/concurrent/impl/Promise$KeptPromise$
instanceKlass scala/concurrent/Promise
instanceKlass scala/concurrent/Promise$
instanceKlass scala/util/Try
instanceKlass scala/concurrent/Future$
instanceKlass amf/aml/internal/transform/pipelines/DefaultAMLTransformationPipeline
instanceKlass amf/aml/internal/transform/pipelines/DefaultAMLTransformationPipeline$
instanceKlass amf/aml/internal/annotations/JsonPointerRef$
instanceKlass amf/aml/internal/annotations/RefInclude$
instanceKlass amf/aml/internal/annotations/CustomBase$
instanceKlass amf/aml/internal/annotations/CustomId$
instanceKlass amf/aml/internal/annotations/AliasesLocation$
instanceKlass amf/aml/internal/entities/AMLEntities$
instanceKlass amf/aml/internal/registries/AMLRegistry$
instanceKlass amf/core/client/scala/AMFGraphElementClient
instanceKlass amf/core/client/scala/AMFGraphBaseUnitClient
instanceKlass amf/core/client/scala/model/document/BaseUnit
instanceKlass amf/core/internal/metamodel/MetaModelTypeMapping
instanceKlass amf/aml/internal/validate/DialectEnumValidationPlugin$
instanceKlass amf/aml/internal/validate/AMLValidationPlugin$
instanceKlass amf/aml/internal/validate/AMLValidationPlugin
instanceKlass amf/aml/internal/render/plugin/AMLVocabularyRenderingPlugin
instanceKlass amf/aml/internal/render/emitters/instances/NodeMappableFinder
instanceKlass amf/aml/client/scala/model/document/kind/package$AMLDocumentKind
instanceKlass amf/aml/internal/render/plugin/AMLDialectRenderingPlugin
instanceKlass amf/core/internal/plugins/render/SYAMLBasedRenderPlugin
instanceKlass amf/aml/internal/parse/plugin/AMLVocabularyParsingPlugin
instanceKlass amf/core/internal/plugins/syntax/SYamlBasedErrorHandler
instanceKlass org/yaml/model/IllegalTypeHandler
instanceKlass amf/core/internal/datanode/DataNodeParserContext
instanceKlass amf/aml/internal/parse/common/SyntaxErrorReporter
instanceKlass amf/aml/internal/parse/common/DeclarationContext
instanceKlass amf/aml/internal/parse/dialects/DialectSyntax
instanceKlass amf/core/client/scala/parse/document/ParserContext
instanceKlass amf/core/client/scala/parse/document/UnresolvedComponents
instanceKlass amf/core/client/scala/parse/document/ErrorHandlingContext
instanceKlass amf/aml/internal/parse/plugin/AMLDialectParsingPlugin
instanceKlass amf/aml/internal/metamodel/document/DialectInstanceLibraryModel$
instanceKlass amf/aml/internal/metamodel/document/DialectInstanceFragmentModel$
instanceKlass amf/aml/internal/metamodel/document/DialectInstancePatchModel$
instanceKlass amf/core/internal/metamodel/document/ExtensionLikeModel
instanceKlass amf/aml/internal/metamodel/document/DialectInstanceProcessingDataModel$
instanceKlass amf/aml/internal/metamodel/document/DialectInstanceModel$
instanceKlass amf/aml/internal/metamodel/document/DialectInstanceUnitModel
instanceKlass amf/aml/internal/metamodel/document/DialectLibraryModel$
instanceKlass amf/aml/internal/metamodel/document/DialectFragmentModel$
instanceKlass amf/aml/internal/metamodel/document/DialectModel$
instanceKlass amf/aml/internal/metamodel/document/VocabularyModel$
instanceKlass amf/aml/internal/metamodel/document/ExternalContextModel
instanceKlass amf/aml/internal/metamodel/domain/SemanticExtensionModel$
instanceKlass amf/aml/internal/metamodel/domain/AnnotationMappingModel$
instanceKlass amf/aml/internal/metamodel/domain/VocabularyReferenceModel$
instanceKlass amf/aml/internal/metamodel/domain/DocumentsModelModel$
instanceKlass amf/aml/internal/metamodel/domain/DocumentMappingModel$
instanceKlass amf/aml/internal/metamodel/domain/PublicNodeMappingModel$
instanceKlass amf/aml/internal/metamodel/domain/AnyMappingModel$
instanceKlass amf/aml/internal/metamodel/domain/UnionNodeMappingModel$
instanceKlass amf/aml/internal/metamodel/domain/PropertyTermModel
instanceKlass amf/core/internal/metamodel/Type$Any$
instanceKlass amf/aml/internal/metamodel/domain/PropertyMappingModel$
instanceKlass amf/aml/internal/metamodel/domain/PropertyLikeMappingModel
instanceKlass amf/aml/internal/metamodel/domain/NodeWithDiscriminatorModel
instanceKlass amf/aml/internal/metamodel/domain/HasObjectRangeModel
instanceKlass amf/aml/internal/metamodel/domain/NodeMappingModel$
instanceKlass amf/core/internal/metamodel/domain/ClosedModel
instanceKlass amf/aml/internal/metamodel/domain/AnyMappingModel
instanceKlass amf/aml/internal/metamodel/domain/NodeMappableModel
instanceKlass amf/aml/internal/metamodel/domain/MergeableMappingModel
instanceKlass amf/aml/internal/metamodel/domain/ExternalModel$
instanceKlass amf/aml/internal/metamodel/domain/ClassTermModel$
instanceKlass amf/aml/internal/utils/VocabulariesRegister$
instanceKlass amf/core/internal/transform/pipelines/BasicTransformationPipeline
instanceKlass amf/core/client/common/transform/PipelineId$
instanceKlass amf/core/internal/transform/pipelines/BasicTransformationPipeline$
instanceKlass amf/core/internal/plugins/validation/AMFValidatePlugin
instanceKlass org/yaml/model/YNodeLike
instanceKlass org/yaml/model/YValueLike
instanceKlass org/yaml/model/YPart
instanceKlass org/mulesoft/common/client/lexical/ASTElement
instanceKlass amf/core/internal/plugins/syntax/SyamlSyntaxRenderPlugin$
instanceKlass amf/core/client/scala/render/AMFSyntaxRenderPlugin
instanceKlass org/yaml/parser/YParser
instanceKlass org/yaml/model/ParseErrorHandler
instanceKlass amf/core/client/scala/parse/document/ParsedDocument
instanceKlass amf/core/internal/plugins/syntax/SyamlSyntaxParsePlugin
instanceKlass amf/core/internal/plugins/syntax/SyamlSyntaxBasePlugin
instanceKlass amf/core/client/scala/parse/AMFSyntaxParsePlugin
instanceKlass amf/core/internal/plugins/syntax/ASTBuilder
instanceKlass amf/core/internal/plugins/render/AMFGraphRenderPlugin$
instanceKlass amf/core/internal/plugins/render/AMFGraphRenderPlugin
instanceKlass amf/core/internal/plugins/render/AMFRenderPlugin
instanceKlass amf/core/internal/remote/JsonLDSchema$
instanceKlass amf/core/internal/remote/JsonSchemaDialect$
instanceKlass amf/core/internal/remote/GraphQLFederation$
instanceKlass amf/core/internal/remote/GraphQL$
instanceKlass amf/core/internal/remote/Grpc$
instanceKlass amf/core/internal/remote/AvroSchema$
instanceKlass amf/core/internal/remote/JsonSchema$
instanceKlass amf/core/internal/remote/Aml$
instanceKlass amf/core/internal/remote/Payload$
instanceKlass amf/core/internal/remote/Amf$
instanceKlass amf/core/internal/remote/AsyncApi26$
instanceKlass amf/core/internal/remote/AsyncApi25$
instanceKlass amf/core/internal/remote/AsyncApi24$
instanceKlass amf/core/internal/remote/AsyncApi23$
instanceKlass amf/core/internal/remote/AsyncApi22$
instanceKlass amf/core/internal/remote/AsyncApi21$
instanceKlass amf/core/internal/remote/AsyncApi20$
instanceKlass amf/core/internal/remote/Async
instanceKlass amf/core/internal/remote/AwsOas30$
instanceKlass amf/core/internal/remote/Oas31$
instanceKlass amf/core/internal/remote/Oas30$
instanceKlass amf/core/internal/remote/Oas20$
instanceKlass amf/core/internal/remote/Oas
instanceKlass amf/core/internal/remote/Raml10$
instanceKlass amf/core/internal/remote/Mimes$
instanceKlass amf/core/internal/remote/Raml08$
instanceKlass amf/core/internal/remote/Raml
instanceKlass amf/core/internal/remote/Spec
instanceKlass amf/core/internal/remote/Spec$
instanceKlass amf/core/client/scala/parse/document/ReferenceHandler
instanceKlass amf/core/client/common/PluginPriority
instanceKlass amf/core/internal/plugins/parse/AMFGraphParsePlugin
instanceKlass amf/core/client/scala/adoption/DefaultIdAdopterProvider
instanceKlass amf/core/client/common/render/JsonSchemaDraft201909$
instanceKlass amf/core/client/common/render/JsonSchemaDraft7$
instanceKlass amf/core/client/common/render/JsonSchemaDraft4$
instanceKlass amf/core/client/common/render/Unspecified$
instanceKlass amf/core/client/common/render/JSONSchemaVersion
instanceKlass amf/core/client/common/render/JSONSchemaVersions$
instanceKlass scala/runtime/AbstractFunction17
instanceKlass scala/Function17
instanceKlass amf/core/internal/plugins/document/graph/GraphSerialization
instanceKlass amf/core/internal/plugins/document/graph/JsonLdDocumentForm
instanceKlass amf/core/client/scala/config/RenderOptions
instanceKlass amf/core/client/scala/config/ParsingOptions
instanceKlass amf/core/client/scala/config/AMFOptions
instanceKlass amf/core/client/scala/config/AMFOptions$
instanceKlass amf/core/internal/annotations/VirtualElement$
instanceKlass amf/core/internal/annotations/NullSecurity$
instanceKlass amf/core/internal/annotations/ResolvedLinkAnnotation$
instanceKlass amf/core/internal/annotations/DataNodePropertiesAnnotations$
instanceKlass amf/core/internal/annotations/DefaultNode$
instanceKlass amf/core/internal/annotations/SynthesizedField$
instanceKlass amf/core/internal/annotations/Aliases$
instanceKlass amf/core/internal/annotations/SingleValueArray$
instanceKlass amf/core/internal/annotations/BasePathLexicalInformation$
instanceKlass amf/core/internal/annotations/HostLexicalInformation$
instanceKlass amf/core/internal/annotations/LexicalInformation$
instanceKlass amf/core/client/scala/model/domain/AnnotationGraphLoader
instanceKlass amf/core/internal/annotations/serializable/SerializableAnnotations
instanceKlass scala/runtime/ObjectRef
instanceKlass scala/collection/package$WrappedCanBuildFrom
instanceKlass amf/core/internal/plugins/document/graph/entities/DataNodeEntities$
instanceKlass scala/collection/immutable/VM
instanceKlass scala/collection/immutable/HashMap$Merger
instanceKlass scala/collection/generic/BitOperations$Int
instanceKlass scala/collection/immutable/HashMap$HashMapBuilder
instanceKlass scala/collection/immutable/Map$MapBuilderImpl
instanceKlass amf/core/internal/metamodel/domain/RecursiveShapeModel$
instanceKlass amf/core/internal/entities/CoreEntities$
instanceKlass amf/core/internal/entities/Entities
instanceKlass amf/core/internal/registries/domain/EntitiesRegistry
instanceKlass amf/core/internal/registries/domain/EntitiesRegistry$
instanceKlass amf/core/internal/registries/PluginsRegistry
instanceKlass amf/core/internal/plugins/parse/ExternalFragmentDomainFallback
instanceKlass amf/core/internal/plugins/parse/DomainParsingFallback
instanceKlass amf/core/internal/registries/PluginsRegistry$
instanceKlass amf/core/internal/registries/AMFRegistry
instanceKlass amf/core/internal/registries/AMFRegistry$
instanceKlass amf/core/client/scala/errorhandling/AMFErrorHandler
instanceKlass amf/core/client/scala/errorhandling/DefaultErrorHandlerProvider$
instanceKlass amf/core/client/scala/execution/ExecutionEnvironment
instanceKlass amf/core/client/scala/execution/ExecutionEnvironment$
instanceKlass amf/core/internal/resource/AMFResolvers
instanceKlass amf/core/internal/resource/AMFResolvers$
instanceKlass amf/core/client/scala/BaseAMFConfigurationSetter
instanceKlass amf/core/internal/metamodel/domain/templates/VariableValueModel$
instanceKlass amf/core/internal/metamodel/domain/ArrayNodeModel$
instanceKlass amf/core/internal/metamodel/domain/LinkNodeModel$
instanceKlass amf/core/internal/metamodel/domain/ScalarNodeModel$
instanceKlass amf/core/internal/metamodel/domain/ObjectNodeModel$
instanceKlass amf/core/internal/metamodel/domain/ObjectNodeModel
instanceKlass amf/core/internal/metamodel/domain/extensions/PropertyShapePathModel$
instanceKlass amf/core/internal/metamodel/domain/extensions/PropertyShapeModel$
instanceKlass amf/core/internal/metamodel/domain/extensions/ShapeExtensionModel$
instanceKlass amf/core/internal/metamodel/domain/extensions/DomainExtensionModel$
instanceKlass amf/core/internal/metamodel/domain/extensions/DomainExtensionModel
instanceKlass amf/core/internal/metamodel/domain/LinkableElementModel$
instanceKlass amf/core/internal/metamodel/domain/DataNodeModel$
instanceKlass amf/core/internal/metamodel/domain/common/NameFieldSchema
instanceKlass amf/core/internal/metamodel/domain/federation/FederationMetadataModel$
instanceKlass amf/core/client/scala/model/domain/federation/FederationMetadata
instanceKlass amf/core/client/scala/model/domain/DomainElement
instanceKlass amf/core/client/scala/model/domain/CustomizableElement
instanceKlass amf/core/internal/metamodel/domain/federation/ShapeFederationMetadataModel$
instanceKlass amf/core/internal/metamodel/domain/federation/FederationMetadataModel
instanceKlass amf/core/internal/metamodel/domain/ShapeModel$
instanceKlass amf/core/internal/metamodel/domain/ShapeModel
instanceKlass amf/core/internal/metamodel/domain/federation/HasShapeFederationMetadataModel
instanceKlass amf/core/internal/metamodel/domain/federation/HasFederationMetadataModel
instanceKlass amf/core/internal/metamodel/domain/LinkableElementModel
instanceKlass amf/core/internal/metamodel/domain/ExternalModelVocabularies$
instanceKlass amf/core/internal/metamodel/domain/extensions/CustomDomainPropertyModel$
instanceKlass amf/core/internal/metamodel/domain/common/DescribedElementModel
instanceKlass amf/core/internal/metamodel/domain/common/DisplayNameField
instanceKlass amf/core/internal/metamodel/domain/templates/KeyField
instanceKlass amf/core/internal/metamodel/domain/ExternalDomainElementModel$
instanceKlass amf/core/internal/metamodel/document/ExternalFragmentModel$
instanceKlass amf/core/internal/metamodel/document/FragmentModel$
instanceKlass amf/core/internal/metamodel/document/DocumentModel$
instanceKlass amf/core/internal/metamodel/document/DocumentModel
instanceKlass amf/core/internal/metamodel/document/FragmentModel
instanceKlass amf/core/internal/metamodel/document/SourceMapModel$
instanceKlass amf/core/internal/metamodel/domain/DomainElementModel$
instanceKlass amf/core/internal/metamodel/domain/DomainElementModel
instanceKlass amf/core/internal/metamodel/document/LocationInformationModel$
instanceKlass amf/core/internal/metamodel/document/BaseUnitSourceInformationModel$
instanceKlass amf/core/internal/metamodel/document/BaseUnitProcessingDataModel$
instanceKlass amf/core/internal/metamodel/document/BaseUnitProcessingDataModel
instanceKlass amf/core/internal/metamodel/document/BaseUnitModel$
instanceKlass amf/core/internal/metamodel/Type$ArrayLike
instanceKlass scala/runtime/AbstractFunction6
instanceKlass scala/Function6
instanceKlass amf/core/client/scala/vocabulary/ValueType
instanceKlass amf/core/client/scala/vocabulary/ValueType$
instanceKlass amf/core/internal/metamodel/Type$Scalar
instanceKlass amf/core/internal/metamodel/Field
instanceKlass amf/core/client/scala/vocabulary/NamespaceAliases
instanceKlass scala/Function2
instanceKlass scala/collection/mutable/MapBuilder
instanceKlass scala/Predef$ArrowAssoc$
instanceKlass scala/collection/immutable/HasForeachEntry
instanceKlass amf/core/client/scala/vocabulary/NamespaceAliases$
instanceKlass amf/core/client/scala/vocabulary/Namespace
instanceKlass amf/core/client/scala/vocabulary/Namespace$
instanceKlass amf/core/internal/metamodel/domain/ModelVocabulary
instanceKlass amf/core/internal/metamodel/domain/ModelVocabularies$
instanceKlass scala/runtime/AbstractFunction4
instanceKlass scala/Function4
instanceKlass amf/core/internal/metamodel/domain/ModelDoc
instanceKlass amf/core/internal/metamodel/document/ModuleModel$
instanceKlass amf/core/internal/metamodel/document/ModuleModel
instanceKlass amf/core/internal/metamodel/document/BaseUnitModel
instanceKlass amf/core/internal/metamodel/ModelDefaultBuilder
instanceKlass amf/core/internal/convert/CoreClientConverters$
instanceKlass amf/core/client/platform/model/AmfObjectWrapper
instanceKlass amf/core/client/platform/model/Annotable
instanceKlass amf/core/internal/metamodel/Obj
instanceKlass amf/core/internal/metamodel/Type
instanceKlass amf/core/internal/convert/CoreRegister$
instanceKlass amf/core/internal/convert/UniqueInitializer
instanceKlass amf/core/client/scala/parse/AMFParsePlugin
instanceKlass amf/core/internal/plugins/AMFPlugin
instanceKlass amf/core/client/scala/AMFGraphConfiguration$
instanceKlass amf/core/client/scala/transform/TransformationPipeline
instanceKlass amf/core/client/scala/errorhandling/ErrorHandlerProvider
instanceKlass amf/core/client/scala/adoption/IdAdopterProvider
instanceKlass amf/aml/client/scala/AMLConfiguration$
instanceKlass org/mulesoft/amfintegration/amfconfiguration/EditorConfiguration
instanceKlass org/mulesoft/amfintegration/amfconfiguration/EditorConfigurationProvider
instanceKlass org/mulesoft/als/server/textsync/TextDocumentContainer
instanceKlass org/mulesoft/als/server/textsync/EnvironmentProvider
instanceKlass org/mulesoft/als/server/textsync/TextDocumentSyncBuilder
instanceKlass org/mulesoft/anypoint/server/scala/modules/configuration/notifier/ExchangeConfigurationNotifierType$
instanceKlass org/mulesoft/lsp/ConfigType
instanceKlass org/mulesoft/anypoint/server/scala/modules/configuration/notifier/ExchangeConfigurationNotifier
instanceKlass org/mulesoft/anypoint/server/scala/modules/configuration/notifier/ExchangeConfigurationListener
instanceKlass org/mulesoft/als/server/modules/project/NewConfigurationListener
instanceKlass org/mulesoft/anypoint/server/platform/ExchangeDirectoryResolverWrapper
instanceKlass org/mulesoft/anypoint/server/scala/workspace/APBProjectConfigurationProvider
instanceKlass org/mulesoft/als/server/workspace/ProjectConfigurationProvider
instanceKlass org/mulesoft/anypoint/server/scala/feature/genai/ATEnablement$
instanceKlass scala/collection/mutable/FlatHashTable$
instanceKlass scala/collection/mutable/FlatHashTable
instanceKlass scala/collection/mutable/FlatHashTable$HashUtils
instanceKlass scala/collection/mutable/Set
instanceKlass scala/collection/mutable/SetLike
instanceKlass org/mulesoft/als/actions/codeactions/plugins/CustomCodeActions$
instanceKlass scala/collection/immutable/Set$SetBuilderImpl
instanceKlass org/mulesoft/anypoint/codeactions/AgentTopicCodeAction$
instanceKlass org/mulesoft/als/actions/codeactions/plugins/base/CodeActionResponsePlugin
instanceKlass org/mulesoft/als/actions/codeactions/plugins/base/CodeActionPlugin
instanceKlass org/mulesoft/lsp/feature/telemetry/TelemeteredTask
instanceKlass org/mulesoft/anypoint/codeactions/RootAgentTopicCodeAction$
instanceKlass org/mulesoft/anypoint/codeactions/RefactorAgentTopicKind
instanceKlass org/mulesoft/als/actions/codeactions/plugins/base/CodeActionFactory
instanceKlass org/mulesoft/als/actions/codeactions/plugins/CodeActionKindTitle
instanceKlass org/mulesoft/anypoint/codeactions/CustomCodeActionPlugins$
instanceKlass org/mulesoft/als/server/lsp4j/extension/JvmSerializationRequestType$
instanceKlass org/mulesoft/als/server/lsp4j/WorkspaceServiceImpl
instanceKlass org/mulesoft/als/server/lsp4j/LanguageServerImpl
instanceKlass org/mulesoft/als/configuration/DirectoryResolverAdapter$$anon$1
instanceKlass org/mulesoft/als/configuration/DirectoryResolverAdapter$
instanceKlass org/mulesoft/als/server/ALSConverters$DirectoryResolverConverter$
instanceKlass org/mulesoft/anypoint/exchange/client/PlatformDirectoryResolver$$anon$1
instanceKlass org/mulesoft/als/configuration/ClientDirectoryResolver
instanceKlass org/mulesoft/anypoint/exchange/client/PlatformDirectoryResolver$
instanceKlass scala/Product2$mcJD$sp
instanceKlass scala/Product2$mcID$sp
instanceKlass scala/Product2$mcJJ$sp
instanceKlass scala/Product2$mcIJ$sp
instanceKlass scala/Product2$mcII$sp
instanceKlass scala/Product2$mcJI$sp
instanceKlass scala/Product2$mcDJ$sp
instanceKlass scala/Product2$mcDD$sp
instanceKlass scala/Product2$mcDI$sp
instanceKlass scala/Tuple2
instanceKlass scala/Product2
instanceKlass scala/collection/mutable/ArrayOps$ofRef$
instanceKlass scala/Enumeration$ValueOrdering$
instanceKlass scala/Enumeration$ValueSet$
instanceKlass scala/collection/immutable/SortedSet
instanceKlass scala/collection/SortedSet
instanceKlass scala/collection/SortedSetLike
instanceKlass scala/collection/generic/Sorted
instanceKlass org/mule/contribution/dataweave/utils/WorkspaceManagerHelper
instanceKlass scala/collection/mutable/ArrayOps$ofRef
instanceKlass scala/collection/mutable/ArrayOps
instanceKlass scala/Array$$anon$11
instanceKlass scala/Array$$anon$10
instanceKlass scala/Array$$anon$9
instanceKlass scala/Array$$anon$8
instanceKlass scala/Array$$anon$7
instanceKlass scala/Array$$anon$6
instanceKlass scala/Array$$anon$5
instanceKlass scala/Array$$anon$4
instanceKlass scala/Array$$anon$3
instanceKlass scala/Array$$anon$2
instanceKlass scala/reflect/ClassTag$GenericClassTag
instanceKlass scala/runtime/BoxedUnit
instanceKlass scala/FallbackArrayBuilding
instanceKlass scala/runtime/RichInt$
instanceKlass scala/runtime/ScalaRunTime$
instanceKlass scala/collection/mutable/ResizableArray
instanceKlass org/mule/weave/lsp/utils/VFUtils
instanceKlass scala/collection/mutable/WrappedArray$$anon$10
instanceKlass scala/reflect/ClassTag$
instanceKlass scala/collection/mutable/WrappedArray$$anon$9
instanceKlass scala/collection/mutable/WrappedArray$$anon$8
instanceKlass scala/collection/mutable/WrappedArray$$anon$7
instanceKlass scala/collection/mutable/WrappedArray$$anon$6
instanceKlass scala/collection/mutable/WrappedArray$$anon$5
instanceKlass scala/collection/mutable/WrappedArray$$anon$4
instanceKlass scala/collection/mutable/WrappedArray$$anon$3
instanceKlass scala/collection/mutable/WrappedArray$$anon$2
instanceKlass scala/collection/mutable/WrappedArray$$anon$1
instanceKlass scala/collection/mutable/IndexedSeqView
instanceKlass org/mule/weave/lsp/utils/WeaveDirectoryUtils$
instanceKlass org/mule/weave/lsp/project/components/ProjectStructureHelper$
instanceKlass scala/collection/mutable/WrappedArray$
instanceKlass org/mule/weave/dsp/JavaExecutableHelper$
instanceKlass org/mulesoft/als/logger/LogMessage
instanceKlass org/mule/weave/lsp/project/components/JavaWeaveLauncher$
instanceKlass scala/collection/mutable/DefaultEntry
instanceKlass org/mule/weave/lsp/project/components/ClassPathConfig
instanceKlass scala/runtime/AbstractFunction3
instanceKlass scala/Function3
instanceKlass scala/util/hashing/package$
instanceKlass scala/runtime/Statics
instanceKlass scala/Enumeration$Value
instanceKlass scala/Enumeration
instanceKlass org/mule/weave/lsp/agent/FolderBasedAgentClasspathResolver$$anon$1
instanceKlass org/mulesoft/als/logger/EmptyLogger$
instanceKlass org/mule/weave/lsp/agent/FolderBasedAgentClasspathResolver
instanceKlass org/mulesoft/als/logger/AbstractLogger
instanceKlass org/mulesoft/als/logger/Logger$
instanceKlass org/mulesoft/lsp/feature/telemetry/TelemetryProvider
instanceKlass org/mulesoft/anypoint/server/CachePath$
instanceKlass java/io/FileOutputStream$1
instanceKlass org/mulesoft/anypoint/suggestions/AgentTopicCompletionPlugin$
instanceKlass org/mulesoft/anypoint/genai/GenaiKnowledge
instanceKlass org/mule/weave/lsp/indexer/events/IndexingFinishedEvent
instanceKlass org/mule/weave/v2/editor/indexing/DefaultWeaveIndexer
instanceKlass org/mule/weave/v2/editor/indexing/WeaveIndexer
instanceKlass org/mulesoft/apb/project/client/scala/dependency/Dependency
instanceKlass org/mulesoft/anypoint/suggestions/ExchangeModulesCompletionPlugin$
instanceKlass org/mulesoft/als/suggestions/interfaces/AMLCompletionPlugin
instanceKlass org/mulesoft/als/suggestions/interfaces/AmfObjectKnowledge
instanceKlass org/mulesoft/als/suggestions/interfaces/CompletionPlugin
instanceKlass org/mule/weave/v2/sdk/WeaveResource
instanceKlass scala/runtime/java8/JFunction1$mcVI$sp
instanceKlass org/mulesoft/als/suggestions/CustomBaseCompletionPlugins$
instanceKlass org/mulesoft/anypoint/server/scala/LanguageServerFactory$$anon$1
instanceKlass org/mulesoft/exceptions/DummyPathTweaker$
instanceKlass scala/runtime/java8/JFunction1$mcZI$sp
instanceKlass org/mulesoft/exceptions/PathTweaks$
instanceKlass java/util/stream/StreamSpliterators
instanceKlass org/mulesoft/anypoint/server/scala/LanguageServerFactory$
instanceKlass org/mulesoft/apb/project/internal/convert/APBProjectConverters$InternalDependencyFetcherAdapter
instanceKlass org/mulesoft/als/server/modules/configuration/ConfigurationProvider
instanceKlass scala/collection/convert/Decorators$AsScala
instanceKlass scala/collection/immutable/StreamView
instanceKlass org/mulesoft/als/server/modules/ast/WorkspaceContentListener
instanceKlass org/mulesoft/als/server/modules/ast/AstListener
instanceKlass org/mulesoft/als/common/DirectoryResolver
instanceKlass org/mulesoft/als/server/protocol/textsync/AlsTextDocumentSyncConsumer
instanceKlass org/mulesoft/lsp/textsync/TextDocumentSyncConsumer
instanceKlass org/mulesoft/exceptions/PathTweaker
instanceKlass org/mulesoft/amfintegration/platform/AlsPlatformSecrets$SecuredLoader
instanceKlass scala/collection/immutable/StreamViewLike
instanceKlass scala/runtime/AbstractFunction1
instanceKlass java/util/stream/StreamSpliterators$AbstractWrappingSpliterator
instanceKlass amf/core/client/platform/resource/BaseHttpResourceLoader
instanceKlass org/mule/weave/lsp/vfs/FileVirtualFile
instanceKlass amf/core/client/platform/resource/FileResourceLoader
instanceKlass scala/collection/immutable/Stream$cons$
instanceKlass amf/core/client/platform/resource/LoaderWithExecutionContext
instanceKlass amf/core/client/platform/resource/BaseFileResourceLoader
instanceKlass java/nio/file/FileTreeWalker$Event
instanceKlass java/nio/file/FileTreeWalker$DirectoryNode
instanceKlass scala/runtime/java8/JFunction0$mcI$sp
instanceKlass java/nio/file/FileTreeWalker
instanceKlass amf/core/internal/resource/InternalResourceLoaderAdapter
instanceKlass java/nio/file/FileTreeIterator
instanceKlass java/io/DeleteOnExitHook$1
instanceKlass java/io/DeleteOnExitHook
instanceKlass org/mulesoft/amfintegration/platform/AlsPlatformSecrets$$anon$1
instanceKlass org/mule/weave/v2/utils/WeaveFile$
instanceKlass org/mulesoft/amfintegration/amfconfiguration/EditorConfiguration$
instanceKlass org/mulesoft/amfintegration/platform/AlsPlatformSecrets
instanceKlass org/apache/commons/io/FilenameUtils
instanceKlass org/mule/weave/lsp/utils/VFUtils$
instanceKlass org/mulesoft/als/server/SerializationProps$$anon$1
instanceKlass org/mulesoft/als/server/EmptySerializationProps$$anon$2
instanceKlass scala/collection/Iterator$ConcatIteratorCell
instanceKlass org/yaml/builder/DocBuilder
instanceKlass scala/collection/Iterator$ConcatIterator
instanceKlass org/mulesoft/lsp/feature/RequestType
instanceKlass amf/custom/validation/client/ProfileValidatorWebBuilder$
instanceKlass java/nio/file/TempFileHelper
instanceKlass org/mulesoft/als/server/client/scala/LanguageServerFactory$
instanceKlass org/mulesoft/als/server/RequestModule
instanceKlass amf/custom/validation/client/scala/BaseProfileValidatorBuilder
instanceKlass org/mulesoft/lsp/InitializableModule
instanceKlass org/mulesoft/lsp/Initializable
instanceKlass org/mulesoft/lsp/ConfigHandler
instanceKlass org/mule/weave/lsp/agent/ResourceBasedAgentClasspathResolver
instanceKlass org/mule/weave/lsp/vfs/ProjectFileSystemService$$anon$2
instanceKlass org/mulesoft/als/server/modules/diagnostic/DiagnosticNotificationsKind
instanceKlass sun/nio/ch/ExtendedSocketOption$1
instanceKlass org/mulesoft/apb/project/internal/convert/APBProjectConverters$ClientDependencyFetcherAdapter
instanceKlass sun/nio/ch/ExtendedSocketOption
instanceKlass sun/nio/ch/OptionKey
instanceKlass sun/nio/ch/SocketOptionRegistry$LazyInitialization
instanceKlass org/mulesoft/apb/project/internal/convert/APBProjectConverters$DependencyFetcherConverter$
instanceKlass sun/nio/ch/SocketOptionRegistry$RegistryKey
instanceKlass amf/core/internal/convert/BidirectionalMatcher
instanceKlass sun/nio/ch/SocketOptionRegistry
instanceKlass java/net/StandardSocketOptions$StdSocketOption
instanceKlass java/net/StandardSocketOptions
instanceKlass java/util/concurrent/ForkJoinPool$DefaultForkJoinWorkerThreadFactory$1
instanceKlass org/mule/weave/lsp/indexer/LSPWeaveIndexService$$anon$5
instanceKlass org/mule/weave/lsp/indexer/events/IndexingStartedEvent$
instanceKlass scala/Enumeration$Value
instanceKlass org/mule/weave/lsp/utils/NetUtils$
instanceKlass scala/Enumeration
instanceKlass org/mulesoft/apb/project/internal/convert/APBProjectConverters$
instanceKlass org/mule/weave/lsp/services/events/AgentStoppedEvent$
instanceKlass org/mule/weave/lsp/indexer/events/IndexingStartedEvent
instanceKlass org/mule/weave/lsp/services/events/AgentStoppedEvent
instanceKlass org/mulesoft/apb/project/internal/convert/APBProjectConverters
instanceKlass scala/runtime/IntRef
instanceKlass scala/math/Ordering$$anon$1
instanceKlass scala/math/Ordering$String$
instanceKlass scala/math/Ordering$StringOrdering
instanceKlass org/mulesoft/apb/repository/internal/dependency/RepositoryDependencyFetcher
instanceKlass org/mulesoft/apb/repository/internal/resolvers/fs/FSResolver
instanceKlass org/mule/weave/lsp/extension/protocol/DependencyDefinition
instanceKlass org/mule/weave/lsp/project/events/DependencyArtifactResolvedEvent
instanceKlass scala/collection/generic/SeqForwarder
instanceKlass org/eclipse/aether/util/graph/visitor/AbstractDepthFirstNodeListGenerator
instanceKlass scala/collection/generic/IterableForwarder
instanceKlass scala/collection/generic/TraversableForwarder
instanceKlass amf/core/client/scala/lexer/CharStream
instanceKlass org/mulesoft/apb/repository/internal/resolvers/exchange/ExchangeResolver
instanceKlass org/mulesoft/apb/repository/internal/cache/ProvidedMemoryResourceLoader
instanceKlass org/mulesoft/apb/repository/internal/cache/MemoryResourceLoader
instanceKlass amf/core/client/scala/resource/ResourceLoader
instanceKlass org/mulesoft/apb/repository/internal/cache/MemoryAssetCache
instanceKlass org/mulesoft/apb/project/client/scala/environment/DependencyFetcher
instanceKlass org/mulesoft/apb/repository/client/scala/RepositoryBuilder
instanceKlass org/mulesoft/apb/repository/internal/resolvers/fs/FSAssetCache
instanceKlass org/mulesoft/anypoint/exchange/client/util/AssetDownloaderUtil
instanceKlass org/springframework/web/util/UriBuilder
instanceKlass org/springframework/web/util/DefaultUriBuilderFactory
instanceKlass org/springframework/web/util/UriBuilderFactory
instanceKlass org/springframework/core/KotlinDetector
instanceKlass org/joda/time/base/AbstractPartial
instanceKlass org/joda/time/ReadablePartial
instanceKlass org/springframework/util/MultiValueMapAdapter
instanceKlass com/fasterxml/jackson/databind/ser/BeanSerializerModifier
instanceKlass com/fasterxml/jackson/databind/ser/Serializers
instanceKlass com/fasterxml/jackson/databind/cfg/SerializerFactoryConfig
instanceKlass com/fasterxml/jackson/databind/ser/std/StdJdkSerializers
instanceKlass com/fasterxml/jackson/databind/ser/std/NumberSerializers
instanceKlass com/fasterxml/jackson/databind/deser/DeserializerCache
instanceKlass com/fasterxml/jackson/databind/KeyDeserializer
instanceKlass com/fasterxml/jackson/databind/deser/std/StdKeyDeserializers
instanceKlass com/fasterxml/jackson/databind/deser/KeyDeserializers
instanceKlass com/fasterxml/jackson/databind/deser/ValueInstantiators
instanceKlass com/fasterxml/jackson/databind/AbstractTypeResolver
instanceKlass com/fasterxml/jackson/databind/deser/BeanDeserializerModifier
instanceKlass com/fasterxml/jackson/databind/cfg/DeserializerFactoryConfig
instanceKlass com/fasterxml/jackson/databind/PropertyName
instanceKlass com/fasterxml/jackson/databind/deser/Deserializers
instanceKlass com/fasterxml/jackson/annotation/ObjectIdGenerator
instanceKlass com/fasterxml/jackson/databind/deser/ResolvableDeserializer
instanceKlass com/fasterxml/jackson/databind/deser/ValueInstantiator$Gettable
instanceKlass com/fasterxml/jackson/databind/deser/ContextualDeserializer
instanceKlass com/fasterxml/jackson/databind/JsonDeserializer
instanceKlass com/fasterxml/jackson/databind/deser/NullValueProvider
instanceKlass com/fasterxml/jackson/databind/ser/SerializerCache
instanceKlass com/fasterxml/jackson/databind/ser/ResolvableSerializer
instanceKlass com/fasterxml/jackson/databind/ser/ContextualSerializer
instanceKlass com/fasterxml/jackson/databind/jsonschema/SchemaAware
instanceKlass com/fasterxml/jackson/databind/JsonSerializer
instanceKlass com/fasterxml/jackson/databind/jsonFormatVisitors/JsonFormatVisitable
instanceKlass com/fasterxml/jackson/databind/node/JsonNodeFactory
instanceKlass com/fasterxml/jackson/databind/node/JsonNodeCreator
instanceKlass com/fasterxml/jackson/databind/cfg/ContextAttributes
instanceKlass com/fasterxml/jackson/core/util/Separators
instanceKlass com/fasterxml/jackson/core/util/DefaultPrettyPrinter$NopIndenter
instanceKlass com/fasterxml/jackson/databind/cfg/ConfigFeature
instanceKlass com/fasterxml/jackson/databind/cfg/ConfigOverride
instanceKlass com/fasterxml/jackson/annotation/JsonFormat$Features
instanceKlass com/fasterxml/jackson/annotation/JsonFormat$Value
instanceKlass com/fasterxml/jackson/databind/cfg/CoercionConfig
instanceKlass com/fasterxml/jackson/databind/cfg/CoercionConfigs
instanceKlass com/fasterxml/jackson/databind/introspect/VisibilityChecker$Std
instanceKlass com/fasterxml/jackson/annotation/JsonSetter$Value
instanceKlass com/fasterxml/jackson/annotation/JsonInclude$Value
instanceKlass com/fasterxml/jackson/annotation/JacksonAnnotationValue
instanceKlass com/fasterxml/jackson/databind/cfg/ConfigOverrides
instanceKlass com/fasterxml/jackson/databind/introspect/AnnotatedClass$Creators
instanceKlass com/fasterxml/jackson/databind/introspect/AnnotationCollector$NoAnnotations
instanceKlass com/fasterxml/jackson/databind/util/Annotations
instanceKlass com/fasterxml/jackson/databind/introspect/AnnotationCollector
instanceKlass com/fasterxml/jackson/databind/introspect/AnnotatedClassResolver
instanceKlass com/fasterxml/jackson/databind/BeanDescription
instanceKlass com/fasterxml/jackson/databind/cfg/MapperConfig
instanceKlass com/fasterxml/jackson/databind/introspect/SimpleMixInResolver
instanceKlass com/fasterxml/jackson/databind/introspect/ClassIntrospector$MixInResolver
instanceKlass com/fasterxml/jackson/databind/util/RootNameLookup
instanceKlass com/fasterxml/jackson/core/sym/ByteQuadsCanonicalizer$TableInfo
instanceKlass com/fasterxml/jackson/core/sym/ByteQuadsCanonicalizer
instanceKlass com/fasterxml/jackson/core/sym/CharsToNameCanonicalizer$Bucket
instanceKlass com/fasterxml/jackson/core/sym/CharsToNameCanonicalizer$TableInfo
instanceKlass com/fasterxml/jackson/core/sym/CharsToNameCanonicalizer
instanceKlass com/fasterxml/jackson/core/io/CharTypes
instanceKlass com/fasterxml/jackson/core/io/JsonStringEncoder
instanceKlass com/fasterxml/jackson/core/io/SerializedString
instanceKlass com/fasterxml/jackson/core/util/DefaultPrettyPrinter
instanceKlass com/fasterxml/jackson/core/util/Instantiatable
instanceKlass com/fasterxml/jackson/core/util/JacksonFeature
instanceKlass org/eclipse/aether/util/graph/visitor/TreeDependencyVisitor
instanceKlass org/eclipse/aether/internal/impl/ArtifactRequestBuilder
instanceKlass org/eclipse/aether/util/graph/transformer/NearestVersionSelector$ConflictGroup
instanceKlass org/eclipse/aether/util/graph/transformer/ConflictResolver$ConflictItem
instanceKlass org/eclipse/aether/util/graph/transformer/ConflictResolver$NodeInfo
instanceKlass org/eclipse/aether/util/graph/transformer/ConflictResolver$ScopeContext
instanceKlass org/eclipse/aether/util/graph/transformer/ConflictResolver$ConflictContext
instanceKlass org/eclipse/aether/util/graph/transformer/ConflictResolver$State
instanceKlass org/eclipse/aether/util/graph/transformer/ConflictIdSorter$RootQueue
instanceKlass org/eclipse/aether/util/graph/transformer/ConflictIdSorter$ConflictId
instanceKlass org/eclipse/aether/util/graph/transformer/ConflictMarker$ConflictGroup
instanceKlass org/eclipse/aether/util/graph/transformer/ConflictMarker$Key
instanceKlass org/eclipse/aether/util/graph/transformer/ConflictMarker
instanceKlass org/eclipse/aether/util/graph/transformer/ConflictIdSorter
instanceKlass org/eclipse/aether/util/graph/transformer/TransformationContextKeys
instanceKlass org/eclipse/aether/internal/impl/collect/DefaultDependencyGraphTransformationContext
instanceKlass com/fasterxml/jackson/core/async/ByteArrayFeeder
instanceKlass com/fasterxml/jackson/core/async/NonBlockingInputFeeder
instanceKlass com/fasterxml/jackson/core/TSFBuilder
instanceKlass com/fasterxml/jackson/core/SerializableString
instanceKlass com/fasterxml/jackson/databind/introspect/AccessorNamingStrategy
instanceKlass com/fasterxml/jackson/core/Base64Variant
instanceKlass com/fasterxml/jackson/core/Base64Variants
instanceKlass java/text/DigitList
instanceKlass org/eclipse/aether/util/graph/selector/ExclusionDependencySelector$ExclusionComparator
instanceKlass org/apache/maven/model/merge/ModelMerger$NotifierKeyComputer
instanceKlass java/text/AttributedCharacterIterator$Attribute
instanceKlass java/util/concurrent/locks/ReentrantReadWriteLock$Sync$HoldCounter
instanceKlass com/fasterxml/jackson/databind/type/TypeBindings
instanceKlass com/fasterxml/jackson/databind/type/TypeParser
instanceKlass com/fasterxml/jackson/databind/type/TypeFactory
instanceKlass com/fasterxml/jackson/databind/cfg/BaseSettings
instanceKlass com/fasterxml/jackson/databind/util/LRUMap
instanceKlass com/fasterxml/jackson/databind/util/LookupCache
instanceKlass java/beans/ConstructorProperties
instanceKlass java/beans/Transient
instanceKlass com/fasterxml/jackson/databind/util/ClassUtil$Ctor
instanceKlass java/util/stream/Streams$RangeIntSpliterator
instanceKlass com/fasterxml/jackson/databind/util/ClassUtil
instanceKlass com/fasterxml/jackson/databind/ext/Java7Support
instanceKlass com/fasterxml/jackson/annotation/JsonMerge
instanceKlass com/fasterxml/jackson/databind/annotation/JsonDeserialize
instanceKlass com/fasterxml/jackson/annotation/JsonManagedReference
instanceKlass com/fasterxml/jackson/annotation/JsonBackReference
instanceKlass com/fasterxml/jackson/annotation/JsonUnwrapped
instanceKlass org/apache/maven/model/profile/activation/JdkVersionProfileActivator$RangeValue
instanceKlass org/eclipse/aether/graph/Dependency$Exclusions$1
instanceKlass com/fasterxml/jackson/annotation/JsonRawValue
instanceKlass org/apache/maven/utils/Os
instanceKlass com/fasterxml/jackson/annotation/JsonTypeInfo
instanceKlass com/fasterxml/jackson/annotation/JsonFormat
instanceKlass com/fasterxml/jackson/annotation/JsonView
instanceKlass com/fasterxml/jackson/databind/annotation/JsonSerialize
instanceKlass com/fasterxml/jackson/databind/introspect/ConcreteBeanPropertyBase
instanceKlass com/fasterxml/jackson/databind/BeanProperty
instanceKlass com/fasterxml/jackson/databind/introspect/BeanPropertyDefinition
instanceKlass com/fasterxml/jackson/databind/util/Named
instanceKlass org/apache/maven/model/Site
instanceKlass org/apache/maven/model/building/ModelProblemUtils
instanceKlass org/apache/maven/repository/internal/DefaultModelCache$Key
instanceKlass com/fasterxml/jackson/databind/introspect/TypeResolutionContext
instanceKlass org/apache/maven/model/building/ModelCacheTag$2
instanceKlass org/apache/maven/model/building/ModelCacheTag$1
instanceKlass org/apache/maven/model/building/ModelCacheTag
instanceKlass org/apache/maven/model/Exclusion
instanceKlass org/codehaus/plexus/util/xml/XMLWriter
instanceKlass org/codehaus/plexus/util/xml/Xpp3Dom
instanceKlass com/fasterxml/jackson/databind/introspect/Annotated
instanceKlass org/codehaus/plexus/util/xml/Xpp3DomBuilder
instanceKlass com/fasterxml/jackson/core/type/ResolvedType
instanceKlass org/eclipse/aether/internal/impl/collect/bf/DependencyResolutionSkipper$DefaultDependencyResolutionSkipper$Coordinate
instanceKlass org/eclipse/aether/internal/impl/collect/bf/DependencyResolutionSkipper$DependencyResolutionResult
instanceKlass org/eclipse/aether/internal/impl/collect/DataPool$GraphKey
instanceKlass org/eclipse/aether/internal/impl/collect/DefaultDependencyCycle
instanceKlass com/fasterxml/jackson/core/JsonParser
instanceKlass org/eclipse/aether/internal/impl/collect/DataPool$Descriptor
instanceKlass org/apache/maven/model/building/ModelBuildingEventCatapult$1
instanceKlass org/apache/maven/model/building/ModelBuildingEventCatapult
instanceKlass org/apache/maven/model/Extension
instanceKlass com/fasterxml/jackson/databind/JsonSerializable$Base
instanceKlass com/fasterxml/jackson/databind/JsonSerializable
instanceKlass org/codehaus/plexus/interpolation/util/StringUtils
instanceKlass org/apache/maven/model/DependencyManagement
instanceKlass com/fasterxml/jackson/core/TreeNode
instanceKlass org/apache/maven/model/DistributionManagement
instanceKlass org/apache/maven/model/Prerequisites
instanceKlass org/apache/maven/model/IssueManagement
instanceKlass org/apache/maven/model/License
instanceKlass com/fasterxml/jackson/databind/Module$SetupContext
instanceKlass org/apache/maven/model/CiManagement
instanceKlass org/apache/maven/model/Scm
instanceKlass com/fasterxml/jackson/databind/introspect/ClassIntrospector
instanceKlass org/apache/maven/model/MailingList
instanceKlass org/apache/maven/model/Organization
instanceKlass com/fasterxml/jackson/databind/introspect/VisibilityChecker
instanceKlass org/apache/maven/model/Parent
instanceKlass com/fasterxml/jackson/databind/jsontype/TypeResolverBuilder
instanceKlass org/codehaus/plexus/interpolation/reflection/MethodMap
instanceKlass org/codehaus/plexus/interpolation/reflection/ClassMap$CacheMiss
instanceKlass org/codehaus/plexus/interpolation/reflection/ClassMap
instanceKlass org/codehaus/plexus/interpolation/reflection/ReflectionValueExtractor$Tokenizer
instanceKlass org/codehaus/plexus/interpolation/reflection/ReflectionValueExtractor
instanceKlass org/codehaus/plexus/interpolation/util/ValueSourceUtils
instanceKlass com/fasterxml/jackson/databind/jsontype/PolymorphicTypeValidator
instanceKlass org/apache/maven/model/interpolation/StringVisitorModelInterpolator$ModelVisitor
instanceKlass com/fasterxml/jackson/databind/introspect/AccessorNamingStrategy$Provider
instanceKlass org/apache/maven/model/interpolation/StringVisitorModelInterpolator$1
instanceKlass org/codehaus/plexus/interpolation/PrefixAwareRecursionInterceptor
instanceKlass org/codehaus/plexus/interpolation/StringSearchInterpolator
instanceKlass org/apache/maven/model/interpolation/UrlNormalizingPostProcessor
instanceKlass org/codehaus/plexus/interpolation/PrefixedValueSourceWrapper
instanceKlass org/codehaus/plexus/interpolation/FeedbackEnabledValueSource
instanceKlass org/codehaus/plexus/interpolation/AbstractDelegatingValueSource
instanceKlass org/codehaus/plexus/interpolation/QueryEnabledValueSource
instanceKlass org/apache/maven/model/merge/ModelMerger$ExtensionKeyComputer
instanceKlass com/fasterxml/jackson/databind/AnnotationIntrospector
instanceKlass org/apache/maven/model/merge/ModelMerger$ResourceKeyComputer
instanceKlass org/apache/maven/model/merge/ModelMerger$SourceDominant
instanceKlass org/apache/maven/model/merge/ModelMerger$DependencyKeyComputer
instanceKlass com/fasterxml/jackson/databind/ser/SerializerFactory
instanceKlass org/apache/maven/model/building/DefaultModelBuilder$InterpolateString
instanceKlass org/apache/maven/model/building/DefaultModelBuilder$1Interpolation
instanceKlass org/apache/maven/model/ActivationOS
instanceKlass com/fasterxml/jackson/databind/deser/DeserializerFactory
instanceKlass org/apache/maven/model/ActivationFile
instanceKlass com/fasterxml/jackson/databind/DatabindContext
instanceKlass com/fasterxml/jackson/databind/jsontype/SubtypeResolver
instanceKlass org/apache/maven/model/ActivationProperty
instanceKlass org/apache/maven/model/Reporting
instanceKlass com/fasterxml/jackson/core/TokenStreamFactory
instanceKlass org/apache/maven/model/RepositoryPolicy
instanceKlass org/apache/maven/model/io/xpp3/MavenXpp3ReaderEx$1
instanceKlass com/fasterxml/jackson/databind/cfg/HandlerInstantiator
instanceKlass org/codehaus/plexus/util/xml/Xpp3DomBuilder$InputLocationBuilder
instanceKlass org/apache/maven/model/io/xpp3/MavenXpp3ReaderEx$ContentTransformer
instanceKlass com/fasterxml/jackson/databind/Module
instanceKlass org/apache/maven/model/io/xpp3/MavenXpp3ReaderEx
instanceKlass org/springframework/http/converter/json/Jackson2ObjectMapperBuilder
instanceKlass org/apache/maven/model/building/ModelData
instanceKlass org/apache/maven/model/Dependency
instanceKlass org/apache/maven/model/io/xpp3/MavenXpp3Reader$1
instanceKlass org/apache/maven/model/io/xpp3/MavenXpp3Reader$ContentTransformer
instanceKlass org/apache/maven/model/io/xpp3/MavenXpp3Reader
instanceKlass com/fasterxml/jackson/core/PrettyPrinter
instanceKlass com/fasterxml/jackson/core/util/DefaultPrettyPrinter$Indenter
instanceKlass org/springframework/http/converter/GenericHttpMessageConverter
instanceKlass org/codehaus/plexus/util/ReaderFactory
instanceKlass org/apache/maven/model/building/ModelProblem
instanceKlass org/apache/maven/model/building/DefaultModelProblemCollector
instanceKlass org/apache/maven/model/building/DefaultModelBuildingResult
instanceKlass org/apache/maven/model/building/ModelSource2
instanceKlass org/eclipse/aether/repository/WorkspaceRepository
instanceKlass org/apache/maven/repository/internal/DefaultModelResolver
instanceKlass org/apache/maven/repository/internal/DefaultModelCache
instanceKlass org/apache/maven/model/building/ModelCache
instanceKlass org/apache/maven/model/building/DefaultModelBuildingRequest
instanceKlass java/nio/channels/spi/AbstractInterruptibleChannel$1
instanceKlass sun/nio/ch/Interruptible
instanceKlass sun/nio/ch/FileKey
instanceKlass sun/nio/ch/FileLockTable
instanceKlass java/nio/channels/FileLock
instanceKlass org/springframework/http/converter/FormHttpMessageConverter
instanceKlass jdk/xml/internal/JdkProperty
instanceKlass sun/nio/fs/WindowsFileSystemProvider$1
instanceKlass jdk/xml/internal/XMLSecurityManager
instanceKlass org/eclipse/aether/repository/LocalArtifactResult
instanceKlass org/eclipse/aether/repository/LocalArtifactRequest
instanceKlass com/sun/org/apache/xalan/internal/utils/FeaturePropertyBase
instanceKlass org/eclipse/aether/RepositoryEvent
instanceKlass org/eclipse/aether/RepositoryEvent$Builder
instanceKlass jdk/xml/internal/JdkXmlFeatures
instanceKlass org/eclipse/aether/resolution/ArtifactResult
instanceKlass javax/xml/catalog/CatalogFeatures$Builder
instanceKlass javax/xml/catalog/CatalogFeatures
instanceKlass jdk/xml/internal/TransformErrorListener
instanceKlass javax/xml/transform/ErrorListener
instanceKlass org/eclipse/aether/named/support/Retry$DoNotRetry
instanceKlass com/sun/org/apache/xalan/internal/xsltc/compiler/SourceLoader
instanceKlass org/eclipse/aether/named/support/NamedLockFactorySupport$NamedLockHolder
instanceKlass org/eclipse/aether/internal/impl/synccontext/named/NamedLockFactoryAdapter$AdaptedLockSyncContext
instanceKlass org/eclipse/aether/SyncContext
instanceKlass org/eclipse/aether/internal/impl/synccontext/named/NamedLockFactoryAdapter
instanceKlass javax/xml/transform/FactoryFinder$1
instanceKlass org/eclipse/aether/resolution/ArtifactRequest
instanceKlass org/apache/maven/repository/internal/DefaultVersionResolver$Key
instanceKlass javax/xml/transform/FactoryFinder
instanceKlass org/eclipse/aether/resolution/VersionResult
instanceKlass javax/xml/transform/TransformerFactory
instanceKlass org/eclipse/aether/resolution/VersionRequest
instanceKlass javax/xml/transform/stream/StreamSource
instanceKlass org/apache/maven/repository/internal/ArtifactDescriptorUtils
instanceKlass org/eclipse/aether/internal/impl/collect/DataPool$DescriptorKey
instanceKlass javax/xml/transform/stax/StAXSource
instanceKlass javax/xml/transform/sax/SAXSource
instanceKlass javax/xml/transform/dom/DOMSource
instanceKlass org/eclipse/aether/internal/impl/collect/DataPool$Constraint$VersionRepo
instanceKlass org/eclipse/aether/internal/impl/collect/DataPool$Constraint
instanceKlass javax/xml/stream/XMLResolver
instanceKlass org/eclipse/aether/util/version/GenericVersion$Item
instanceKlass org/eclipse/aether/util/version/GenericVersion$Tokenizer
instanceKlass org/xml/sax/EntityResolver
instanceKlass org/eclipse/aether/util/version/GenericVersion
instanceKlass javax/xml/transform/Result
instanceKlass org/eclipse/aether/util/version/GenericVersionConstraint
instanceKlass org/eclipse/aether/version/VersionConstraint
instanceKlass org/eclipse/aether/version/VersionRange
instanceKlass org/eclipse/aether/version/Version
instanceKlass org/eclipse/aether/util/version/GenericVersionScheme
instanceKlass org/springframework/core/io/Resource
instanceKlass org/springframework/core/io/InputStreamSource
instanceKlass org/eclipse/aether/resolution/VersionRangeResult
instanceKlass org/eclipse/aether/internal/impl/collect/DataPool$ConstraintKey
instanceKlass org/eclipse/aether/resolution/VersionRangeRequest
instanceKlass org/springframework/util/MimeType$SpecificityComparator
instanceKlass org/eclipse/aether/util/artifact/ArtifactIdUtils
instanceKlass org/eclipse/aether/internal/impl/collect/bf/BfDependencyCollector$DescriptorResolutionResult
instanceKlass org/springframework/util/LinkedCaseInsensitiveMap
instanceKlass org/eclipse/aether/util/graph/manager/ClassicDependencyManager$Key
instanceKlass org/eclipse/aether/internal/impl/collect/PremanagedDependency
instanceKlass org/springframework/util/CollectionUtils
instanceKlass org/eclipse/aether/internal/impl/collect/bf/DependencyProcessingContext
instanceKlass org/eclipse/aether/internal/impl/collect/CollectStepDataImpl
instanceKlass org/eclipse/aether/collection/CollectStepData
instanceKlass org/springframework/util/StringUtils
instanceKlass org/eclipse/aether/internal/impl/collect/bf/BfDependencyCollector$Args
instanceKlass org/eclipse/aether/util/concurrency/WorkerThreadFactory
instanceKlass org/eclipse/aether/internal/impl/collect/bf/BfDependencyCollector$ParallelDescriptorResolver
instanceKlass org/eclipse/aether/internal/impl/collect/bf/DependencyResolutionSkipper$DefaultDependencyResolutionSkipper$CoordinateManager
instanceKlass org/eclipse/aether/internal/impl/collect/bf/DependencyResolutionSkipper$DefaultDependencyResolutionSkipper$CacheManager
instanceKlass org/eclipse/aether/util/concurrency/ExecutorUtils
instanceKlass org/eclipse/aether/graph/DependencyCycle
instanceKlass org/springframework/util/MimeType
instanceKlass org/eclipse/aether/internal/impl/collect/DependencyCollectorDelegate$Results
instanceKlass org/eclipse/aether/internal/impl/collect/DefaultVersionFilterContext
instanceKlass org/springframework/http/converter/AbstractHttpMessageConverter
instanceKlass org/eclipse/aether/internal/impl/collect/DefaultDependencyCollectionContext
instanceKlass org/springframework/http/converter/HttpMessageConverter
instanceKlass org/eclipse/aether/internal/impl/collect/DataPool$HardInternPool
instanceKlass org/eclipse/aether/internal/impl/collect/DataPool$WeakInternPool
instanceKlass org/eclipse/aether/resolution/ArtifactDescriptorRequest
instanceKlass org/eclipse/aether/resolution/ArtifactDescriptorResult
instanceKlass org/springframework/web/client/RestTemplate$HeadersExtractor
instanceKlass org/eclipse/aether/internal/impl/collect/DataPool$InternPool
instanceKlass org/eclipse/aether/internal/impl/collect/DataPool
instanceKlass org/eclipse/aether/graph/DefaultDependencyNode
instanceKlass java/time/LocalTime$1
instanceKlass org/eclipse/aether/collection/CollectResult
instanceKlass java/time/LocalDate$1
instanceKlass org/eclipse/aether/internal/impl/collect/CachingArtifactTypeRegistry
instanceKlass java/time/ZonedDateTime$1
instanceKlass java/util/Formatter$DateTime
instanceKlass org/eclipse/aether/resolution/DependencyResult
instanceKlass org/eclipse/aether/RequestTrace
instanceKlass org/springframework/web/client/DefaultResponseErrorHandler
instanceKlass org/eclipse/aether/resolution/DependencyRequest
instanceKlass org/springframework/http/client/ClientHttpRequest
instanceKlass org/springframework/http/client/AsyncClientHttpRequest
instanceKlass org/springframework/http/HttpOutputMessage
instanceKlass org/springframework/http/HttpRequest
instanceKlass org/springframework/http/HttpMessage
instanceKlass java/util/ResourceBundle$3
instanceKlass java/util/logging/Level$RbAccess
instanceKlass org/eclipse/aether/artifact/AbstractArtifact
instanceKlass java/lang/Throwable$PrintStreamOrWriter
instanceKlass org/springframework/http/client/SimpleClientHttpRequestFactory
instanceKlass org/springframework/http/client/AsyncClientHttpRequestFactory
instanceKlass org/eclipse/aether/collection/CollectRequest
instanceKlass org/apache/commons/logging/impl/NoOpLog
instanceKlass org/springframework/core/log/CompositeLog
instanceKlass java/util/logging/LogRecord$CallerFinder
instanceKlass java/time/ZonedDateTime
instanceKlass org/springframework/core/log/LogDelegateFactory
instanceKlass java/time/chrono/ChronoZonedDateTime
instanceKlass java/util/logging/LogManager$CloseOnReset
instanceKlass org/apache/commons/logging/impl/Jdk14Logger
instanceKlass org/mule/weave/lsp/utils/JavaLoggerForwarder$
instanceKlass java/util/logging/StreamHandler$1
instanceKlass java/util/logging/Handler$1
instanceKlass org/apache/commons/logging/impl/Log4JLogger
instanceKlass org/apache/commons/logging/Log
instanceKlass java/util/logging/ErrorManager
instanceKlass jdk/internal/logger/SimpleConsoleLogger$Formatting
instanceKlass org/apache/commons/logging/impl/LogFactoryImpl$3
instanceKlass org/apache/commons/logging/impl/LogFactoryImpl$1
instanceKlass java/util/logging/Formatter
instanceKlass org/apache/commons/logging/impl/LogFactoryImpl$2
instanceKlass java/util/logging/LogRecord
instanceKlass com/google/gson/internal/LinkedTreeMap$LinkedTreeMapIterator
instanceKlass org/apache/commons/logging/impl/SLF4JLog
instanceKlass org/apache/commons/logging/impl/SLF4JLocationAwareLog
instanceKlass org/apache/commons/logging/Log
instanceKlass org/apache/commons/logging/LogFactory
instanceKlass org/mule/weave/lsp/jobs/JobManagerService$$anon$1
instanceKlass scala/runtime/AbstractFunction1
instanceKlass org/apache/commons/logging/LogFactory$2
instanceKlass org/mule/weave/lsp/jobs/JobManagerService$$anon$3
instanceKlass org/apache/commons/logging/LogFactory$3
instanceKlass org/apache/commons/logging/LogFactory$4
instanceKlass org/apache/commons/logging/impl/WeakHashtable$Referenced
instanceKlass org/apache/commons/logging/LogFactory$1
instanceKlass org/apache/commons/logging/LogFactory$6
instanceKlass org/apache/commons/logging/LogFactory
instanceKlass org/springframework/http/HttpLogging
instanceKlass com/fasterxml/jackson/core/JsonGenerator
instanceKlass com/fasterxml/jackson/core/TreeCodec
instanceKlass com/fasterxml/jackson/core/Versioned
instanceKlass javax/xml/bind/Binder
instanceKlass org/springframework/util/ConcurrentReferenceHashMap$Reference
instanceKlass org/springframework/util/ConcurrentReferenceHashMap$ReferenceManager
instanceKlass org/springframework/util/Assert
instanceKlass org/springframework/util/ConcurrentReferenceHashMap$Task
instanceKlass org/springframework/util/ClassUtils
instanceKlass org/springframework/core/SpringProperties
instanceKlass org/springframework/web/client/RequestCallback
instanceKlass org/springframework/web/util/UriTemplateHandler
instanceKlass org/springframework/web/client/ResponseExtractor
instanceKlass org/springframework/web/client/ResponseErrorHandler
instanceKlass org/springframework/http/client/support/HttpAccessor
instanceKlass org/springframework/web/client/RestOperations
instanceKlass org/springframework/http/client/ClientHttpRequestFactory
instanceKlass org/apache/http/client/HttpClient
instanceKlass org/apache/http/auth/Credentials
instanceKlass org/apache/http/client/AuthenticationStrategy
instanceKlass org/apache/http/client/CredentialsProvider
instanceKlass org/springframework/util/MultiValueMap
instanceKlass org/mulesoft/anypoint/exchange/client/JvmExchangeClientImpl
instanceKlass scala/collection/convert/Wrappers$IteratorWrapper
instanceKlass org/mulesoft/apb/repository/client/scala/exchange/ExchangeClient
instanceKlass org/mulesoft/anypoint/exchange/client/PlatformExchangeClient$
instanceKlass scala/collection/convert/Wrappers$
instanceKlass org/mulesoft/apb/repository/client/scala/DependencyResolver
instanceKlass org/mulesoft/apb/repository/client/scala/cache/AssetCache
instanceKlass org/mulesoft/apb/repository/client/scala/exchange/ExchangeRepository$
instanceKlass scala/collection/convert/Wrappers$IterableWrapperTrait
instanceKlass scala/concurrent/BlockContext
instanceKlass scala/concurrent/impl/ExecutionContextImpl$DefaultThreadFactory
instanceKlass scala/collection/convert/Decorators$AsJava
instanceKlass scala/concurrent/impl/ExecutionContextImpl$$anon$3
instanceKlass org/mule/weave/lsp/commands/Commands$
instanceKlass java/lang/StrictMath
instanceKlass scala/collection/immutable/StringOps$
instanceKlass org/mule/weave/lsp/commands/EnablePreviewModeCommand
instanceKlass org/mule/weave/lsp/commands/DeleteOutputSampleCommand
instanceKlass org/mule/weave/lsp/commands/DeleteInputSampleCommand
instanceKlass scala/collection/immutable/StringOps
instanceKlass org/mule/weave/lsp/commands/SetActiveScenarioCommand
instanceKlass org/mule/weave/lsp/commands/DeleteScenarioCommand
instanceKlass scala/collection/immutable/StringLike
instanceKlass org/mule/weave/lsp/commands/CreateScenarioCommand
instanceKlass org/mule/weave/lsp/commands/CreateMappingTestCommand
instanceKlass org/mule/weave/lsp/commands/CreateInputSampleCommand
instanceKlass org/mule/weave/lsp/commands/ExtractFunctionCommand
instanceKlass scala/Predef$$anon$1
instanceKlass scala/reflect/NoManifest$
instanceKlass org/mule/weave/lsp/commands/ExtractConstantCommand
instanceKlass org/mule/weave/lsp/commands/ExtractVariableCommand
instanceKlass org/mule/weave/lsp/commands/InsertWeaveTypeCommand
instanceKlass scala/reflect/ManifestFactory$ClassTypeManifest
instanceKlass scala/runtime/Null$
instanceKlass org/mule/weave/lsp/commands/InsertDocumentationCommand
instanceKlass org/mule/weave/lsp/commands/QuickFixCommand
instanceKlass org/mule/weave/lsp/commands/LaunchWeaveTestCommand
instanceKlass org/mule/weave/lsp/utils/Icons
instanceKlass org/mule/weave/lsp/commands/LaunchWeaveCommand
instanceKlass org/mule/weave/lsp/commands/RunPreviewCommand
instanceKlass org/mule/weave/lsp/commands/RunWeaveCommand
instanceKlass scala/collection/mutable/ArrayBuilder
instanceKlass scala/collection/mutable/ReusableBuilder
instanceKlass org/mule/weave/lsp/commands/AbstractCreateFileCommand
instanceKlass scala/reflect/AnyValManifest
instanceKlass scala/reflect/Manifest
instanceKlass scala/reflect/ManifestFactory$
instanceKlass org/mule/weave/lsp/commands/CreateUnitTest
instanceKlass scala/reflect/ClassTag
instanceKlass scala/reflect/ClassManifestDeprecatedApis
instanceKlass scala/reflect/OptManifest
instanceKlass scala/reflect/ClassManifestFactory$
instanceKlass scala/reflect/package$
instanceKlass scala/collection/generic/GenSetFactory$$anon$1
instanceKlass scala/collection/immutable/Set
instanceKlass scala/io/Position
instanceKlass scala/io/Source$Positioner
instanceKlass scala/collection/immutable/Map
instanceKlass scala/runtime/java8/JFunction0$mcV$sp
instanceKlass scala/io/Source
instanceKlass scala/collection/immutable/MapLike
instanceKlass scala/io/Codec
instanceKlass scala/io/Codec$
instanceKlass scala/io/LowPriorityCodecImplicits
instanceKlass scala/io/Source$
instanceKlass scala/util/Right$
instanceKlass scala/util/Left$
instanceKlass scala/util/Either$
instanceKlass org/mule/weave/lsp/commands/CreateTestCommand
instanceKlass scala/math/Ordering$Int$
instanceKlass scala/math/Ordering$IntOrdering
instanceKlass scala/math/Ordering$Reverse
instanceKlass scala/math/Ordering$
instanceKlass scala/math/LowPriorityOrderingImplicits
instanceKlass scala/math/Ordered$
instanceKlass scala/math/Numeric$
instanceKlass org/mule/weave/lsp/commands/BatCommand
instanceKlass org/mule/weave/lsp/commands/InternalWeaveCommand
instanceKlass scala/math/Integral$
instanceKlass scala/math/Fractional$
instanceKlass scala/math/Equiv$
instanceKlass scala/math/LowPriorityEquiv
instanceKlass scala/math/Ordered
instanceKlass org/mule/weave/lsp/commands/ReloadDependenciesCommand
instanceKlass scala/math/ScalaNumericConversions
instanceKlass scala/math/ScalaNumericAnyConversions
instanceKlass org/mule/weave/lsp/commands/CreateProjectCommand
instanceKlass scala/math/BigInt$
instanceKlass scala/collection/convert/Wrappers
instanceKlass scala/math/BigDecimal$
instanceKlass scala/collection/JavaConverters$
instanceKlass scala/collection/convert/DecorateAsScala
instanceKlass scala/collection/convert/AsScalaConverters
instanceKlass scala/collection/immutable/Range$
instanceKlass scala/collection/convert/DecorateAsJava
instanceKlass scala/collection/convert/AsJavaConverters
instanceKlass scala/collection/mutable/StringBuilder$
instanceKlass scala/math/package$
instanceKlass org/mule/weave/lsp/services/DefaultBaseWorkspaceServiceContributor$$anon$3
instanceKlass org/mule/weave/lsp/services/DefaultBaseWorkspaceServiceContributor$$anon$2
instanceKlass org/mule/weave/lsp/services/events/DocumentOpenedEvent$
instanceKlass org/mule/weave/lsp/services/DefaultBaseWorkspaceServiceContributor$$anon$1
instanceKlass org/mule/weave/lsp/services/DefaultBaseWorkspaceServiceContributor$
instanceKlass org/mule/weave/lsp/services/DefaultBaseWorkspaceServiceContributor
instanceKlass scala/collection/immutable/VectorPointer
instanceKlass scala/collection/immutable/IndexedSeq
instanceKlass scala/Product2$mcJD$sp
instanceKlass scala/Product2$mcID$sp
instanceKlass scala/Product2$mcJJ$sp
instanceKlass scala/Product2$mcIJ$sp
instanceKlass scala/Product2$mcII$sp
instanceKlass scala/Product2$mcJI$sp
instanceKlass scala/Product2$mcDJ$sp
instanceKlass scala/Product2$mcDD$sp
instanceKlass scala/Product2$mcDI$sp
instanceKlass scala/collection/immutable/Stream$$hash$colon$colon$
instanceKlass scala/collection/$colon$plus$
instanceKlass scala/collection/$plus$colon$
instanceKlass scala/collection/immutable/$colon$colon$
instanceKlass org/mule/weave/v2/editor/WeaveTextDocument
instanceKlass org/mule/weave/lsp/vfs/events/ProjectVirtualFileChangedEvent
instanceKlass org/mule/weave/lsp/vfs/events/ProjectVirtualFileCreatedEvent
instanceKlass org/mule/weave/lsp/vfs/events/ProjectVirtualFileDeletedEvent
instanceKlass org/mule/weave/lsp/vfs/events/LibrariesAddedEvent
instanceKlass org/mule/weave/lsp/vfs/events/LibrariesRemovedEvent
instanceKlass org/mule/weave/lsp/project/events/OnProjectStopped
instanceKlass org/mule/weave/lsp/project/events/ProjectStoppedEvent$
instanceKlass org/mule/weave/lsp/project/events/ProjectStoppedEvent
instanceKlass scala/collection/SeqView
instanceKlass org/mule/weave/lsp/project/events/ProjectStartedEvent
instanceKlass org/mule/weave/lsp/services/events/FileChangedEvent
instanceKlass scala/collection/SeqViewLike
instanceKlass org/mule/weave/extension/api/services/sample/WeaveSampleDataResourcesService$SampleInput
instanceKlass org/mule/weave/lsp/extension/protocol/SampleInput
instanceKlass org/mule/weave/extension/plugin/services/sample/SampleDataResourcesBasedOnWeaveScenariosService
instanceKlass org/mule/weave/extension/plugin/services/filesystem/DefaultProjectVirtualFileSystemService
instanceKlass org/mule/weave/extension/api/services/mapping/MappingEditor
instanceKlass org/mule/weave/extension/plugin/services/mapping/DefaultMappingService
instanceKlass org/mule/weave/extension/api/extension/indexer/IndexerID
instanceKlass org/mule/weave/lsp/vfs/ArtifactVirtualFileSystem
instanceKlass org/mule/weave/extension/plugin/services/indexer/DefaultIndexPartition
instanceKlass org/mule/weave/v2/api/tooling/internal/DefaultDWAstNode
instanceKlass scala/collection/immutable/List$$anon$1
instanceKlass org/mule/weave/v2/api/tooling/ast/DWAstNode
instanceKlass org/mule/weave/v2/inspector/Inspector
instanceKlass scala/collection/BufferedIterator
instanceKlass org/mule/weave/extension/plugin/services/indexer/DefaultIndexService
instanceKlass org/mule/weave/extension/plugin/services/DefaultDiagnosticService
instanceKlass org/mule/weave/extension/plugin/services/ast/DefaultAstNodeService
instanceKlass scala/collection/AbstractIterator
instanceKlass org/mule/weave/lsp/project/components/Scenario
instanceKlass scala/collection/TraversableOnce$BufferedCanBuildFrom
instanceKlass scala/collection/Iterator$
instanceKlass org/mule/weave/lsp/agent/WeaveTypeBind
instanceKlass scala/runtime/BoxesRunTime
instanceKlass org/mule/weave/extension/api/metadata/InputMetadata
instanceKlass org/mule/weave/v2/parser/ast/variables/NameIdentifier
instanceKlass org/mule/weave/v2/api/tooling/location/ResourceIdentifier
instanceKlass org/mule/weave/v2/parser/ast/AstNode
instanceKlass org/mule/weave/v2/parser/ast/WeaveLocationCapable
instanceKlass org/mule/weave/v2/parser/location/LocationCapable
instanceKlass scala/runtime/java8/JFunction0$mcZ$sp
instanceKlass org/mule/weave/extension/plugin/services/metadata/SampleBasedMetadataProviderService
instanceKlass scala/sys/package$
instanceKlass scala/sys/PropImpl
instanceKlass scala/sys/BooleanProp
instanceKlass scala/sys/Prop
instanceKlass scala/sys/BooleanProp$
instanceKlass org/mule/weave/extension/plugin/common/DefaultDependencyComponent$1
instanceKlass scala/sys/SystemProperties$
instanceKlass org/mule/weave/lsp/project/events/SettingsChangedEvent
instanceKlass scala/util/control/NoStackTrace$
instanceKlass scala/util/control/Breaks$TryBlock
instanceKlass org/mule/weave/lsp/services/DataWeaveTestService$$anon$5
instanceKlass scala/util/control/Breaks
instanceKlass org/mule/weave/lsp/services/DataWeaveTestService$$anon$3
instanceKlass scala/math/Numeric
instanceKlass scala/math/Ordering
instanceKlass org/mule/weave/lsp/vfs/LibrariesVirtualFileSystem$$anon$2
instanceKlass scala/math/PartialOrdering
instanceKlass scala/math/Equiv
instanceKlass org/mule/weave/lsp/vfs/LibrariesVirtualFileSystem$$anon$1
instanceKlass org/mule/weave/lsp/vfs/ProjectFileSystemService$$anon$1
instanceKlass org/mule/weave/lsp/vfs/SimpleNameIdentifierResolver$
instanceKlass org/mule/weave/lsp/vfs/ProjectFileNameIdentifierResolver
instanceKlass scala/collection/generic/GenTraversableFactory$GenericCanBuildFrom
instanceKlass org/mule/weave/lsp/vfs/CompositeNameIdentifierResolver
instanceKlass scala/package$$anon$1
instanceKlass scala/Specializable
instanceKlass org/mule/weave/extension/api/component/structure/WeaveDescriptorFile
instanceKlass scala/package$
instanceKlass org/mule/weave/extension/api/component/structure/WeaveTargetFolder
instanceKlass scala/Predef$$eq$colon$eq
instanceKlass org/mule/weave/extension/api/component/structure/WeaveProjectStructureBuilder$WeaveTargetFolderBuilder
instanceKlass scala/Predef$$less$colon$less
instanceKlass org/mule/weave/extension/api/component/structure/WeaveRootStructure
instanceKlass org/mule/weave/extension/api/component/structure/WeaveModuleStructure
instanceKlass org/mule/weave/extension/api/component/structure/WeaveProjectStructureBuilder$RootStructureBuilder
instanceKlass org/mule/weave/extension/api/component/structure/WeaveProjectStructureBuilder$ModuleStructureBuilder
instanceKlass org/mule/weave/extension/api/component/structure/WeaveProjectStructureBuilder
instanceKlass org/mule/weave/extension/api/component/structure/WeaveProjectStructure
instanceKlass org/mule/weave/lsp/indexer/LSPWeaveIndexService$$anon$3
instanceKlass org/mule/weave/lsp/vfs/events/OnLibrariesAdded
instanceKlass org/mule/weave/lsp/vfs/events/LibrariesAddedEvent$
instanceKlass org/mule/weave/lsp/indexer/LSPWeaveIndexService$$anon$2
instanceKlass org/mule/weave/lsp/vfs/events/OnLibrariesRemoved
instanceKlass org/mule/weave/lsp/vfs/events/LibrariesRemovedEvent$
instanceKlass org/mule/dx/platform/internal/events/EventTypes
instanceKlass org/mule/weave/lsp/indexer/LSPWeaveIndexService$$anon$1
instanceKlass org/mule/weave/lsp/services/WeaveScenarioManagerService$$anon$2
instanceKlass org/mule/weave/lsp/services/events/OnDocumentClosed
instanceKlass org/mule/weave/lsp/services/events/DocumentClosedEvent$
instanceKlass org/mule/weave/lsp/services/WeaveScenarioManagerService$$anon$1
instanceKlass org/mule/dx/platform/api/event/RegionChangeListener
instanceKlass scala/collection/mutable/ArrayLike
instanceKlass org/mule/weave/lsp/services/PreviewService$$anon$5
instanceKlass org/mule/weave/lsp/services/events/OnActiveScenarioChanged
instanceKlass scala/collection/mutable/IndexedSeqOptimized
instanceKlass scala/collection/IndexedSeqOptimized
instanceKlass org/mule/weave/lsp/services/events/ActiveScenarioChangedEvent$
instanceKlass org/mule/weave/lsp/services/PreviewService$$anon$4
instanceKlass scala/collection/mutable/IndexedSeq
instanceKlass org/mule/weave/lsp/services/PreviewService$$anon$3
instanceKlass org/mule/weave/lsp/services/PreviewService$$anon$2
instanceKlass org/mule/weave/lsp/services/events/DocumentFocusChangedEvent$
instanceKlass org/mule/weave/lsp/services/PreviewService$$anon$1
instanceKlass org/mule/weave/lsp/services/events/DocumentChangedEvent$
instanceKlass org/mule/weave/lsp/services/DataWeaveToolingService$$anon$6
instanceKlass org/mule/weave/lsp/vfs/events/OnProjectVirtualFileDeletedEvent
instanceKlass org/mule/weave/lsp/vfs/events/ProjectVirtualFileDeletedEvent$
instanceKlass org/mule/weave/lsp/services/DataWeaveToolingService$$anon$5
instanceKlass org/mule/weave/lsp/vfs/events/OnProjectVirtualFileChangedEvent
instanceKlass scala/collection/mutable/IndexedSeqLike
instanceKlass org/mule/weave/lsp/vfs/events/ProjectVirtualFileChangedEvent$
instanceKlass org/mule/weave/lsp/services/DataWeaveToolingService$$anon$4
instanceKlass org/mule/weave/lsp/vfs/events/OnProjectVirtualFileCreatedEvent
instanceKlass org/mule/weave/lsp/vfs/events/ProjectVirtualFileCreatedEvent$
instanceKlass org/mule/weave/lsp/services/DataWeaveToolingService$$anon$3
instanceKlass scala/collection/IndexedSeq
instanceKlass org/mule/weave/lsp/services/DataWeaveToolingService$$anon$2
instanceKlass org/mule/weave/lsp/indexer/events/OnIndexingFinished
instanceKlass org/mule/weave/lsp/indexer/events/IndexingFinishedEvent$
instanceKlass org/mule/weave/lsp/services/DataWeaveToolingService$$anon$1
instanceKlass org/mule/weave/lsp/services/AgentBasedDataFormatDescriptorProviderService$$anon$1
instanceKlass scala/collection/IndexedSeqLike
instanceKlass org/mule/weave/lsp/agent/WeaveAgentService$$anon$2
instanceKlass org/mule/weave/lsp/project/events/OnProjectStarted
instanceKlass org/mule/weave/lsp/project/events/ProjectStartedEvent$
instanceKlass org/mule/weave/lsp/agent/WeaveAgentService$$anon$1
instanceKlass org/mule/weave/lsp/services/DataWeaveDependencyManagerService$$anon$2
instanceKlass org/mule/weave/lsp/project/events/OnDependencyArtifactRemoved
instanceKlass org/mule/weave/lsp/project/events/DependencyArtifactRemovedEvent$
instanceKlass org/mule/weave/lsp/services/DataWeaveDependencyManagerService$$anon$1
instanceKlass org/eclipse/aether/graph/Dependency
instanceKlass scala/LowPriorityImplicits
instanceKlass org/mule/weave/extension/api/component/dependency/DependencyArtifact
instanceKlass scala/collection/mutable/ArrayOps$ofRef$
instanceKlass scala/collection/immutable/TreeSet
instanceKlass scala/DeprecatedPredef
instanceKlass scala/collection/immutable/SortedSet
instanceKlass scala/runtime/RichDouble$
instanceKlass scala/Option$
instanceKlass scala/concurrent/ExecutionContext$
instanceKlass scala/collection/SortedSet
instanceKlass scala/concurrent/ExecutionContextExecutorService
instanceKlass scala/concurrent/impl/ExecutionContextImpl
instanceKlass scala/concurrent/ExecutionContextExecutor
instanceKlass scala/concurrent/impl/ExecutionContextImpl$
instanceKlass scala/collection/SortedSetLike
instanceKlass scala/concurrent/ExecutionContext
instanceKlass scala/concurrent/ExecutionContext$Implicits$
instanceKlass scala/collection/generic/Sorted
instanceKlass org/mulesoft/common/io/SyncFile
instanceKlass org/mulesoft/common/io/FileProto
instanceKlass org/mulesoft/common/io/File
instanceKlass org/mulesoft/common/io/Fs$
instanceKlass scala/collection/mutable/HashTable$
instanceKlass scala/collection/Parallel
instanceKlass scala/collection/mutable/HashEntry
instanceKlass org/mule/dx/platform/urls/CloudServiceUrlBuilder
instanceKlass scala/collection/Set
instanceKlass scala/collection/SetLike
instanceKlass scala/collection/mutable/Buffer
instanceKlass org/mule/dx/platform/api/utils/SafeRunner
instanceKlass org/mule/weave/lsp/project/ProcessModuleArtifactIdResolver$
instanceKlass org/mule/weave/lsp/project/HttpModuleArtifactIdResolver$
instanceKlass org/mule/dx/platform/api/utils/SafeRunnable
instanceKlass org/mule/weave/lsp/project/FileModuleArtifactIdResolver$
instanceKlass org/mule/dx/platform/api/event/AbstractEvent
instanceKlass org/mule/weave/lsp/project/BATArtifactIdResolver$
instanceKlass org/mule/weave/lsp/project/JavaModuleArtifactIdResolver$
instanceKlass eu/maveniverse/maven/mima/context/Context
instanceKlass scala/collection/mutable/BufferLike
instanceKlass scala/collection/script/Scriptable
instanceKlass scala/collection/mutable/ArrayOps$ofRef
instanceKlass scala/collection/mutable/Seq
instanceKlass scala/collection/mutable/ArrayOps
instanceKlass scala/collection/mutable/SeqLike
instanceKlass org/mule/weave/lsp/project/YamlModuleArtifactIdResolver$
instanceKlass org/mule/weave/lsp/project/NDJsonModuleArtifactIdResolver$
instanceKlass org/mule/weave/lsp/project/CoreModulesArtifactIdResolver$
instanceKlass org/mule/weave/lsp/project/RuntimeArtifactIdResolver$
instanceKlass org/mule/weave/lsp/project/MavenArtifactIdResolver
instanceKlass org/mule/weave/lsp/project/WeaveArtifacts$
instanceKlass org/eclipse/aether/internal/impl/LocalPathPrefixComposerFactorySupport$LocalPathPrefixComposerSupport
instanceKlass org/mule/weave/lsp/project/WeaveArtifacts
instanceKlass org/eclipse/aether/internal/impl/SimpleLocalRepositoryManager
instanceKlass org/eclipse/aether/internal/impl/PrioritizedComponent
instanceKlass org/eclipse/aether/util/ConfigUtils
instanceKlass scala/collection/IterableView
instanceKlass org/eclipse/aether/internal/impl/PrioritizedComponents
instanceKlass scala/collection/IterableViewLike
instanceKlass org/eclipse/aether/repository/LocalRepository
instanceKlass org/eclipse/aether/util/repository/DefaultAuthenticationSelector
instanceKlass org/eclipse/aether/util/repository/DefaultProxySelector
instanceKlass org/eclipse/aether/util/repository/DefaultMirrorSelector
instanceKlass scala/collection/GenSet
instanceKlass org/apache/maven/settings/crypto/DefaultSettingsDecryptionResult
instanceKlass org/apache/maven/settings/crypto/DefaultSettingsDecryptionRequest
instanceKlass org/eclipse/aether/util/repository/SimpleResolutionErrorPolicy
instanceKlass scala/collection/generic/GenericSetTemplate
instanceKlass scala/collection/GenSetLike
instanceKlass org/eclipse/aether/DefaultRepositoryCache
instanceKlass org/mule/weave/extension/api/component/features/FeatureUtils
instanceKlass scala/collection/generic/TraversableFactory
instanceKlass scala/collection/generic/GenericSeqCompanion
instanceKlass org/mule/weave/extension/api/component/features/Feature
instanceKlass org/eclipse/aether/util/repository/SimpleArtifactDescriptorPolicy
instanceKlass org/mule/weave/lsp/services/MetricsService
instanceKlass scala/collection/generic/GenericCompanion
instanceKlass scala/collection/concurrent/TrieMapIterator$
instanceKlass scala/collection/concurrent/TrieMapIterator
instanceKlass scala/collection/TraversableView
instanceKlass scala/collection/TraversableViewLike
instanceKlass org/eclipse/aether/artifact/DefaultArtifactType
instanceKlass scala/collection/ViewMkString
instanceKlass org/mule/weave/lsp/actions/RefactorActionProvider
instanceKlass org/mule/weave/lsp/actions/InsertWeaveTypeAction
instanceKlass org/eclipse/aether/util/artifact/SimpleArtifactTypeRegistry
instanceKlass org/eclipse/aether/util/graph/transformer/JavaDependencyContextRefiner
instanceKlass org/mule/weave/lsp/actions/InsertDocumentationAction
instanceKlass org/eclipse/aether/util/graph/transformer/ChainedDependencyGraphTransformer
instanceKlass scala/collection/concurrent/RDCSS_Descriptor
instanceKlass org/mule/weave/lsp/actions/QuickFixAction
instanceKlass org/eclipse/aether/util/graph/transformer/ConflictResolver
instanceKlass org/eclipse/aether/graph/Exclusion
instanceKlass org/eclipse/aether/util/graph/selector/ExclusionDependencySelector
instanceKlass org/eclipse/aether/util/graph/selector/OptionalDependencySelector
instanceKlass org/eclipse/aether/util/graph/selector/ScopeDependencySelector
instanceKlass org/eclipse/aether/util/graph/selector/AndDependencySelector
instanceKlass org/eclipse/aether/util/graph/manager/ClassicDependencyManager
instanceKlass org/eclipse/aether/util/graph/traverser/FatArtifactTraverser
instanceKlass org/mule/weave/lsp/actions/CodeActionsManagerService
instanceKlass org/mule/weave/lsp/services/DataWeaveDependencyManagerService
instanceKlass scala/util/control/ControlThrowable
instanceKlass org/mule/weave/lsp/services/Debouncer
instanceKlass scala/util/control/NoStackTrace
instanceKlass org/eclipse/aether/DefaultSessionData
instanceKlass org/eclipse/aether/DefaultRepositorySystemSession$NullFileTransformerManager
instanceKlass org/eclipse/aether/transform/FileTransformerManager
instanceKlass org/eclipse/aether/DefaultRepositorySystemSession$NullArtifactTypeRegistry
instanceKlass org/mule/weave/v2/parser/exception/WeaveException
instanceKlass org/mule/weave/lsp/services/PreviewService
instanceKlass org/mule/weave/lsp/services/DataWeaveTestService$$anon$1
instanceKlass org/mule/weave/lsp/project/events/OnSettingsChanged
instanceKlass org/eclipse/aether/DefaultRepositorySystemSession$NullAuthenticationSelector
instanceKlass org/eclipse/aether/DefaultRepositorySystemSession$NullProxySelector
instanceKlass org/eclipse/aether/DefaultRepositorySystemSession$NullMirrorSelector
instanceKlass org/eclipse/aether/DefaultRepositorySystemSession
instanceKlass org/eclipse/aether/resolution/ArtifactDescriptorPolicy
instanceKlass org/eclipse/aether/artifact/ArtifactTypeRegistry
instanceKlass org/eclipse/aether/collection/DependencyGraphTransformer
instanceKlass org/eclipse/aether/util/graph/transformer/ConflictResolver$VersionSelector
instanceKlass org/eclipse/aether/util/graph/transformer/ConflictResolver$ScopeSelector
instanceKlass org/eclipse/aether/util/graph/transformer/ConflictResolver$OptionalitySelector
instanceKlass org/eclipse/aether/util/graph/transformer/ConflictResolver$ScopeDeriver
instanceKlass org/eclipse/aether/collection/DependencySelector
instanceKlass org/eclipse/aether/collection/DependencyManager
instanceKlass org/eclipse/aether/collection/DependencyTraverser
instanceKlass org/apache/maven/repository/internal/MavenRepositorySystemUtils
instanceKlass scala/collection/mutable/Map
instanceKlass scala/collection/mutable/MapLike
instanceKlass scala/collection/mutable/Cloneable
instanceKlass scala/Cloneable
instanceKlass org/mule/weave/lsp/project/events/SettingsChangedEvent$
instanceKlass java/util/concurrent/Semaphore
instanceKlass scala/collection/generic/Shrinkable
instanceKlass org/mule/weave/lsp/utils/WeaveSyntacticTestIndexer
instanceKlass org/mule/weave/lsp/utils/NoopWeaveTestIndexer$
instanceKlass scala/collection/immutable/StringOps$
instanceKlass scala/collection/immutable/StringOps
instanceKlass scala/collection/mutable/Iterable
instanceKlass scala/collection/mutable/Traversable
instanceKlass scala/Mutable
instanceKlass org/eclipse/lsp4j/SemanticTokensServerFull
instanceKlass org/eclipse/lsp4j/SemanticTokensLegend
instanceKlass scala/collection/immutable/StringLike
instanceKlass scala/collection/CustomParallelizable
instanceKlass org/eclipse/lsp4j/FileOperationPatternOptions
instanceKlass scala/collection/mutable/HashTable
instanceKlass org/apache/commons/io/filefilter/IOFileFilter
instanceKlass org/apache/commons/io/file/PathFilter
instanceKlass java/io/FilenameFilter
instanceKlass scala/collection/mutable/HashTable$HashUtils
instanceKlass org/apache/maven/model/Activation
instanceKlass eu/maveniverse/maven/mima/runtime/shared/StandaloneRuntimeSupport$1
instanceKlass java/util/stream/DistinctOps
instanceKlass org/apache/maven/model/profile/DefaultProfileActivationContext
instanceKlass org/apache/maven/settings/building/DefaultSettingsBuildingResult
instanceKlass org/codehaus/plexus/interpolation/SimpleRecursionInterceptor
instanceKlass org/apache/maven/settings/building/DefaultSettingsBuilder$1
instanceKlass org/codehaus/plexus/interpolation/os/OperatingSystemUtils$DefaultEnvVarSource
instanceKlass org/codehaus/plexus/interpolation/os/OperatingSystemUtils$EnvVarSource
instanceKlass org/codehaus/plexus/interpolation/os/OperatingSystemUtils
instanceKlass org/codehaus/plexus/interpolation/AbstractValueSource
instanceKlass net/liftweb/json/Formats
instanceKlass org/mule/weave/lsp/utils/WeaveTestIndexer
instanceKlass org/mule/weave/lsp/services/DataWeaveTestService
instanceKlass org/mule/weave/dsp/ProcessListener
instanceKlass scala/collection/generic/GenMapFactory$MapCanBuildFrom
instanceKlass scala/collection/Map
instanceKlass org/mule/weave/lsp/services/AgentBasedDataFormatDescriptorProviderService
instanceKlass scala/collection/MapLike
instanceKlass scala/collection/generic/Subtractable
instanceKlass org/codehaus/plexus/interpolation/RegexBasedInterpolator
instanceKlass org/codehaus/plexus/interpolation/Interpolator
instanceKlass org/codehaus/plexus/interpolation/BasicInterpolator
instanceKlass scala/collection/GenMap
instanceKlass scala/collection/GenMapLike
instanceKlass scala/collection/generic/CanBuildFrom
instanceKlass org/mule/weave/v2/agent/client/ModuleLoadedListener
instanceKlass org/eclipse/lsp4j/DocumentFilter
instanceKlass org/mule/weave/v2/agent/client/ImplicitWeaveTypesListener
instanceKlass org/codehaus/plexus/util/xml/pull/MXSerializer
instanceKlass org/eclipse/lsp4j/TextDocumentRegistrationOptions
instanceKlass scala/collection/mutable/Builder
instanceKlass scala/collection/generic/Growable
instanceKlass scala/collection/generic/Clearable
instanceKlass scala/collection/generic/GenMapFactory
instanceKlass org/mule/weave/v2/agent/client/WeaveTypeInferListener
instanceKlass org/eclipse/lsp4j/SaveOptions
instanceKlass org/mule/weave/v2/agent/client/DataFormatDefinitionListener
instanceKlass org/mule/weave/v2/agent/client/ConnectionRetriesListener
instanceKlass org/eclipse/lsp4j/TextDocumentSyncOptions
instanceKlass org/mule/weave/v2/agent/client/ClientProtocol
instanceKlass org/codehaus/plexus/util/xml/pull/XmlSerializer
instanceKlass org/apache/maven/settings/io/xpp3/SettingsXpp3Writer
instanceKlass org/eclipse/lsp4j/DocumentOnTypeFormattingOptions
instanceKlass org/eclipse/lsp4j/FileOperationPattern
instanceKlass org/eclipse/lsp4j/FileOperationFilter
instanceKlass org/mule/weave/lsp/utils/ProcessStreamLineConsumer
instanceKlass amf/core/client/platform/resource/ResourceLoader
instanceKlass org/mulesoft/common/io/FileSystem
instanceKlass amf/core/client/scala/model/domain/AmfObject
instanceKlass amf/core/client/scala/model/domain/AmfElement
instanceKlass amf/core/internal/remote/JvmPlatform
instanceKlass org/mule/weave/v2/agent/client/PreviewExecutedListener
instanceKlass org/mule/weave/v2/agent/client/UnexpectedErrorListener
instanceKlass org/mule/weave/lsp/agent/WeaveAgentService
instanceKlass amf/core/internal/unsafe/PlatformBuilder$
instanceKlass org/mule/weave/lsp/agent/SettingsBasedAgentClasspathResolver
instanceKlass org/mule/weave/lsp/services/WeaveScenarioManagerService
instanceKlass org/eclipse/lsp4j/FileOperationOptions
instanceKlass org/eclipse/lsp4j/FileOperationsServerCapabilities
instanceKlass org/mule/weave/extension/api/extension/validation/MessageValidationCollector
instanceKlass org/mule/weave/extension/api/extension/validation/MessageBuilderFactory
instanceKlass org/codehaus/plexus/util/StringUtils
instanceKlass org/mule/weave/v2/parser/MessageCategory
instanceKlass org/mule/weave/extension/api/filesystem/VirtualFile
instanceKlass org/mule/weave/lsp/services/DataWeaveToolingService
instanceKlass org/mule/weave/extension/api/extension/annotations/WeaveAnnotationProcessorBinding
instanceKlass org/apache/maven/settings/RepositoryBase
instanceKlass org/eclipse/xtext/xbase/lib/util/ToStringBuilder$IndentationAwareStringBuilder
instanceKlass org/eclipse/xtext/xbase/lib/util/ToStringBuilder$Part
instanceKlass org/apache/maven/settings/Activation
instanceKlass org/mule/weave/v2/completion/DataFormatDescriptorProvider
instanceKlass org/mule/weave/v2/editor/ModuleLoaderFactory
instanceKlass amf/core/internal/remote/Platform
instanceKlass org/eclipse/xtext/xbase/lib/util/ToStringContext
instanceKlass org/mule/weave/extension/plugin/project/DefaultWeaveToolingServiceFactory
instanceKlass amf/core/internal/remote/FileMediaType
instanceKlass org/eclipse/xtext/xbase/lib/util/ToStringBuilder
instanceKlass org/codehaus/plexus/util/xml/pull/EntityReplacementMap
instanceKlass org/eclipse/lsp4j/WorkspaceServerCapabilities
instanceKlass org/eclipse/lsp4j/WorkspaceFoldersOptions
instanceKlass org/mulesoft/als/server/ALSConverters$
instanceKlass org/codehaus/plexus/util/xml/pull/MXParser
instanceKlass org/mule/weave/v2/editor/ChangeListener
instanceKlass org/mule/weave/lsp/indexer/LSPWeaveIndexService
instanceKlass org/mule/weave/v2/editor/indexing/WeaveIndexService
instanceKlass org/mulesoft/als/server/ALSClientConverter
instanceKlass org/mule/weave/lsp/vfs/CustomLoaderVirtualFileSystem$$anon$1
instanceKlass org/mule/weave/lsp/vfs/CustomLoaderVirtualFileSystem
instanceKlass org/mule/weave/lsp/vfs/ReadOnlyVirtualFileSystem
instanceKlass org/mule/weave/v2/editor/CompositeFileSystem
instanceKlass java/util/AbstractList$RandomAccessSpliterator
instanceKlass org/mule/weave/lsp/vfs/resource/CustomLoaderResourceResolver$$anon$3
instanceKlass org/mule/weave/lsp/services/events/OnAgentStarted
instanceKlass org/mule/weave/lsp/services/events/AgentStartedEvent$
instanceKlass org/mule/weave/lsp/vfs/resource/CustomLoaderResourceResolver$$anon$2
instanceKlass org/mule/weave/lsp/project/events/OnDependencyArtifactResolved
instanceKlass org/mule/weave/lsp/project/events/DependencyArtifactResolvedEvent$
instanceKlass org/mule/weave/lsp/utils/EventRegistrationHandler
instanceKlass org/mulesoft/als/server/ALSConverters
instanceKlass org/apache/maven/settings/io/xpp3/SettingsXpp3Reader$1
instanceKlass scala/collection/mutable/DefaultEntry
instanceKlass org/mule/weave/lsp/extension/protocol/WeaveQuickPickResult
instanceKlass org/eclipse/lsp4j/AbstractWorkDoneProgressOptions
instanceKlass org/mule/weave/lsp/extension/protocol/WeaveInputBoxResult
instanceKlass scala/util/hashing/MurmurHash3$ArrayHashing
instanceKlass org/mule/weave/lsp/extension/protocol/OpenWindowsParams
instanceKlass scala/util/hashing/MurmurHash3
instanceKlass org/codehaus/plexus/util/xml/pull/XmlPullParser
instanceKlass org/mule/weave/lsp/vfs/resource/CustomLoaderResourceResolver$$anon$1
instanceKlass org/mule/weave/lsp/services/events/OnFileChanged
instanceKlass org/mule/weave/lsp/utils/InternalEventType
instanceKlass org/mule/weave/lsp/services/events/FileChangedEvent$
instanceKlass org/mulesoft/als/server/ClientLoggerConverter
instanceKlass amf/apicontract/internal/convert/ApiBaseClientConverter
instanceKlass org/mule/weave/extension/plugin/project/ModuleLoaderConstants
instanceKlass org/mule/weave/lsp/vfs/resource/CustomLoaderResourceResolver
instanceKlass org/mule/weave/lsp/extension/protocol/LaunchConfiguration
instanceKlass org/mule/weave/lsp/extension/protocol/OpenTextDocumentParams
instanceKlass org/apache/maven/settings/io/xpp3/SettingsXpp3Reader$ContentTransformer
instanceKlass org/mule/weave/lsp/extension/protocol/WeaveQuickPickParams
instanceKlass scala/runtime/Statics
instanceKlass amf/core/internal/convert/CoreBaseClientConverter
instanceKlass org/mule/weave/lsp/extension/protocol/WeaveOpenDialogParams
instanceKlass org/mule/weave/lsp/extension/protocol/WeaveInputBoxParams
instanceKlass scala/collection/mutable/FlatHashTable$
instanceKlass amf/apicontract/internal/convert/ApiBaseConverter
instanceKlass org/apache/maven/settings/io/xpp3/SettingsXpp3Reader
instanceKlass org/mule/weave/lsp/extension/protocol/JobStartedParams
instanceKlass scala/util/hashing/package$
instanceKlass org/mule/weave/lsp/extension/protocol/JobEndedParams
instanceKlass org/mule/weave/lsp/extension/protocol/DependenciesParams
instanceKlass org/apache/maven/building/FileSource
instanceKlass org/mule/weave/lsp/extension/protocol/EditorDecorationsParams
instanceKlass org/apache/maven/settings/TrackableBase
instanceKlass org/mule/weave/lsp/extension/protocol/ShowScenariosParams
instanceKlass org/apache/maven/settings/building/DefaultSettingsProblemCollector
instanceKlass scala/collection/mutable/FlatHashTable
instanceKlass scala/collection/mutable/FlatHashTable$HashUtils
instanceKlass amf/apicontract/internal/convert/GooglePubSubSchemaSettingsConverter
instanceKlass amf/apicontract/internal/convert/GooglePubSubMessageStoragePolicyConverter
instanceKlass amf/apicontract/internal/convert/GooglePubSubChannelBinding020Converter
instanceKlass amf/apicontract/internal/convert/GooglePubSubChannelBinding010Converter
instanceKlass amf/apicontract/internal/convert/GooglePubSubChannelBindingConverter
instanceKlass amf/apicontract/internal/convert/GooglePubSubSchemaDefinition020Converter
instanceKlass amf/apicontract/internal/convert/GooglePubSubSchemaDefinition010Converter
instanceKlass org/mule/weave/lsp/extension/protocol/MetricEvent
instanceKlass org/mule/weave/lsp/extension/protocol/PreviewResult
instanceKlass amf/apicontract/internal/convert/GooglePubSubSchemaDefinitionConverter
instanceKlass amf/apicontract/internal/convert/GooglePubSubMessageBinding020Converter
instanceKlass amf/apicontract/internal/convert/GooglePubSubMessageBinding010Converter
instanceKlass amf/apicontract/internal/convert/GooglePubSubMessageBindingConverter
instanceKlass org/mule/weave/lsp/extension/protocol/PublishTestResultsParams
instanceKlass amf/apicontract/internal/convert/PulsarChannelRetentionConverter
instanceKlass amf/apicontract/internal/convert/PulsarChannelBindingConverter
instanceKlass amf/apicontract/internal/convert/PulsarServerBindingConverter
instanceKlass org/mule/weave/lsp/extension/protocol/PublishTestItemsParams
instanceKlass amf/apicontract/internal/convert/EndpointFederationMetadataConverter
instanceKlass amf/apicontract/internal/convert/ParameterFederationMetadataConverter
instanceKlass amf/apicontract/internal/convert/ComponentModuleConverter
instanceKlass amf/apicontract/internal/convert/ParameterKeyMappingConverter
instanceKlass org/mule/weave/lsp/extension/protocol/SetContextParams
instanceKlass amf/apicontract/internal/convert/OperationFederationMetadataConverter
instanceKlass amf/apicontract/internal/convert/APIContractProcessingDataConverter
instanceKlass org/apache/maven/settings/building/DefaultSettingsBuildingRequest
instanceKlass amf/apicontract/internal/convert/AMFLibraryResultConverter
instanceKlass scala/collection/mutable/Set
instanceKlass amf/apicontract/internal/convert/AMFDocumentResultConverter
instanceKlass amf/apicontract/internal/convert/AMFConfigurationConverter
instanceKlass amf/apicontract/internal/convert/ServerBindingConverter
instanceKlass amf/apicontract/internal/convert/MessageBindingConverter
instanceKlass amf/apicontract/internal/convert/OperationBindingConverter
instanceKlass amf/apicontract/internal/convert/ChannelBindingConverter
instanceKlass amf/apicontract/internal/convert/IBMMQChannelTopicConverter
instanceKlass amf/apicontract/internal/convert/IBMMQChannelQueueConverter
instanceKlass amf/apicontract/internal/convert/IBMMQChannelBindingConverter
instanceKlass amf/apicontract/internal/convert/IBMMQServerBindingConverter
instanceKlass amf/apicontract/internal/convert/IBMMQMessageBindingConverter
instanceKlass amf/apicontract/internal/convert/AnypointMQChannelBindingConverter
instanceKlass amf/apicontract/internal/convert/AnypointMQMessageBindingConverter
instanceKlass amf/apicontract/internal/convert/SolaceOperationTopicConverter
instanceKlass amf/apicontract/internal/convert/SolaceOperationQueue030Converter
instanceKlass amf/apicontract/internal/convert/SolaceOperationQueue010Converter
instanceKlass amf/apicontract/internal/convert/SolaceOperationQueueConverter
instanceKlass amf/apicontract/internal/convert/SolaceOperationDestination040Converter
instanceKlass amf/apicontract/internal/convert/SolaceOperationDestination030Converter
instanceKlass amf/apicontract/internal/convert/SolaceOperationDestination020Converter
instanceKlass amf/apicontract/internal/convert/SolaceOperationDestination010Converter
instanceKlass amf/apicontract/internal/convert/SolaceOperationDestinationConverter
instanceKlass amf/apicontract/internal/convert/SolaceOperationBinding040Converter
instanceKlass amf/apicontract/internal/convert/SolaceOperationBinding030Converter
instanceKlass scala/collection/mutable/SetLike
instanceKlass amf/apicontract/internal/convert/SolaceOperationBinding020Converter
instanceKlass amf/apicontract/internal/convert/SolaceOperationBinding010Converter
instanceKlass amf/apicontract/internal/convert/SolaceOperationBindingConverter
instanceKlass amf/apicontract/internal/convert/SolaceServerBinding040Converter
instanceKlass amf/apicontract/internal/convert/SolaceServerBinding010Converter
instanceKlass amf/apicontract/internal/convert/SolaceServerBindingConverter
instanceKlass amf/apicontract/internal/convert/Amqp091Queue020Converter
instanceKlass amf/apicontract/internal/convert/Amqp091Queue010Converter
instanceKlass amf/apicontract/internal/convert/Amqp091QueueConverter
instanceKlass amf/apicontract/internal/convert/Amqp091ChannelExchange020Converter
instanceKlass amf/apicontract/internal/convert/Amqp091ChannelExchange010Converter
instanceKlass amf/apicontract/internal/convert/Amqp091ChannelExchangeConverter
instanceKlass org/mule/weave/lsp/vfs/ProjectFileSystemService
instanceKlass amf/apicontract/internal/convert/MqttServerLastWillConverter
instanceKlass amf/apicontract/internal/convert/WebSocketsChannelBindingConverter
instanceKlass amf/apicontract/internal/convert/MqttServerBinding020Converter
instanceKlass amf/apicontract/internal/convert/MqttServerBinding010Converter
instanceKlass org/mule/weave/v2/sdk/WeaveResourceResolver
instanceKlass amf/apicontract/internal/convert/MqttServerBindingConverter
instanceKlass eu/maveniverse/maven/mima/runtime/standalonestatic/CompatLookup
instanceKlass amf/apicontract/internal/convert/MqttOperationBinding020Converter
instanceKlass amf/apicontract/internal/convert/MqttOperationBinding010Converter
instanceKlass org/mule/weave/lsp/vfs/LibrariesVirtualFileSystem
instanceKlass amf/apicontract/internal/convert/MqttOperationBindingConverter
instanceKlass amf/apicontract/internal/convert/MqttMessageBinding020Converter
instanceKlass amf/apicontract/internal/convert/MqttMessageBinding010Converter
instanceKlass amf/apicontract/internal/convert/MqttMessageBindingConverter
instanceKlass org/mule/weave/lsp/vfs/JarFileNameIdentifierResolver
instanceKlass org/mule/weave/lsp/vfs/NameIdentifierResolver
instanceKlass amf/apicontract/internal/convert/KafkaTopicConfiguration050Converter
instanceKlass org/eclipse/aether/graph/DependencyVisitor
instanceKlass amf/apicontract/internal/convert/KafkaTopicConfiguration040Converter
instanceKlass amf/apicontract/internal/convert/KafkaTopicConfigurationConverter
instanceKlass scala/collection/mutable/HashTable$
instanceKlass org/eclipse/aether/internal/impl/DefaultRepositorySystem
instanceKlass amf/apicontract/internal/convert/KafkaChannelBinding050Converter
instanceKlass amf/apicontract/internal/convert/KafkaChannelBinding040Converter
instanceKlass amf/apicontract/internal/convert/KafkaChannelBinding030Converter
instanceKlass org/eclipse/aether/internal/impl/collect/DefaultDependencyCollector
instanceKlass amf/apicontract/internal/convert/KafkaChannelBindingConverter
instanceKlass scala/collection/mutable/HashEntry
instanceKlass amf/apicontract/internal/convert/KafkaServerBindingConverter
instanceKlass org/eclipse/aether/internal/impl/collect/bf/DependencyResolutionSkipper
instanceKlass amf/apicontract/internal/convert/KafkaOperationBindingConverter
instanceKlass amf/apicontract/internal/convert/KafkaMessageBinding030Converter
instanceKlass amf/apicontract/internal/convert/KafkaMessageBinding010Converter
instanceKlass org/mule/weave/lsp/utils/InternalEventBus
instanceKlass amf/apicontract/internal/convert/KafkaMessageBindingConverter
instanceKlass org/eclipse/aether/collection/DependencyCollectionContext
instanceKlass org/eclipse/aether/collection/VersionFilter$VersionFilterContext
instanceKlass org/eclipse/aether/collection/DependencyGraphTransformationContext
instanceKlass org/mule/weave/lsp/agent/AgentClasspathResolver
instanceKlass org/eclipse/aether/graph/DependencyNode
instanceKlass org/mule/weave/lsp/services/WeaveToolingServiceFactory
instanceKlass org/mule/weave/v2/editor/VirtualFileSystem
instanceKlass amf/apicontract/internal/convert/HttpOperationBinding020Converter
instanceKlass amf/apicontract/internal/convert/HttpOperationBinding010Converter
instanceKlass org/eclipse/aether/internal/impl/collect/DependencyCollectorDelegate
instanceKlass amf/apicontract/internal/convert/HttpOperationBindingConverter
instanceKlass org/mule/weave/lsp/project/components/ProjectFolderFactory
instanceKlass org/mule/weave/extension/plugin/project/ProjectKindAdapter
instanceKlass org/eclipse/aether/artifact/ArtifactType
instanceKlass org/apache/maven/repository/internal/ArtifactDescriptorReaderDelegate
instanceKlass org/eclipse/aether/artifact/Artifact
instanceKlass org/apache/maven/model/resolution/ModelResolver
instanceKlass org/apache/maven/repository/internal/DefaultArtifactDescriptorReader
instanceKlass amf/apicontract/internal/convert/HttpMessageBinding030Converter
instanceKlass amf/apicontract/internal/convert/HttpMessageBinding020Converter
instanceKlass org/apache/maven/repository/internal/DefaultModelCacheFactory
instanceKlass amf/apicontract/internal/convert/HttpMessageBindingConverter
instanceKlass amf/apicontract/internal/convert/EmptyBindingConverter
instanceKlass amf/apicontract/internal/convert/Amqp091OperationBinding030Converter
instanceKlass amf/apicontract/internal/convert/Amqp091OperationBinding010Converter
instanceKlass org/mule/dx/platform/internal/api/impl/DefaultProjectDescriptor
instanceKlass amf/apicontract/internal/convert/Amqp091OperationBindingConverter
instanceKlass org/apache/maven/model/InputLocation
instanceKlass org/apache/maven/model/InputSource
instanceKlass amf/apicontract/internal/convert/Amqp091MessageBindingConverter
instanceKlass amf/apicontract/internal/convert/Amqp091ChannelBinding020Converter
instanceKlass org/apache/maven/model/plugin/DefaultReportingConverter
instanceKlass amf/apicontract/internal/convert/Amqp091ChannelBinding010Converter
instanceKlass org/apache/maven/model/plugin/DefaultReportConfigurationExpander
instanceKlass amf/apicontract/internal/convert/Amqp091ChannelBindingConverter
instanceKlass amf/apicontract/internal/convert/MessageBindingsConverter
instanceKlass amf/apicontract/internal/convert/ServerBindingsConverter
instanceKlass amf/apicontract/internal/convert/OperationBindingsConverter
instanceKlass amf/apicontract/internal/convert/ChannelBindingsConverter
instanceKlass amf/apicontract/internal/convert/CorrelationIdConverter
instanceKlass amf/apicontract/internal/convert/SecurityRequirementConverter
instanceKlass org/apache/maven/model/plugin/DefaultPluginConfigurationExpander
instanceKlass amf/apicontract/internal/convert/OAuth2FlowConverter
instanceKlass amf/apicontract/internal/convert/EncodingConverter
instanceKlass amf/apicontract/internal/convert/CallbackConverter
instanceKlass org/apache/maven/model/management/DefaultPluginManagementInjector
instanceKlass amf/apicontract/internal/convert/TemplatedLinkConverter
instanceKlass amf/apicontract/internal/convert/ServerConverter
instanceKlass org/apache/maven/model/building/DefaultModelBuilderFactory$StubLifecycleBindingsInjector
instanceKlass amf/apicontract/internal/convert/ScopeConverter
instanceKlass org/apache/maven/model/management/DefaultDependencyManagementInjector
instanceKlass org/apache/maven/model/composition/DefaultDependencyManagementImporter
instanceKlass amf/apicontract/internal/convert/SettingsConverter
instanceKlass org/apache/maven/model/superpom/DefaultSuperPomProvider
instanceKlass amf/apicontract/internal/convert/SecuritySchemeConverter
instanceKlass amf/apicontract/internal/convert/ParametrizedSecuritySchemeConverter
instanceKlass amf/apicontract/internal/convert/PayloadConverter
instanceKlass org/apache/maven/model/profile/DefaultProfileInjector
instanceKlass amf/apicontract/internal/convert/ParameterConverter
instanceKlass org/mule/dx/platform/internal/api/embedded/lsp/TextEditsTranslator
instanceKlass amf/apicontract/internal/convert/TagConverter
instanceKlass amf/apicontract/internal/convert/OperationConverter
instanceKlass org/apache/maven/model/inheritance/DefaultInheritanceAssembler
instanceKlass amf/apicontract/internal/convert/MessageConverter
instanceKlass org/mule/dx/platform/internal/api/embedded/lsp/MediatorLanguageClient
instanceKlass org/apache/maven/model/interpolation/StringVisitorModelInterpolator$InnerInterpolator
instanceKlass org/codehaus/plexus/interpolation/RecursionInterceptor
instanceKlass amf/apicontract/internal/convert/LicenseConverter
instanceKlass org/mule/dx/platform/internal/api/embedded/lsp/LanguageClientInvocationHandler
instanceKlass amf/apicontract/internal/convert/OrganizationConverter
instanceKlass org/apache/maven/model/interpolation/AbstractStringBasedModelInterpolator
instanceKlass amf/apicontract/internal/convert/TraitConverter
instanceKlass org/apache/maven/model/path/DefaultUrlNormalizer
instanceKlass org/apache/maven/model/path/DefaultModelUrlNormalizer
instanceKlass org/apache/maven/model/path/DefaultModelPathTranslator
instanceKlass amf/apicontract/internal/convert/ResourceTypeConverter
instanceKlass amf/apicontract/internal/convert/EndPointConverter
instanceKlass amf/shapes/internal/convert/ShapesBaseConverter
instanceKlass org/mule/contribution/internal/lsp/EnumSerializer
instanceKlass org/apache/maven/model/merge/ModelMerger$KeyComputer
instanceKlass org/mule/contribution/transform/ui/ReadTransformSampleDataResponse
instanceKlass org/mule/contribution/api/lsp/ui/DataPreviewResponse
instanceKlass amf/shapes/internal/convert/JsonLDInstanceDocumentConverter
instanceKlass amf/shapes/internal/convert/JsonLDSchemaConfigurationClientConverter
instanceKlass amf/shapes/internal/convert/JsonLDInstanceResultConverter
instanceKlass amf/shapes/internal/convert/JsonLDSchemaResultConverter
instanceKlass scala/util/Try
instanceKlass amf/shapes/internal/convert/JsonLDSchemaConfigurationConverter
instanceKlass org/mule/contribution/api/lsp/ui/UIFormResponse
instanceKlass amf/shapes/internal/convert/JsonLDElementConverter
instanceKlass org/apache/maven/model/Contributor
instanceKlass amf/shapes/internal/convert/JsonLDArrayConverter
instanceKlass amf/shapes/internal/convert/JsonLDObjectConverter
instanceKlass org/apache/maven/model/ConfigurationContainer
instanceKlass amf/shapes/internal/convert/ContextMappingConverter
instanceKlass amf/shapes/internal/convert/CuriePrefixConverter
instanceKlass scala/util/Try$
instanceKlass amf/shapes/internal/convert/DefaultVocabularyConverter
instanceKlass amf/shapes/internal/convert/BaseIriConverter
instanceKlass org/mule/weave/lsp/utils/URLUtils$
instanceKlass amf/shapes/internal/convert/JsonSchemaDocumentConverter
instanceKlass amf/shapes/internal/convert/KeyConverter
instanceKlass amf/shapes/internal/convert/ExternalPropertyShapeConverter
instanceKlass amf/shapes/internal/convert/PropertyKeyMappingConverter
instanceKlass amf/shapes/internal/convert/ShapePayloadConverter
instanceKlass amf/shapes/internal/convert/ShapeParameterConverter
instanceKlass amf/shapes/internal/convert/ShapeResponseConverter
instanceKlass amf/shapes/internal/convert/ShapeRequestConverter
instanceKlass org/apache/maven/model/PatternSet
instanceKlass org/apache/commons/cli/Util
instanceKlass amf/shapes/internal/convert/ShapeOperationConverter
instanceKlass org/apache/commons/cli/CommandLine
instanceKlass org/apache/maven/model/PluginContainer
instanceKlass amf/shapes/internal/convert/AMFSemanticSchemaResultConverter
instanceKlass amf/shapes/internal/convert/SemanticSchemaConfigurationConverter
instanceKlass org/apache/commons/cli/DefaultParser
instanceKlass amf/shapes/internal/convert/ShapesConfigurationConverter
instanceKlass scala/Array$$anon$11
instanceKlass amf/shapes/internal/convert/DiscriminatorValueMappingConverter
instanceKlass amf/shapes/internal/convert/IriTemplateMappingConverter
instanceKlass scala/Array$$anon$10
instanceKlass org/apache/commons/cli/OptionValidator
instanceKlass scala/Array$$anon$9
instanceKlass amf/shapes/internal/convert/CreativeWorkConverter
instanceKlass scala/Array$$anon$8
instanceKlass org/apache/commons/cli/Option
instanceKlass scala/Array$$anon$7
instanceKlass amf/shapes/internal/convert/SchemaDependenciesConverter
instanceKlass amf/shapes/internal/convert/PropertyDependenciesConverter
instanceKlass scala/Array$$anon$6
instanceKlass org/apache/commons/cli/Options
instanceKlass amf/shapes/internal/convert/UnionShapeConverter
instanceKlass scala/Array$$anon$5
instanceKlass amf/shapes/internal/convert/ExampleConverter
instanceKlass scala/Array$$anon$4
instanceKlass amf/shapes/internal/convert/XMLSerializerConverter
instanceKlass scala/Array$$anon$3
instanceKlass scala/Array$$anon$2
instanceKlass amf/shapes/internal/convert/TupleShapeConverter
instanceKlass amf/shapes/internal/convert/ArrayShapeConverter
instanceKlass amf/shapes/internal/convert/AnyShapeConverter
instanceKlass org/apache/maven/model/merge/ModelMerger$Remapping
instanceKlass org/apache/maven/model/merge/ModelMerger
instanceKlass amf/shapes/internal/convert/FileShapeConverter
instanceKlass amf/shapes/internal/convert/ScalarShapeConverter
instanceKlass amf/shapes/internal/convert/NodeShapeConverter
instanceKlass amf/shapes/internal/convert/SchemaShapeConverter
instanceKlass amf/shapes/internal/convert/NilShapeConverter
instanceKlass amf/aml/internal/convert/VocabulariesBaseConverter
instanceKlass org/apache/maven/model/normalization/DefaultModelNormalizer
instanceKlass org/apache/maven/model/interpolation/DefaultModelVersionProcessor
instanceKlass amf/aml/internal/convert/DialectInstanceProcessingDataConverter
instanceKlass amf/aml/internal/convert/AMLVocabularyResultConverter
instanceKlass amf/aml/internal/convert/AMLDialectInstanceResultConverter
instanceKlass amf/aml/internal/convert/AMLDialectResultConverter
instanceKlass scala/FallbackArrayBuilding
instanceKlass amf/aml/internal/convert/AMLConfigurationConverter
instanceKlass amf/aml/internal/convert/ClassTermMappingConverter
instanceKlass amf/aml/internal/convert/ObjectPropertyMappingConverter
instanceKlass amf/aml/internal/convert/DatatypePropertyMappingConverter
instanceKlass amf/aml/internal/convert/DialectDomainElementConverter
instanceKlass amf/aml/internal/convert/NodeMappingConverter
instanceKlass amf/aml/internal/convert/ExternalConverter
instanceKlass amf/aml/internal/convert/VocabularyReferenceConverter
instanceKlass org/apache/maven/model/RepositoryBase
instanceKlass amf/aml/internal/convert/DocumentMappingConverter
instanceKlass amf/aml/internal/convert/DocumentsModelConverter
instanceKlass scala/runtime/RichInt$
instanceKlass amf/aml/internal/convert/VocabularyConverter
instanceKlass amf/aml/internal/convert/DialectInstanceConverter
instanceKlass org/apache/maven/model/validation/DefaultModelValidator
instanceKlass amf/aml/internal/convert/DialectConverter
instanceKlass amf/aml/internal/convert/PublicNodeMappingConverter
instanceKlass amf/aml/internal/convert/SemanticExtensionConverter
instanceKlass amf/aml/internal/convert/AnnotationMappingConverter
instanceKlass amf/aml/internal/convert/PropertyMappingConverter
instanceKlass org/apache/maven/model/io/DefaultModelReader
instanceKlass amf/core/internal/convert/CoreBaseConverter
instanceKlass scala/runtime/ScalaRunTime$
instanceKlass amf/core/internal/convert/IdAdopterConverter
instanceKlass amf/core/internal/convert/PropertyShapePathConverter
instanceKlass amf/core/internal/convert/ShapeFederationMetadataConverter
instanceKlass amf/core/internal/convert/LocationInformationConverter
instanceKlass amf/core/internal/convert/BaseUnitSourceInformationConverter
instanceKlass amf/core/internal/convert/BaseUnitProcessingDataConverter
instanceKlass org/apache/maven/model/locator/DefaultModelLocator
instanceKlass amf/core/internal/convert/AmfObjectResultConverter
instanceKlass scala/reflect/ClassTag$GenericClassTag
instanceKlass amf/core/internal/convert/AmfObjectConverter
instanceKlass amf/core/internal/convert/ValidatePayloadRequestConverter
instanceKlass amf/core/internal/convert/ShapeValidationConfigurationConverter
instanceKlass org/apache/maven/model/building/DefaultModelProcessor
instanceKlass amf/core/internal/convert/ValidationProfileConverter
instanceKlass amf/core/internal/convert/AMFEventListenerConverter
instanceKlass amf/core/internal/convert/AMFParseResultConverter
instanceKlass org/apache/maven/artifact/versioning/ArtifactVersion
instanceKlass amf/core/internal/convert/AMFResultConverter
instanceKlass scala/reflect/ClassTag$
instanceKlass amf/core/internal/convert/TransformationPipelineBuilderConverter
instanceKlass amf/core/internal/convert/TransformationStepConverter
instanceKlass amf/core/internal/convert/AMFGraphConfigurationConverter
instanceKlass scala/runtime/BoxedUnit
instanceKlass amf/core/internal/convert/BaseUnitConverter
instanceKlass amf/core/internal/convert/RenderOptionsConverter
instanceKlass org/apache/maven/model/building/ModelBuildingRequest
instanceKlass amf/core/internal/convert/ParsingOptionsConverter
instanceKlass org/apache/maven/model/building/ModelSource
instanceKlass amf/core/internal/convert/UnitCacheConverter
instanceKlass org/apache/maven/model/building/ModelBuildingEvent
instanceKlass org/apache/maven/model/building/ModelProblemCollectorExt
instanceKlass amf/core/internal/convert/CachedReferenceConverter
instanceKlass org/apache/maven/model/building/ModelBuildingResult
instanceKlass amf/core/internal/convert/PayloadFragmentConverter
instanceKlass org/apache/maven/model/building/DefaultModelBuilder
instanceKlass amf/core/internal/convert/ValidationShapeSetConverter
instanceKlass amf/core/internal/convert/ValidationCandidateConverter
instanceKlass amf/core/internal/convert/GraphDomainConverter
instanceKlass amf/core/internal/convert/ResourceLoaderConverter
instanceKlass amf/core/internal/convert/DomainElementConverter
instanceKlass org/apache/maven/model/building/ModelProcessor
instanceKlass amf/core/internal/convert/ValidationConverter
instanceKlass org/apache/maven/model/normalization/ModelNormalizer
instanceKlass org/apache/maven/model/path/UrlNormalizer
instanceKlass org/apache/maven/model/validation/ModelValidator
instanceKlass org/apache/maven/model/locator/ModelLocator
instanceKlass amf/core/internal/convert/VariableValueConverter
instanceKlass org/apache/maven/model/io/ModelReader
instanceKlass com/google/gson/internal/bind/TypeAdapters$34
instanceKlass org/apache/maven/model/profile/ProfileInjector
instanceKlass org/apache/maven/model/management/PluginManagementInjector
instanceKlass amf/core/internal/convert/DeclarationsConverter
instanceKlass org/apache/maven/model/plugin/LifecycleBindingsInjector
instanceKlass org/apache/maven/model/plugin/ReportingConverter
instanceKlass amf/core/internal/convert/ModuleConverter
instanceKlass org/apache/maven/model/plugin/ReportConfigurationExpander
instanceKlass org/apache/maven/model/plugin/PluginConfigurationExpander
instanceKlass amf/core/internal/convert/DocumentConverter
instanceKlass org/apache/maven/model/path/ModelUrlNormalizer
instanceKlass org/apache/maven/model/interpolation/ModelVersionProcessor
instanceKlass org/apache/maven/model/management/DependencyManagementInjector
instanceKlass org/apache/maven/model/composition/DependencyManagementImporter
instanceKlass amf/core/internal/convert/DomainExtensionConverter
instanceKlass org/apache/maven/model/superpom/SuperPomProvider
instanceKlass amf/core/internal/convert/DataNodeConverter
instanceKlass org/apache/maven/model/inheritance/InheritanceAssembler
instanceKlass org/apache/maven/model/interpolation/ModelInterpolator
instanceKlass org/apache/maven/model/path/ModelPathTranslator
instanceKlass org/apache/maven/model/building/DefaultModelBuilderFactory
instanceKlass amf/core/internal/convert/ShapeExtensionConverter
instanceKlass amf/core/internal/convert/PropertyShapeConverter
instanceKlass amf/core/internal/convert/ShapeConverter
instanceKlass amf/core/internal/unsafe/PlatformSecrets
instanceKlass amf/core/internal/convert/CustomDomainPropertyConverter
instanceKlass org/eclipse/aether/internal/impl/DefaultArtifactResolver
instanceKlass amf/core/internal/convert/FieldConverter
instanceKlass amf/core/internal/convert/CollectionConverter
instanceKlass amf/core/internal/convert/FutureConverter
instanceKlass org/eclipse/aether/internal/impl/resolution/ArtifactResolverPostProcessorSupport
instanceKlass org/eclipse/lsp4j/jsonrpc/json/adapters/JsonElementTypeAdapter$Factory
instanceKlass org/eclipse/aether/version/VersionScheme
instanceKlass org/eclipse/lsp4j/MarkdownCapabilities
instanceKlass org/apache/maven/repository/internal/DefaultVersionRangeResolver
instanceKlass org/eclipse/lsp4j/RegularExpressionsCapabilities
instanceKlass org/eclipse/lsp4j/WindowShowMessageRequestActionItemCapabilities
instanceKlass org/eclipse/lsp4j/ShowDocumentCapabilities
instanceKlass org/eclipse/lsp4j/WindowShowMessageRequestCapabilities
instanceKlass org/eclipse/aether/metadata/Metadata
instanceKlass org/apache/maven/repository/internal/DefaultVersionResolver
instanceKlass org/eclipse/lsp4j/SemanticTokensClientCapabilitiesRequestsFull
instanceKlass org/eclipse/lsp4j/SemanticTokensClientCapabilitiesRequests
instanceKlass org/eclipse/aether/internal/impl/DefaultMetadataResolver
instanceKlass org/eclipse/aether/transfer/TransferListener
instanceKlass org/eclipse/lsp4j/jsonrpc/json/adapters/EitherTypeAdapter$EitherTypeArgument
instanceKlass org/eclipse/lsp4j/DiagnosticsTagSupport
instanceKlass amf/core/internal/convert/InternalClientMatcher
instanceKlass org/eclipse/aether/internal/impl/DefaultDeployer
instanceKlass org/eclipse/lsp4j/CodeActionKindCapabilities
instanceKlass org/mulesoft/anypoint/server/platform/AnypointLanguageServerFactory$
instanceKlass org/mulesoft/anypoint/server/platform/client/exchange/PlatformExchangeClientSecrets
instanceKlass org/eclipse/lsp4j/CodeActionResolveSupportCapabilities
instanceKlass org/eclipse/lsp4j/CodeActionLiteralSupportCapabilities
instanceKlass org/mulesoft/als/server/client/scala/LanguageServerFactory
instanceKlass org/eclipse/lsp4j/ParameterInformationCapabilities
instanceKlass amf/core/internal/convert/ClientInternalMatcher
instanceKlass org/eclipse/lsp4j/SignatureInformationCapabilities
instanceKlass org/mulesoft/als/server/client/platform/AlsLanguageServerFactory
instanceKlass org/eclipse/lsp4j/CompletionItemInsertTextModeSupportCapabilities
instanceKlass org/eclipse/lsp4j/CompletionItemResolveSupportCapabilities
instanceKlass org/eclipse/lsp4j/CompletionItemTagSupportCapabilities
instanceKlass org/eclipse/lsp4j/CompletionItemCapabilities
instanceKlass org/eclipse/lsp4j/CompletionItemKindCapabilities
instanceKlass scala/collection/AbstractTraversable
instanceKlass org/eclipse/aether/internal/impl/DefaultInstaller
instanceKlass org/apache/maven/repository/internal/SnapshotMetadataGeneratorFactory
instanceKlass org/apache/maven/repository/internal/VersionsMetadataGeneratorFactory
instanceKlass scala/collection/LinearSeqOptimized
instanceKlass org/eclipse/aether/impl/MetadataGenerator
instanceKlass org/apache/maven/repository/internal/PluginsMetadataGeneratorFactory
instanceKlass org/eclipse/lsp4j/PublishDiagnosticsCapabilities
instanceKlass org/eclipse/aether/impl/MetadataGeneratorFactory
instanceKlass org/eclipse/aether/internal/impl/DefaultRepositoryConnectorProvider
instanceKlass org/eclipse/aether/spi/connector/RepositoryConnector
instanceKlass org/eclipse/aether/connector/basic/BasicRepositoryConnectorFactory
instanceKlass org/eclipse/aether/spi/connector/RepositoryConnectorFactory
instanceKlass scala/collection/immutable/LinearSeq
instanceKlass org/eclipse/aether/internal/impl/DefaultTransporterProvider
instanceKlass org/eclipse/aether/transport/http/HttpTransporterFactory
instanceKlass org/eclipse/aether/spi/connector/transport/Transporter
instanceKlass org/eclipse/aether/transport/file/FileTransporterFactory
instanceKlass org/eclipse/aether/spi/connector/transport/TransporterFactory
instanceKlass org/eclipse/aether/transport/http/ChecksumExtractor
instanceKlass org/eclipse/aether/internal/impl/checksum/TrustedToProvidedChecksumsSourceAdapter
instanceKlass org/eclipse/aether/spi/checksums/ProvidedChecksumsSource
instanceKlass org/eclipse/lsp4j/SymbolTagSupportCapabilities
instanceKlass org/eclipse/lsp4j/SymbolKindCapabilities
instanceKlass org/eclipse/aether/spi/checksums/TrustedChecksumsSource$Writer
instanceKlass org/eclipse/aether/internal/impl/checksum/FileTrustedChecksumsSourceSupport
instanceKlass org/eclipse/lsp4j/WorkspaceEditChangeAnnotationSupportCapabilities
instanceKlass org/eclipse/aether/spi/checksums/TrustedChecksumsSource
instanceKlass org/eclipse/aether/internal/impl/DefaultRepositoryEventDispatcher
instanceKlass org/eclipse/lsp4j/CodeLensWorkspaceCapabilities
instanceKlass org/eclipse/lsp4j/SemanticTokensWorkspaceCapabilities
instanceKlass org/eclipse/aether/RepositoryListener
instanceKlass org/eclipse/aether/internal/impl/filter/DefaultRemoteRepositoryFilterManager
instanceKlass org/eclipse/aether/internal/impl/filter/PrefixesRemoteRepositoryFilterSource$Node
instanceKlass org/eclipse/lsp4j/DynamicRegistrationCapabilities
instanceKlass org/eclipse/lsp4j/WorkspaceEditCapabilities
instanceKlass scala/collection/LinearSeq
instanceKlass org/eclipse/aether/internal/impl/filter/RemoteRepositoryFilterSourceSupport$SimpleResult
instanceKlass org/eclipse/lsp4j/GeneralClientCapabilities
instanceKlass org/eclipse/aether/spi/connector/filter/RemoteRepositoryFilter
instanceKlass org/eclipse/lsp4j/WindowClientCapabilities
instanceKlass org/eclipse/aether/spi/connector/filter/RemoteRepositoryFilter$Result
instanceKlass org/eclipse/lsp4j/TextDocumentClientCapabilities
instanceKlass org/eclipse/aether/internal/impl/filter/RemoteRepositoryFilterSourceSupport
instanceKlass org/eclipse/aether/spi/resolution/ArtifactResolverPostProcessor
instanceKlass org/eclipse/lsp4j/WorkspaceClientCapabilities
instanceKlass scala/collection/LinearSeqLike
instanceKlass org/eclipse/lsp4j/ClientCapabilities
instanceKlass org/eclipse/aether/spi/connector/filter/RemoteRepositoryFilterSource
instanceKlass scala/collection/immutable/Seq
instanceKlass org/eclipse/aether/internal/impl/DefaultRemoteRepositoryManager
instanceKlass org/eclipse/aether/internal/impl/DefaultLocalRepositoryProvider
instanceKlass org/eclipse/aether/internal/impl/EnhancedLocalRepositoryManagerFactory
instanceKlass org/eclipse/lsp4j/adapters/InitializeParamsTypeAdapter$Factory
instanceKlass org/eclipse/aether/internal/impl/SimpleLocalRepositoryManagerFactory
instanceKlass org/eclipse/aether/spi/localrepo/LocalRepositoryManagerFactory
instanceKlass scala/collection/Seq
instanceKlass org/eclipse/aether/internal/impl/DefaultRepositoryLayoutProvider
instanceKlass org/eclipse/aether/spi/connector/layout/RepositoryLayout
instanceKlass org/eclipse/aether/internal/impl/Maven2RepositoryLayoutFactory
instanceKlass org/eclipse/aether/spi/connector/layout/RepositoryLayoutFactory
instanceKlass scala/collection/SeqLike
instanceKlass org/eclipse/aether/internal/impl/checksum/DefaultChecksumAlgorithmFactorySelector
instanceKlass org/eclipse/aether/spi/connector/checksum/ChecksumAlgorithm
instanceKlass org/eclipse/aether/spi/connector/checksum/ChecksumAlgorithmFactorySupport
instanceKlass org/eclipse/aether/spi/connector/checksum/ChecksumAlgorithmFactory
instanceKlass org/eclipse/aether/internal/impl/synccontext/DefaultSyncContextFactory
instanceKlass scala/collection/GenSeq
instanceKlass scala/collection/GenSeqLike
instanceKlass org/eclipse/aether/internal/impl/synccontext/named/NamedLockFactoryAdapterFactoryImpl
instanceKlass scala/PartialFunction
instanceKlass scala/Function1
instanceKlass org/eclipse/aether/internal/impl/synccontext/named/HashingNameMapper
instanceKlass org/eclipse/aether/internal/impl/synccontext/named/BasedirNameMapper
instanceKlass org/eclipse/aether/internal/impl/synccontext/named/DiscriminatingNameMapper
instanceKlass org/eclipse/aether/internal/impl/synccontext/named/GAVNameMapper
instanceKlass scala/collection/immutable/Iterable
instanceKlass org/eclipse/aether/internal/impl/synccontext/named/StaticNameMapper
instanceKlass org/eclipse/aether/internal/impl/synccontext/named/NameMappers
instanceKlass scala/collection/Iterable
instanceKlass org/eclipse/aether/internal/impl/synccontext/named/NameMapper
instanceKlass scala/collection/IterableLike
instanceKlass scala/collection/GenIterable
instanceKlass scala/collection/GenIterableLike
instanceKlass org/eclipse/aether/named/support/AdaptedSemaphoreNamedLock$AdaptedSemaphore
instanceKlass org/eclipse/aether/named/support/NamedLockSupport
instanceKlass org/eclipse/aether/named/NamedLock
instanceKlass scala/collection/immutable/Traversable
instanceKlass org/eclipse/aether/named/support/NamedLockFactorySupport
instanceKlass scala/Immutable
instanceKlass scala/collection/Traversable
instanceKlass scala/collection/GenTraversable
instanceKlass org/eclipse/aether/named/NamedLockFactory
instanceKlass scala/collection/generic/GenericTraversableTemplate
instanceKlass org/eclipse/aether/internal/impl/DefaultUpdateCheckManager$1
instanceKlass scala/collection/TraversableLike
instanceKlass scala/collection/GenTraversableLike
instanceKlass scala/collection/Parallelizable
instanceKlass org/eclipse/aether/internal/impl/DefaultUpdateCheckManager
instanceKlass org/eclipse/aether/spi/locator/Service
instanceKlass scala/collection/generic/FilterMonadic
instanceKlass scala/collection/generic/HasNewBuilder
instanceKlass org/eclipse/aether/spi/connector/checksum/ChecksumPolicy
instanceKlass org/mule/contribution/api/deploy/cloudhub2/FetchCH2RuntimeVersionsResponse
instanceKlass org/mule/contribution/api/deploy/cloudhub/jsonschemavalidations/dtos/JsonSchemaValidationsResult
instanceKlass org/mule/contribution/api/deploy/cloudhub2/jsonschemavalidations/dtos/JsonSchemaCH2ValidationsResults
instanceKlass org/mule/dx/platform/api/anypoint/authentication/Environment
instanceKlass org/mule/contribution/api/deploy/cloudhub2/CloudHub2DeploymentTarget
instanceKlass org/mule/weave/lsp/extension/services/DidFocusChangeParams
instanceKlass org/eclipse/aether/internal/impl/DefaultChecksumPolicyProvider
instanceKlass org/mule/contribution/api/deploy/cloudhub/DeployToCloudHubConfiguration
instanceKlass org/eclipse/aether/internal/impl/DefaultUpdatePolicyAnalyzer
instanceKlass org/eclipse/lsp4j/adapters/CodeActionResponseAdapter
instanceKlass org/mule/contribution/api/deploy/cloudhub2/DeployToCloudHub2Configuration
instanceKlass scala/util/Either
instanceKlass org/mule/contribution/designservice/client/DesignServiceProjectResponse
instanceKlass scala/Function0
instanceKlass org/eclipse/aether/internal/impl/DefaultOfflineController
instanceKlass scala/collection/Iterator
instanceKlass org/eclipse/aether/internal/impl/DefaultRepositorySystemLifecycle
instanceKlass scala/collection/TraversableOnce
instanceKlass org/eclipse/aether/internal/impl/LocalPathPrefixComposer
instanceKlass org/eclipse/aether/internal/impl/LocalPathPrefixComposerFactorySupport
instanceKlass org/mule/contribution/service/OutputMessage
instanceKlass org/eclipse/aether/internal/impl/DefaultLocalPathComposer
instanceKlass scala/collection/GenTraversableOnce
instanceKlass org/eclipse/aether/internal/impl/DefaultTrackingFileManager
instanceKlass org/eclipse/lsp4j/SelectionRange
instanceKlass org/eclipse/lsp4j/Moniker
instanceKlass org/eclipse/aether/internal/impl/DefaultFileProcessor
instanceKlass org/eclipse/lsp4j/PrepareRenameResult
instanceKlass org/eclipse/aether/spi/connector/checksum/ChecksumAlgorithmFactorySelector
instanceKlass org/eclipse/aether/internal/impl/TrackingFileManager
instanceKlass org/eclipse/aether/impl/RepositorySystemLifecycle
instanceKlass org/eclipse/aether/internal/impl/LocalPathPrefixComposerFactory
instanceKlass org/eclipse/aether/internal/impl/LocalPathComposer
instanceKlass org/eclipse/lsp4j/adapters/PrepareRenameResponseAdapter
instanceKlass org/eclipse/aether/impl/UpdatePolicyAnalyzer
instanceKlass org/eclipse/aether/spi/connector/transport/TransporterProvider
instanceKlass org/eclipse/lsp4j/FoldingRange
instanceKlass org/eclipse/aether/impl/OfflineController
instanceKlass org/eclipse/aether/impl/ArtifactDescriptorReader
instanceKlass org/eclipse/aether/impl/DependencyCollector
instanceKlass scala/Option
instanceKlass org/eclipse/aether/spi/synccontext/SyncContextFactory
instanceKlass org/eclipse/lsp4j/ColorPresentation
instanceKlass org/eclipse/aether/impl/RepositoryEventDispatcher
instanceKlass org/eclipse/lsp4j/ColorInformation
instanceKlass org/eclipse/aether/internal/impl/synccontext/named/NamedLockFactoryAdapterFactory
instanceKlass org/mulesoft/anypoint/server/platform/AnypointClientConnection
instanceKlass org/eclipse/aether/spi/connector/checksum/ChecksumPolicyProvider
instanceKlass org/mulesoft/anypoint/server/platform/client/AnypointLanguageClientAware
instanceKlass org/eclipse/aether/spi/connector/layout/RepositoryLayoutProvider
instanceKlass org/eclipse/lsp4j/SymbolInformation
instanceKlass org/eclipse/aether/impl/MetadataResolver
instanceKlass org/eclipse/aether/impl/UpdateCheckManager
instanceKlass org/apache/maven/repository/internal/ModelCacheFactory
instanceKlass com/mule/api/contribution/common/OSTools
instanceKlass org/eclipse/lsp4j/adapters/DocumentSymbolResponseAdapter
instanceKlass org/eclipse/aether/impl/VersionRangeResolver
instanceKlass org/eclipse/aether/impl/LocalRepositoryProvider
instanceKlass org/mulesoft/anypoint/server/features/genai/TopicParameters
instanceKlass org/eclipse/aether/impl/RepositoryConnectorProvider
instanceKlass org/eclipse/aether/impl/RemoteRepositoryFilterManager
instanceKlass com/mule/api/contribution/api/editor/LSPLogger
instanceKlass org/eclipse/aether/impl/ArtifactResolver
instanceKlass org/eclipse/aether/impl/RemoteRepositoryManager
instanceKlass org/eclipse/aether/impl/VersionResolver
instanceKlass com/mule/api/contribution/api/editor/ConnectionProvider
instanceKlass org/eclipse/lsp4j/SignatureHelp
instanceKlass org/apache/maven/model/building/ModelBuilder
instanceKlass org/eclipse/aether/impl/Deployer
instanceKlass org/eclipse/lsp4j/TypeHierarchyItem
instanceKlass org/eclipse/aether/impl/Installer
instanceKlass org/eclipse/lsp4j/CallHierarchyOutgoingCall
instanceKlass org/eclipse/aether/spi/io/FileProcessor
instanceKlass com/mule/api/contribution/jsonrpc/catalog/model/DependencyMainPathResponse
instanceKlass org/eclipse/aether/RepositorySystem
instanceKlass com/mule/api/contribution/jsonrpc/catalog/model/api/from/scratch/GetAssetPortalUrlResponse
instanceKlass com/mule/api/contribution/jsonrpc/project/model/Category
instanceKlass org/eclipse/aether/supplier/RepositorySystemSupplier
instanceKlass org/eclipse/lsp4j/SemanticTokensDelta
instanceKlass com/mule/api/contribution/jsonrpc/project/model/SaveFileResponse
instanceKlass org/eclipse/lsp4j/SemanticTokens
instanceKlass com/mule/api/contribution/jsonrpc/project/model/SaveFileRequest
instanceKlass com/mule/api/contribution/jsonrpc/project/model/ProjectAddedParam
instanceKlass org/eclipse/lsp4j/adapters/SemanticTokensFullDeltaResponseAdapter
instanceKlass com/mule/api/contribution/jsonrpc/console/model/RefreshConsoleContentResponse
instanceKlass org/eclipse/lsp4j/CallHierarchyItem
instanceKlass com/mule/api/contribution/jsonrpc/console/model/RefreshConsoleContentRequest
instanceKlass org/eclipse/lsp4j/CallHierarchyIncomingCall
instanceKlass com/mule/api/contribution/jsonrpc/console/model/APIModelLoadedNotification
instanceKlass org/eclipse/lsp4j/LocationLink
instanceKlass com/mule/api/contribution/api/governance/model/RuleReportNotification
instanceKlass org/apache/maven/settings/crypto/SettingsDecryptionResult
instanceKlass org/eclipse/lsp4j/Location
instanceKlass org/apache/maven/settings/crypto/DefaultSettingsDecrypter
instanceKlass com/mule/api/contribution/jsonrpc/window/model/JobEndedParams
instanceKlass com/google/gson/internal/$Gson$Types$WildcardTypeImpl
instanceKlass org/sonatype/plexus/components/sec/dispatcher/DefaultSecDispatcher
instanceKlass com/mule/api/contribution/jsonrpc/project/client/APIProjectClient
instanceKlass com/mule/api/contribution/jsonrpc/console/service/APIConsoleClient
instanceKlass com/mule/api/contribution/jsonrpc/window/client/WindowServiceClient
instanceKlass java/security/Key
instanceKlass java/security/spec/AlgorithmParameterSpec
instanceKlass org/sonatype/plexus/components/cipher/PBECipher
instanceKlass org/eclipse/lsp4j/adapters/LocationLinkListAdapter
instanceKlass org/sonatype/plexus/components/cipher/DefaultPlexusCipher
instanceKlass org/apache/maven/settings/crypto/SettingsDecrypter
instanceKlass org/sonatype/plexus/components/sec/dispatcher/SecDispatcher
instanceKlass org/eclipse/lsp4j/WillSaveTextDocumentParams
instanceKlass org/sonatype/plexus/components/cipher/PlexusCipher
instanceKlass eu/maveniverse/maven/mima/runtime/standalonestatic/SettingsDecrypterSupplier
instanceKlass org/eclipse/lsp4j/DocumentRangeFormattingParams
instanceKlass org/eclipse/lsp4j/DocumentLink
instanceKlass org/eclipse/lsp4j/ResolveTypeHierarchyItemParams
instanceKlass org/apache/maven/settings/merge/MavenSettingsMerger
instanceKlass org/apache/maven/settings/validation/DefaultSettingsValidator
instanceKlass org/apache/maven/settings/io/DefaultSettingsWriter
instanceKlass org/apache/maven/settings/io/DefaultSettingsReader
instanceKlass org/eclipse/lsp4j/CreateFilesParams
instanceKlass org/apache/maven/settings/building/SettingsBuildingResult
instanceKlass org/apache/maven/settings/building/SettingsProblemCollector
instanceKlass org/apache/maven/building/Source
instanceKlass org/codehaus/plexus/interpolation/InterpolationPostProcessor
instanceKlass org/eclipse/lsp4j/MessageActionItem
instanceKlass org/apache/maven/settings/building/DefaultSettingsBuilder
instanceKlass org/eclipse/lsp4j/ShowDocumentResult
instanceKlass org/eclipse/lsp4j/LogTraceParams
instanceKlass org/apache/maven/settings/building/SettingsBuilder
instanceKlass org/eclipse/lsp4j/UnregistrationParams
instanceKlass org/apache/maven/settings/io/SettingsReader
instanceKlass org/apache/maven/settings/io/SettingsWriter
instanceKlass org/eclipse/lsp4j/SetTraceParams
instanceKlass org/eclipse/lsp4j/RegistrationParams
instanceKlass org/apache/maven/settings/validation/SettingsValidator
instanceKlass eu/maveniverse/maven/mima/runtime/standalonestatic/SettingsBuilderSupplier
instanceKlass org/apache/maven/model/path/DefaultPathTranslator
instanceKlass org/eclipse/lsp4j/WorkDoneProgressCreateParams
instanceKlass org/eclipse/lsp4j/ShowDocumentParams
instanceKlass org/codehaus/plexus/interpolation/ValueSource
instanceKlass org/eclipse/lsp4j/ConfigurationParams
instanceKlass org/apache/maven/model/path/ProfileActivationFilePathInterpolator
instanceKlass org/apache/maven/model/profile/activation/FileProfileActivator
instanceKlass org/apache/maven/model/profile/activation/OperatingSystemProfileActivator
instanceKlass org/mule/weave/lsp/project/DefaultProjectMetadata
instanceKlass org/apache/maven/model/profile/activation/PropertyProfileActivator
instanceKlass org/mule/weave/lsp/jobs/Status
instanceKlass scala/Tuple2
instanceKlass scala/Product2
instanceKlass org/apache/maven/model/profile/activation/JdkVersionProfileActivator
instanceKlass org/eclipse/lsp4j/WorkspaceFolder
instanceKlass org/apache/maven/model/profile/DefaultProfileSelector
instanceKlass java/lang/invoke/SerializedLambda
instanceKlass org/apache/maven/model/profile/ProfileSelector
instanceKlass org/apache/maven/model/path/PathTranslator
instanceKlass org/apache/maven/model/profile/activation/ProfileActivator
instanceKlass org/mule/weave/lsp/services/ClientLogger
instanceKlass eu/maveniverse/maven/mima/runtime/standalonestatic/ProfileSelectorSupplier
instanceKlass eu/maveniverse/maven/mima/runtime/standalonestatic/StaticLookup
instanceKlass eu/maveniverse/maven/mima/context/internal/IteratingLookup
instanceKlass org/mule/weave/lsp/services/DataWeaveDocumentService
instanceKlass eu/maveniverse/maven/mima/runtime/shared/PreBoot
instanceKlass eu/maveniverse/maven/mima/context/internal/MavenUserHomeImpl
instanceKlass org/mule/weave/lsp/WeaveLanguageServer
instanceKlass sun/net/spi/DefaultProxySelector$3
instanceKlass sun/net/spi/DefaultProxySelector$NonProxyInfo
instanceKlass sun/net/spi/DefaultProxySelector$1
instanceKlass java/net/Proxy
instanceKlass java/util/AbstractMap$SimpleEntry
instanceKlass java/net/SocksSocketImpl$3
instanceKlass java/util/TreeMap$TreeMapSpliterator
instanceKlass java/net/SocksConsts
instanceKlass org/mule/dx/platform/urls/PlatformUrl
instanceKlass eu/maveniverse/maven/mima/context/Lookup
instanceKlass org/apache/maven/model/profile/ProfileActivationContext
instanceKlass org/apache/maven/model/building/ModelProblemCollector
instanceKlass org/eclipse/aether/repository/AuthenticationSelector
instanceKlass org/eclipse/aether/repository/ProxySelector
instanceKlass org/eclipse/aether/repository/MirrorSelector
instanceKlass org/apache/maven/settings/crypto/SettingsDecryptionRequest
instanceKlass org/eclipse/aether/resolution/ResolutionErrorPolicy
instanceKlass org/apache/maven/settings/building/SettingsBuildingRequest
instanceKlass org/eclipse/aether/repository/LocalRepositoryManager
instanceKlass org/mule/dx/platform/api/SafeRunner
instanceKlass eu/maveniverse/maven/mima/context/MavenUserHome
instanceKlass org/mule/dx/platform/internal/DefaultProtocolService$1
instanceKlass eu/maveniverse/maven/mima/context/MavenSystemHome
instanceKlass org/eclipse/aether/RepositorySystemSession
instanceKlass org/eclipse/aether/SessionData
instanceKlass org/eclipse/aether/RepositoryCache
instanceKlass eu/maveniverse/maven/mima/context/internal/RuntimeSupport
instanceKlass org/mule/dx/platform/internal/events/RegionChangeEvent
instanceKlass sun/nio/fs/WindowsUriSupport
instanceKlass com/google/gson/internal/UnsafeAllocator
instanceKlass com/google/gson/internal/ConstructorConstructor$14
instanceKlass com/mule/api/contribution/api/utils/io/IOUtils
instanceKlass eu/maveniverse/maven/mima/context/Runtime
instanceKlass eu/maveniverse/maven/mima/context/Runtimes
instanceKlass org/mule/weave/extension/plugin/maven/resolver/strategy/ResolverStrategy
instanceKlass com/mule/api/contribution/api/utils/io/ProjectUtils$1
instanceKlass org/eclipse/aether/repository/RepositoryPolicy
instanceKlass com/google/common/collect/Lists
instanceKlass org/eclipse/aether/repository/RemoteRepository$Builder
instanceKlass eu/maveniverse/maven/mima/context/ContextOverrides
instanceKlass java/util/stream/MatchOps$BooleanTerminalSink
instanceKlass java/util/LinkedList$LLSpliterator
instanceKlass java/util/stream/MatchOps$MatchOp
instanceKlass java/util/stream/MatchOps
instanceKlass com/google/gson/internal/Streams
instanceKlass com/mule/api/contribution/api/project/service/APIProjectChangeListener
instanceKlass org/mule/maven/client/api/model/ImmutableMavenConfiguration
instanceKlass java/util/concurrent/ForkJoinPool$DefaultCommonPoolForkJoinWorkerThreadFactory$1
instanceKlass org/mule/dx/platform/api/Constants
instanceKlass org/mule/dx/platform/internal/ContextImpl
instanceKlass org/eclipse/lsp4j/util/Preconditions
instanceKlass org/apache/commons/lang3/ArrayUtils
instanceKlass org/eclipse/lsp4j/ServerInfo
instanceKlass org/eclipse/lsp4j/jsonrpc/json/adapters/TypeUtils$ParameterizedTypeImpl
instanceKlass org/eclipse/lsp4j/jsonrpc/validation/NonNull
instanceKlass org/eclipse/lsp4j/ClientInfo
instanceKlass org/eclipse/lsp4j/jsonrpc/messages/Tuple$Two
instanceKlass org/eclipse/lsp4j/jsonrpc/messages/Tuple
instanceKlass org/eclipse/lsp4j/jsonrpc/json/adapters/TypeUtils
instanceKlass org/eclipse/lsp4j/jsonrpc/json/StreamMessageProducer$Headers
instanceKlass org/eclipse/lsp4j/jsonrpc/json/ConcurrentMessageProcessor$1
instanceKlass java/util/concurrent/Executors$RunnableAdapter
instanceKlass java/util/concurrent/FutureTask$WaitNode
instanceKlass java/util/concurrent/FutureTask
instanceKlass java/util/concurrent/ForkJoinTask$Aux
instanceKlass java/util/concurrent/ForkJoinTask
instanceKlass java/util/concurrent/CompletableFuture$AsynchronousCompletionTask
instanceKlass java/util/concurrent/ForkJoinPool$WorkQueue
instanceKlass java/util/concurrent/ForkJoinPool$DefaultCommonPoolForkJoinWorkerThreadFactory
instanceKlass java/util/concurrent/ForkJoinPool$1
instanceKlass java/util/concurrent/ForkJoinPool$DefaultForkJoinWorkerThreadFactory
instanceKlass java/util/concurrent/ForkJoinPool$ForkJoinWorkerThreadFactory
instanceKlass java/util/concurrent/CompletableFuture$AltResult
instanceKlass org/eclipse/lsp4j/jsonrpc/StandardLauncher
instanceKlass org/eclipse/lsp4j/jsonrpc/json/ConcurrentMessageProcessor
instanceKlass org/eclipse/lsp4j/jsonrpc/json/StreamMessageProducer
instanceKlass org/eclipse/lsp4j/jsonrpc/services/AnnotationUtil$DelegateInfo
instanceKlass org/eclipse/lsp4j/jsonrpc/services/EndpointProxy
instanceKlass org/eclipse/lsp4j/jsonrpc/messages/ResponseError
instanceKlass org/eclipse/lsp4j/jsonrpc/messages/Message
instanceKlass org/eclipse/lsp4j/jsonrpc/RemoteEndpoint
instanceKlass org/eclipse/lsp4j/jsonrpc/services/GenericEndpoint
instanceKlass org/eclipse/lsp4j/jsonrpc/json/StreamMessageConsumer
instanceKlass org/eclipse/lsp4j/jsonrpc/json/MessageConstants
instanceKlass org/eclipse/lsp4j/jsonrpc/json/adapters/MessageTypeAdapter$Factory
instanceKlass org/eclipse/lsp4j/jsonrpc/json/adapters/EnumTypeAdapter$Factory
instanceKlass org/eclipse/lsp4j/jsonrpc/json/adapters/TupleTypeAdapters$TwoTypeAdapterFactory
instanceKlass org/eclipse/lsp4j/jsonrpc/json/adapters/EitherTypeAdapter$Factory
instanceKlass org/eclipse/lsp4j/jsonrpc/json/adapters/ThrowableTypeAdapter$Factory
instanceKlass org/eclipse/lsp4j/jsonrpc/json/adapters/CollectionTypeAdapter$Factory
instanceKlass org/eclipse/lsp4j/jsonrpc/messages/CancelParams
instanceKlass org/eclipse/lsp4j/jsonrpc/json/MessageJsonHandler
instanceKlass java/lang/FunctionalInterface
instanceKlass org/mule/dx/platform/protocol/InitializeResult
instanceKlass org/eclipse/lsp4j/jsonrpc/json/JsonRpcMethodProvider
instanceKlass org/eclipse/lsp4j/jsonrpc/json/ResponseJsonAdapter
instanceKlass org/eclipse/lsp4j/jsonrpc/services/JsonDelegate
instanceKlass org/eclipse/lsp4j/jsonrpc/json/JsonRpcMethod
instanceKlass org/eclipse/lsp4j/jsonrpc/services/JsonNotification
instanceKlass org/mule/dx/platform/metrics/Metric
instanceKlass org/mule/dx/platform/api/AuthenticationClient
instanceKlass org/eclipse/lsp4j/ProgressParams
instanceKlass org/eclipse/lsp4j/jsonrpc/services/AnnotationUtil
instanceKlass org/eclipse/lsp4j/jsonrpc/services/AnnotationUtil$MethodInfo
instanceKlass org/eclipse/lsp4j/jsonrpc/services/ServiceEndpoints
instanceKlass org/eclipse/lsp4j/jsonrpc/json/MethodProvider
instanceKlass org/eclipse/lsp4j/jsonrpc/Endpoint
instanceKlass org/eclipse/lsp4j/jsonrpc/MessageProducer
instanceKlass org/eclipse/lsp4j/jsonrpc/MessageConsumer
instanceKlass org/eclipse/lsp4j/jsonrpc/MessageIssueHandler
instanceKlass org/eclipse/lsp4j/jsonrpc/Launcher$Builder
instanceKlass sun/net/NetHooks
instanceKlass jdk/net/ExtendedSocketOptions$PlatformSocketOptions$1
instanceKlass jdk/net/ExtendedSocketOptions$PlatformSocketOptions
instanceKlass jdk/net/ExtendedSocketOptions$ExtSocketOption
instanceKlass java/net/SocketOption
instanceKlass jdk/net/ExtendedSocketOptions
instanceKlass sun/net/ext/ExtendedSocketOptions
instanceKlass sun/nio/ch/Net$1
instanceKlass java/net/ProtocolFamily
instanceKlass sun/nio/ch/Net
instanceKlass java/net/Inet4AddressImpl
instanceKlass java/net/InetSocketAddress$InetSocketAddressHolder
instanceKlass sun/net/PlatformSocketImpl
instanceKlass sun/net/NetProperties$1
instanceKlass sun/net/NetProperties
instanceKlass java/net/SocketImpl
instanceKlass java/net/SocketOptions
instanceKlass java/net/ServerSocket
instanceKlass org/mule/dx/contributions/munit/internal/jsonrpc/MuleDxMUnitServiceProtocolHandler$$FastClassByGuice$$382899303
instanceKlass org/mule/dx/contributions/munit/internal/jsonrpc/MuleDxMUnitServiceProtocolHandler
instanceKlass org/mule/dx/contributions/munit/dap/MUnitDebugComponent$$FastClassByGuice$$382224633
instanceKlass org/mule/dx/contributions/munit/dap/MUnitDebugProxy$$FastClassByGuice$$380773038
instanceKlass org/eclipse/lsp4j/debug/SetExpressionArguments
instanceKlass org/eclipse/lsp4j/debug/StepOutArguments
instanceKlass org/eclipse/lsp4j/debug/StepInArguments
instanceKlass org/eclipse/lsp4j/debug/ContinueArguments
instanceKlass com/evanlennick/retry4j/AttemptStatus
instanceKlass org/mule/dx/contributions/munit/dap/MUnitLock
instanceKlass org/eclipse/lsp4j/debug/SetBreakpointsArguments
instanceKlass org/eclipse/lsp4j/debug/RestartArguments
instanceKlass org/eclipse/lsp4j/debug/SetExceptionBreakpointsArguments
instanceKlass org/eclipse/lsp4j/debug/ScopesArguments
instanceKlass org/eclipse/lsp4j/debug/VariablesArguments
instanceKlass org/eclipse/lsp4j/debug/EvaluateArguments
instanceKlass org/eclipse/lsp4j/debug/StackTraceArguments
instanceKlass org/eclipse/lsp4j/debug/NextArguments
instanceKlass org/eclipse/lsp4j/debug/DisconnectArguments
instanceKlass org/eclipse/lsp4j/debug/TerminateArguments
instanceKlass org/mule/dx/contributions/munit/dap/MUnitDebugProxy
instanceKlass org/mule/dx/contributions/munit/dap/MUnitDebugComponent
instanceKlass com/mule/api/contribution/jsonrpc/APIProtocolHandler$$FastClassByGuice$$380577833
instanceKlass com/mule/api/contribution/jsonrpc/APIProtocolHandler
instanceKlass com/mule/api/contribution/api/editor/ALSComponent$$FastClassByGuice$$378687199
instanceKlass com/mule/api/contribution/api/editor/ExtendedLanguageServerWrapper
instanceKlass org/mulesoft/als/server/client/platform/AbstractClientConnection
instanceKlass org/mulesoft/als/server/protocol/client/AlsLanguageClientAware
instanceKlass org/mulesoft/lsp/client/LspLanguageClientAware
instanceKlass org/mulesoft/als/logger/Logger
instanceKlass org/mulesoft/anypoint/server/platform/AnypointClientNotifier
instanceKlass org/mulesoft/als/server/SerializationProps
instanceKlass org/mulesoft/als/server/client/platform/AlsClientNotifier
instanceKlass org/mulesoft/als/server/client/platform/ClientNotifier
instanceKlass org/mulesoft/anypoint/server/platform/client/exchange/ExchangeClientConnectionProvider
instanceKlass com/mule/api/contribution/api/editor/ALSComponent
instanceKlass org/mule/weave/extension/plugin/protocol/DataWeaveProtocolHandler$$FastClassByGuice$$377655512
instanceKlass org/mule/weave/extension/plugin/protocol/DataWeaveProtocolHandler
instanceKlass org/mule/weave/extension/plugin/DataWeaveLSPComponent$$FastClassByGuice$$377385176
instanceKlass org/mule/weave/extension/plugin/DataWeaveLSPComponent
instanceKlass org/mule/contribution/MuleLSPProtocolHandler$$FastClassByGuice$$375728310
instanceKlass org/mule/contribution/MuleLSPProtocolHandler
instanceKlass org/mule/contribution/runtime/instance/util/WindowsWrapperAndPIDFileResolver
instanceKlass org/mule/contribution/service/MuleProtocolHandler$$FastClassByGuice$$375230429
instanceKlass org/mule/contribution/service/MuleProtocolHandler
instanceKlass org/mule/contribution/dap/MuleDebugComponent$$FastClassByGuice$$373500152
instanceKlass org/eclipse/lsp4j/debug/services/IDebugProtocolServer
instanceKlass org/mule/contribution/dap/MuleDebugComponent
instanceKlass org/mule/dx/platform/api/protocol/DAPProtocolHandler
instanceKlass amf/core/client/platform/resource/ResourceLoader
instanceKlass org/yaml/builder/DocBuilder
instanceKlass com/google/common/collect/Hashing
instanceKlass com/google/common/math/IntMath$1
instanceKlass com/google/common/math/MathPreconditions
instanceKlass com/google/common/math/IntMath
instanceKlass com/google/common/base/Preconditions
instanceKlass com/google/common/collect/ImmutableSet$SetBuilderImpl
instanceKlass org/mule/dx/contributions/jsonrpc/ApikitProtocolHandler$$FastClassByGuice$$372783665
instanceKlass org/mule/dx/contributions/jsonrpc/ApikitProtocolHandler
instanceKlass java/util/stream/SliceOps
instanceKlass org/apache/logging/log4j/core/config/Configurator
instanceKlass org/mule/dx/contributions/munit/internal/maven/model/DefaultMavenDependencyModel
instanceKlass org/mule/dx/contributions/munit/internal/maven/model/DefaultMavenDependencyModel$Builder
instanceKlass com/mule/api/contribution/api/project/dependency/DefaultAPIDependencyModelManagerFactory$$FastClassByGuice$$371433075
instanceKlass com/mule/api/contribution/api/project/dependency/APIDependencyModelManager
instanceKlass com/mule/api/contribution/api/project/dependency/DefaultAPIDependencyModelManagerFactory
instanceKlass com/mule/api/contribution/api/project/dependency/APIDependencyModelManagerFactory
instanceKlass org/mule/weave/extension/plugin/services/sample/SampleDataResourcesBasedOnWeaveScenariosServiceFactory$$FastClassByGuice$$370638778
instanceKlass org/mule/weave/extension/api/services/sample/WeaveSampleDataResourcesService
instanceKlass org/mule/weave/extension/plugin/services/sample/SampleDataResourcesBasedOnWeaveScenariosServiceFactory
instanceKlass org/mule/weave/extension/plugin/sfdc/structure/SFDXProjectStructureComponentFactory$$FastClassByGuice$$369326813
instanceKlass org/mule/weave/extension/plugin/sfdc/structure/SFDXProjectStructureComponentFactory
instanceKlass org/mule/weave/extension/plugin/sfdc/features/SFDXFeatureDescriptorComponentFactory$$FastClassByGuice$$368355934
instanceKlass org/mule/weave/extension/plugin/sfdc/features/SFDXFeatureDescriptorComponentFactory
instanceKlass org/mule/weave/extension/plugin/sfdc/dependencies/SFDXDependenciesComponentFactory$$FastClassByGuice$$367223937
instanceKlass org/mule/weave/extension/plugin/sfdc/dependencies/SFDXDependenciesComponentFactory
instanceKlass org/mule/weave/extension/plugin/services/filesystem/DefaultProjectVirtualFileSystemServiceFactory$$FastClassByGuice$$366041213
instanceKlass org/mule/weave/extension/api/services/filesystem/ProjectVirtualFileSystemService
instanceKlass org/mule/weave/extension/plugin/services/filesystem/DefaultProjectVirtualFileSystemServiceFactory
instanceKlass org/mule/weave/extension/plugin/maven/structure/MavenProjectStructureProviderFactory$$FastClassByGuice$$365033726
instanceKlass org/mule/weave/extension/plugin/maven/structure/MavenProjectStructureProviderFactory
instanceKlass org/mule/weave/extension/plugin/maven/sample/MavenSampleDataComponentFactory$$FastClassByGuice$$364435310
instanceKlass org/mule/weave/extension/plugin/maven/sample/MavenSampleDataComponentFactory
instanceKlass org/mule/weave/extension/plugin/maven/features/MavenFeatureDescriptorComponentFactory$$FastClassByGuice$$363407532
instanceKlass org/mule/weave/extension/plugin/maven/features/MavenFeatureDescriptorComponentFactory
instanceKlass org/mule/weave/extension/plugin/maven/dependencies/MavenDependencyComponentFactory$$FastClassByGuice$$362007762
instanceKlass org/mule/weave/extension/plugin/maven/dependencies/MavenDependencyComponentFactory
instanceKlass org/mule/weave/extension/plugin/maven/builder/MavenBuildManagerFactory$$FastClassByGuice$$361071306
instanceKlass org/mule/weave/extension/plugin/maven/builder/MavenBuildManagerFactory
instanceKlass org/mule/weave/extension/api/component/builder/BaseBuildManagerComponentFactory
instanceKlass org/mule/weave/extension/plugin/services/mapping/DefaultMappingServiceFactory$$FastClassByGuice$$359722451
instanceKlass org/mule/weave/extension/api/services/mapping/MappingService
instanceKlass org/mule/weave/extension/plugin/services/mapping/DefaultMappingServiceFactory
instanceKlass org/mule/weave/extension/plugin/services/indexer/DefaultIndexServiceFactory$$FastClassByGuice$$359446233
instanceKlass org/mule/weave/extension/api/services/indexer/IndexService
instanceKlass org/mule/weave/extension/plugin/services/indexer/DefaultIndexServiceFactory
instanceKlass org/mule/weave/extension/plugin/services/event/EventBroadcastServiceFactory$$FastClassByGuice$$357769073
instanceKlass org/mule/weave/extension/plugin/services/event/EventBroadcastService
instanceKlass org/mule/weave/extension/plugin/services/event/EventBroadcastServiceFactory
instanceKlass org/mule/weave/extension/plugin/services/DefaultDiagnosticServiceFactory$$FastClassByGuice$$357143619
instanceKlass org/mule/weave/extension/plugin/services/DefaultDiagnosticServiceFactory
instanceKlass org/mule/weave/extension/plugin/maven/components/MultiModuleMavenDependencyModelManagerFactory$$FastClassByGuice$$355595327
instanceKlass org/mule/weave/extension/plugin/maven/components/MultiModuleMavenDependencyModelManagerFactory
instanceKlass org/mule/weave/extension/plugin/common/DefaultSampleDataComponentFactory$$FastClassByGuice$$354659292
instanceKlass org/mule/weave/extension/plugin/common/DefaultSampleDataComponent
instanceKlass org/mule/weave/lsp/project/components/SampleDataComponent
instanceKlass org/mule/weave/extension/plugin/common/DefaultSampleDataComponentFactory
instanceKlass org/mule/weave/extension/plugin/common/DefaultProjectStructureComponentFactory$$FastClassByGuice$$353649109
instanceKlass org/mule/weave/extension/plugin/common/DefaultProjectStructureComponent
instanceKlass org/mule/weave/extension/plugin/common/DefaultProjectStructureComponentFactory
instanceKlass org/mule/weave/extension/plugin/common/DefaultMetadataProviderComponentFactory$$FastClassByGuice$$352806206
instanceKlass org/mule/weave/extension/plugin/common/DefaultMetadataProviderComponent
instanceKlass org/mule/weave/extension/plugin/common/DefaultMetadataProviderComponentFactory
instanceKlass org/mule/weave/extension/plugin/common/DefaultDependencyComponentFactory$$FastClassByGuice$$352173611
instanceKlass org/mule/weave/extension/plugin/common/DefaultDependencyComponent
instanceKlass org/mule/weave/extension/plugin/project/ProjectKindContextAware
instanceKlass org/mule/weave/extension/plugin/common/DefaultDependencyComponentFactory
instanceKlass org/mule/weave/extension/plugin/common/DefaultBuilderComponentFactory$$FastClassByGuice$$350489760
instanceKlass org/mule/weave/extension/plugin/common/DefaultBuilderComponent
instanceKlass org/mule/weave/extension/api/component/builder/WeaveBuildComponent
instanceKlass org/mule/weave/extension/plugin/common/DefaultBuilderComponentFactory
instanceKlass org/mule/weave/extension/plugin/bat/features/BatFeatureDescriptorComponentFactory$$FastClassByGuice$$349793126
instanceKlass org/mule/weave/extension/plugin/bat/features/BatFeatureDescriptorComponentFactory
instanceKlass org/mule/weave/extension/plugin/services/metadata/SampleBasedMetadataProviderServiceFactory$$FastClassByGuice$$348338107
instanceKlass org/mule/weave/extension/api/services/metadata/WeaveSampleBasedMetadataProviderService
instanceKlass org/mule/weave/extension/plugin/services/metadata/SampleBasedMetadataProviderServiceFactory
instanceKlass org/mule/weave/extension/plugin/bat/structure/BatProjectStructureComponentFactory$$FastClassByGuice$$347666150
instanceKlass org/mule/weave/extension/plugin/bat/structure/BatProjectStructureComponentFactory
instanceKlass org/mule/weave/extension/api/component/structure/BaseProjectStructureComponentFactory
instanceKlass org/mule/weave/lsp/bat/BatConstants$
instanceKlass org/mule/weave/lsp/bat/BatConstants
instanceKlass org/mule/weave/extension/plugin/bat/metadata/BatMetadataProviderComponentFactory$$FastClassByGuice$$347007736
instanceKlass org/mule/weave/extension/plugin/bat/dependencies/BatDependenciesComponentFactory$$FastClassByGuice$$345256245
instanceKlass org/mule/weave/extension/api/component/dependency/WeaveDependencyComponent
instanceKlass org/mule/weave/extension/plugin/bat/dependencies/BatDependenciesComponentFactory
instanceKlass org/mule/weave/extension/api/component/dependency/BaseDependencyComponentFactory
instanceKlass org/mule/weave/extension/plugin/services/ast/DefaultAstNodeServiceFactory$$FastClassByGuice$$344499178
instanceKlass org/mule/weave/extension/plugin/services/ast/DefaultAstNodeServiceFactory
instanceKlass org/mule/weave/extension/api/services/WeaveServiceFactory
instanceKlass org/mule/contribution/dataweave/structure/MuleProjectStructureProviderFactory$$FastClassByGuice$$343485497
instanceKlass org/mule/weave/extension/api/component/structure/WeaveProjectStructureComponent
instanceKlass org/mule/contribution/dataweave/structure/MuleProjectStructureProviderFactory
instanceKlass org/mule/contribution/dataweave/feature/MuleFeatureDescriptorComponentFactory$$FastClassByGuice$$342244720
instanceKlass org/mule/weave/extension/api/component/features/FeatureDescriptorComponent
instanceKlass org/mule/contribution/dataweave/feature/MuleFeatureDescriptorComponentFactory
instanceKlass org/mule/weave/extension/api/component/features/FeatureDescriptorComponentFactory
instanceKlass org/mule/contribution/internal/MulePluginManagerComponentFactory$$FastClassByGuice$$340839862
instanceKlass org/mule/contribution/internal/MulePluginManagerComponentFactory
instanceKlass org/mule/contribution/datasense/metadata/cache/MetadataTypesManagerFactory$$FastClassByGuice$$340291029
instanceKlass org/mule/contribution/datasense/metadata/cache/MetadataTypesManagerFactory
instanceKlass org/mule/dx/platform/internal/api/maven/DefaultMavenDependencyModelManagerFactory$$FastClassByGuice$$338796562
instanceKlass org/mule/dx/platform/internal/api/maven/DefaultMavenDependencyModelManagerFactory
instanceKlass org/mule/contribution/MuleProjectDependencyManagerFactory$$FastClassByGuice$$338347860
instanceKlass org/mule/dx/platform/api/dependency/NatureBasedDependencyModelManagerFactory
instanceKlass com/mule/api/contribution/api/editor/DescriptorSavedListener
instanceKlass org/mule/dx/platform/api/event/UserChangeListener
instanceKlass com/mule/api/contribution/jsonrpc/window/util/JobIdGeneratorUtil
instanceKlass com/mule/api/contribution/api/console/service/APIModelChangeListener
instanceKlass org/slf4j/MDC
instanceKlass org/aspectj/runtime/reflect/JoinPointImpl
instanceKlass com/mule/api/contribution/jsonrpc/catalog/model/api/from/scratch/ProjectMetadataConfiguration$ProjectMetadataConfigurationBuilder
instanceKlass java/util/concurrent/RunnableScheduledFuture
instanceKlass java/util/concurrent/ScheduledFuture
instanceKlass java/util/concurrent/Delayed
instanceKlass java/util/concurrent/RunnableFuture
instanceKlass com/google/common/collect/BiMap
instanceKlass com/google/common/collect/Maps$EntryTransformer
instanceKlass com/google/common/base/Converter
instanceKlass com/google/common/collect/ImmutableMap
instanceKlass com/google/common/collect/SortedMapDifference
instanceKlass com/google/common/collect/MapDifference
instanceKlass com/google/common/collect/Maps
instanceKlass org/mule/contribution/internal/lsp/ReferencesLemminxWrapper
instanceKlass org/mule/contribution/internal/lsp/DefinitionLemminxWrapper
instanceKlass org/eclipse/lemminx/dom/DOMNode$1
instanceKlass org/w3c/dom/ProcessingInstruction
instanceKlass org/w3c/dom/Comment
instanceKlass org/mule/contribution/api/lsp/dianostic/MuleXMLErrorCode
instanceKlass com/google/common/collect/UnmodifiableIterator
instanceKlass com/google/common/collect/Sets
instanceKlass org/mule/tooling/client/internal/util/Preconditions
instanceKlass org/eclipse/lemminx/extensions/contentmodel/settings/XMLSchemaSettings
instanceKlass org/eclipse/lemminx/extensions/contentmodel/settings/XMLNamespacesSettings
instanceKlass java/util/Collections$UnmodifiableMap$UnmodifiableEntrySet$UnmodifiableEntrySetSpliterator
instanceKlass org/apache/commons/text/translate/EntityArrays
instanceKlass org/mule/dx/platform/internal/api/embedded/lsp/TransformDelegate
instanceKlass org/mule/dx/platform/internal/api/embedded/lsp/ValidationDelegate
instanceKlass org/mule/dx/platform/internal/api/embedded/lsp/DataPreviewDelegate
instanceKlass org/mule/dx/platform/internal/api/embedded/lsp/SampleDataDelegate
instanceKlass org/mule/dx/platform/internal/api/embedded/lsp/RenameDelegate
instanceKlass org/mule/dx/platform/internal/api/embedded/lsp/DocumentSymbolDelegate
instanceKlass org/mule/dx/platform/internal/api/embedded/lsp/ReferencesDelegate
instanceKlass org/mule/dx/platform/internal/api/embedded/lsp/DefinitionDelegate
instanceKlass org/mule/dx/platform/internal/api/embedded/lsp/CodeActionDelegate
instanceKlass org/mule/dx/platform/internal/api/embedded/lsp/CodeLensDelegate
instanceKlass org/mule/dx/platform/internal/api/embedded/lsp/HoverDelegate
instanceKlass org/mule/dx/platform/internal/api/embedded/lsp/CompletionDelegate
instanceKlass org/mule/dx/platform/internal/api/embedded/lsp/DefaultTextDocumentMediator
instanceKlass sun/nio/fs/WindowsFileSystem$2
instanceKlass sun/nio/fs/Globs
instanceKlass java/nio/file/PathMatcher
instanceKlass org/mule/weave/extension/api/services/DiagnosticService
instanceKlass org/mule/contribution/dataweave/indexer/ModuleIndex
instanceKlass org/mule/weave/extension/api/extension/indexer/IndexPartition
instanceKlass org/mule/dx/platform/api/preview/DataPreview
instanceKlass org/mule/weave/extension/api/services/ast/AstNodeService
instanceKlass org/mule/contribution/dataweave/indexer/ModuleSymbolValue
instanceKlass org/mule/dx/platform/api/transform/MetadataTreeNode
instanceKlass org/mule/contribution/ui/Events
instanceKlass org/mule/weave/extension/api/events/ProjectStartedEventHandler
instanceKlass org/mule/weave/extension/api/events/IndexingFinishedEventHandler
instanceKlass org/mule/weave/extension/api/events/EventTypes
instanceKlass org/mule/contribution/dataweave/lsp/LanguageServerDelegate
instanceKlass org/mule/contribution/ui/TransformContentChangedEventHandler
instanceKlass org/mule/dx/platform/api/custom/CustomServerCapabilitiesProvider
instanceKlass org/mule/dx/platform/api/modules/EmbeddedModuleProvider
instanceKlass org/mule/weave/lsp/services/DiagnosticsPublisher
instanceKlass org/mule/weave/lsp/services/WorkspaceEditApplier
instanceKlass scala/collection/generic/SeqForwarder
instanceKlass scala/collection/generic/IterableForwarder
instanceKlass scala/collection/generic/TraversableForwarder
instanceKlass scala/Predef$$anon$1
instanceKlass scala/reflect/NoManifest$
instanceKlass scala/reflect/ManifestFactory$ClassTypeManifest
instanceKlass scala/collection/mutable/ArrayBuilder
instanceKlass scala/collection/mutable/ReusableBuilder
instanceKlass scala/reflect/AnyValManifest
instanceKlass scala/reflect/Manifest
instanceKlass scala/reflect/ManifestFactory$
instanceKlass scala/reflect/ClassTag
instanceKlass scala/reflect/ClassManifestDeprecatedApis
instanceKlass scala/reflect/OptManifest
instanceKlass scala/reflect/ClassManifestFactory$
instanceKlass scala/reflect/package$
instanceKlass scala/collection/generic/GenSetFactory$$anon$1
instanceKlass scala/collection/immutable/Set
instanceKlass scala/collection/immutable/Map
instanceKlass scala/collection/immutable/MapLike
instanceKlass scala/Predef$$eq$colon$eq
instanceKlass scala/Predef$$less$colon$less
instanceKlass scala/collection/mutable/ArrayLike
instanceKlass scala/LowPriorityImplicits
instanceKlass scala/DeprecatedPredef
instanceKlass org/mule/weave/lsp/project/DefaultOptionalStringSetting
instanceKlass org/mule/weave/lsp/project/Settings$
instanceKlass org/mule/weave/lsp/project/DefaultStringSetting
instanceKlass org/mule/weave/lsp/project/SettingValue
instanceKlass scala/runtime/AbstractFunction11
instanceKlass scala/Function11
instanceKlass org/mule/weave/extension/api/project/WeaveProjectSettings$OptionalStringSetting
instanceKlass org/mule/weave/extension/api/project/WeaveProjectSettings$StringSetting
instanceKlass org/mule/weave/lsp/utils/InternalEvent
instanceKlass org/mule/weave/lsp/project/ProjectSettings
instanceKlass org/mule/weave/extension/api/project/WeaveProjectSettings
instanceKlass org/mule/weave/lsp/extension/client/NoopWeaveLanguageClient$
instanceKlass org/mule/weave/lsp/extension/client/LanguageClientDelegate
instanceKlass scala/runtime/Null$
instanceKlass org/mule/weave/lsp/services/DataWeaveDocumentServiceDispatcher$
instanceKlass org/mule/weave/lsp/services/DataWeaveDocumentServiceDispatcher
instanceKlass org/mule/weave/lsp/services/delegate/TextDocumentServiceDelegate
instanceKlass org/mule/weave/lsp/EmbeddedLanguageServerConfiguration
instanceKlass org/mule/weave/lsp/extension/services/WeaveTextDocumentService
instanceKlass org/mule/weave/lsp/extension/services/FocusAwareDocumentService
instanceKlass org/mule/weave/lsp/EmbeddedWeaveLanguageServer
instanceKlass org/mule/contribution/dataweave/MuleEmbeddedTextDocumentTranslator
instanceKlass java/util/Spliterators$IteratorSpliterator
instanceKlass org/eclipse/lsp4j/WorkDoneProgressOptions
instanceKlass org/mule/dx/platform/internal/api/embedded/lsp/CombineCapabilities
instanceKlass org/mule/dx/platform/internal/api/embedded/lsp/DiagnosticsTranslator
instanceKlass org/mule/weave/lsp/services/events/OnDocumentFocused
instanceKlass org/mule/weave/lsp/services/events/OnDocumentOpened
instanceKlass org/mule/weave/v2/editor/VirtualFile
instanceKlass org/mule/weave/lsp/services/events/OnDocumentChanged
instanceKlass scala/collection/generic/GenMapFactory$MapCanBuildFrom
instanceKlass scala/collection/generic/GenMapFactory
instanceKlass org/mule/weave/lsp/jobs/Task
instanceKlass org/mule/weave/lsp/utils/InternalEventHandler
instanceKlass org/mule/weave/lsp/services/ClientLoggerFactory
instanceKlass org/mule/weave/extension/api/extension/command/WeaveCommand
instanceKlass scala/collection/concurrent/TrieMap$MangledHashing
instanceKlass java/util/concurrent/atomic/AtomicIntegerFieldUpdater$AtomicIntegerFieldUpdaterImpl$1
instanceKlass java/util/concurrent/atomic/AtomicIntegerFieldUpdater
instanceKlass scala/collection/concurrent/KVNode
instanceKlass scala/collection/concurrent/Gen
instanceKlass scala/collection/concurrent/BasicNode
instanceKlass scala/collection/concurrent/INode$
instanceKlass scala/math/Equiv$$anon$2
instanceKlass scala/util/Right$
instanceKlass scala/util/Left$
instanceKlass scala/util/Either$
instanceKlass scala/math/Ordering$Int$
instanceKlass scala/math/Ordering$IntOrdering
instanceKlass scala/math/Ordering$Reverse
instanceKlass scala/math/Ordering$
instanceKlass scala/math/LowPriorityOrderingImplicits
instanceKlass scala/math/Ordered$
instanceKlass scala/math/Numeric$
instanceKlass scala/math/Integral$
instanceKlass scala/math/Fractional$
instanceKlass scala/math/Equiv$
instanceKlass scala/math/LowPriorityEquiv
instanceKlass scala/math/Ordered
instanceKlass scala/math/ScalaNumericConversions
instanceKlass scala/math/ScalaNumericAnyConversions
instanceKlass scala/math/BigInt$
instanceKlass java/math/MathContext
instanceKlass scala/math/BigDecimal$
instanceKlass scala/collection/immutable/Range$
instanceKlass scala/collection/mutable/StringBuilder$
instanceKlass scala/collection/immutable/VectorPointer
instanceKlass scala/collection/immutable/IndexedSeq
instanceKlass scala/collection/immutable/Stream$$hash$colon$colon$
instanceKlass scala/collection/$colon$plus$
instanceKlass scala/collection/$plus$colon$
instanceKlass scala/collection/immutable/$colon$colon$
instanceKlass scala/collection/immutable/List$$anon$1
instanceKlass scala/collection/BufferedIterator
instanceKlass scala/collection/AbstractIterator
instanceKlass scala/collection/TraversableOnce$BufferedCanBuildFrom
instanceKlass scala/collection/Iterator$
instanceKlass scala/runtime/BoxesRunTime
instanceKlass scala/Option$
instanceKlass scala/runtime/java8/JFunction0$mcZ$sp
instanceKlass scala/sys/package$
instanceKlass scala/sys/PropImpl
instanceKlass scala/sys/BooleanProp
instanceKlass scala/sys/Prop
instanceKlass scala/sys/BooleanProp$
instanceKlass scala/sys/SystemProperties$
instanceKlass scala/util/control/NoStackTrace$
instanceKlass scala/util/control/Breaks$TryBlock
instanceKlass scala/util/control/Breaks
instanceKlass scala/math/Numeric
instanceKlass scala/collection/generic/GenTraversableFactory$GenericCanBuildFrom
instanceKlass scala/collection/generic/CanBuildFrom
instanceKlass scala/package$$anon$1
instanceKlass scala/Specializable
instanceKlass scala/package$
instanceKlass scala/util/hashing/Hashing$Default
instanceKlass scala/util/hashing/Hashing$
instanceKlass scala/util/hashing/Hashing
instanceKlass scala/collection/Set
instanceKlass scala/collection/SetLike
instanceKlass scala/collection/concurrent/TrieMap
instanceKlass scala/collection/concurrent/Map
instanceKlass scala/util/Either
instanceKlass scala/math/package$
instanceKlass scala/collection/Parallel
instanceKlass scala/collection/mutable/IndexedSeqView
instanceKlass scala/math/Ordering
instanceKlass scala/math/PartialOrdering
instanceKlass scala/math/Equiv
instanceKlass scala/collection/mutable/Map
instanceKlass scala/collection/mutable/MapLike
instanceKlass scala/collection/Map
instanceKlass scala/collection/MapLike
instanceKlass scala/collection/mutable/HashTable
instanceKlass scala/collection/mutable/HashTable$HashUtils
instanceKlass scala/collection/SeqView
instanceKlass scala/collection/SeqViewLike
instanceKlass scala/collection/IterableView
instanceKlass scala/collection/IterableViewLike
instanceKlass scala/collection/GenSet
instanceKlass scala/collection/generic/GenericSetTemplate
instanceKlass scala/collection/GenSetLike
instanceKlass scala/collection/GenMap
instanceKlass scala/collection/GenMapLike
instanceKlass scala/collection/generic/TraversableFactory
instanceKlass scala/collection/generic/GenericSeqCompanion
instanceKlass scala/collection/generic/GenericCompanion
instanceKlass scala/collection/TraversableView
instanceKlass scala/collection/TraversableViewLike
instanceKlass scala/collection/ViewMkString
instanceKlass scala/Function0
instanceKlass scala/collection/immutable/LinearSeq
instanceKlass scala/collection/LinearSeq
instanceKlass scala/collection/immutable/Seq
instanceKlass scala/collection/immutable/Iterable
instanceKlass scala/collection/immutable/Traversable
instanceKlass scala/Immutable
instanceKlass scala/collection/LinearSeqOptimized
instanceKlass scala/collection/LinearSeqLike
instanceKlass scala/util/control/ControlThrowable
instanceKlass scala/util/control/NoStackTrace
instanceKlass scala/collection/AbstractTraversable
instanceKlass scala/collection/mutable/Buffer
instanceKlass scala/collection/mutable/BufferLike
instanceKlass scala/collection/generic/Subtractable
instanceKlass scala/collection/script/Scriptable
instanceKlass scala/collection/generic/Shrinkable
instanceKlass scala/collection/CustomParallelizable
instanceKlass scala/collection/mutable/ResizableArray
instanceKlass scala/collection/mutable/IndexedSeqOptimized
instanceKlass scala/collection/IndexedSeqOptimized
instanceKlass scala/collection/mutable/IndexedSeq
instanceKlass scala/collection/mutable/IndexedSeqLike
instanceKlass scala/collection/IndexedSeq
instanceKlass scala/collection/IndexedSeqLike
instanceKlass scala/collection/mutable/Seq
instanceKlass scala/collection/mutable/SeqLike
instanceKlass scala/collection/mutable/Cloneable
instanceKlass scala/Cloneable
instanceKlass scala/collection/Seq
instanceKlass scala/collection/SeqLike
instanceKlass scala/collection/GenSeq
instanceKlass scala/collection/GenSeqLike
instanceKlass scala/PartialFunction
instanceKlass scala/Function1
instanceKlass scala/collection/mutable/Iterable
instanceKlass scala/collection/Iterable
instanceKlass scala/collection/IterableLike
instanceKlass scala/collection/GenIterable
instanceKlass scala/collection/GenIterableLike
instanceKlass scala/collection/mutable/Traversable
instanceKlass scala/Mutable
instanceKlass scala/collection/Traversable
instanceKlass scala/collection/GenTraversable
instanceKlass scala/collection/generic/GenericTraversableTemplate
instanceKlass scala/collection/TraversableLike
instanceKlass scala/collection/GenTraversableLike
instanceKlass scala/collection/Parallelizable
instanceKlass scala/collection/generic/FilterMonadic
instanceKlass scala/collection/generic/HasNewBuilder
instanceKlass scala/collection/mutable/Builder
instanceKlass scala/collection/generic/Growable
instanceKlass scala/collection/generic/Clearable
instanceKlass org/mule/weave/lsp/IDEExecutors$
instanceKlass org/mule/weave/lsp/IDEExecutors
instanceKlass org/mule/weave/lsp/jobs/Job
instanceKlass org/mule/weave/extension/api/project/Nature
instanceKlass org/mule/maven/client/api/model/ImmutableRemoteRepository
instanceKlass java/net/spi/URLStreamHandlerProvider
instanceKlass java/net/URL$1
instanceKlass java/net/URL$2
instanceKlass org/mule/maven/client/api/model/RemoteRepository$RemoteRepositoryBuilder
instanceKlass org/mule/contribution/dataweave/validation/ValidationExtensionProvider$$FastClassByGuice$$337499227
instanceKlass org/mule/weave/extension/api/extension/validation/WeaveValidator
instanceKlass org/mule/contribution/dataweave/validation/ValidationExtensionProvider
instanceKlass org/mule/contribution/dataweave/indexer/ModuleIndexer
instanceKlass scala/collection/Iterator
instanceKlass scala/collection/TraversableOnce
instanceKlass scala/collection/GenTraversableOnce
instanceKlass org/mule/weave/lsp/extension/protocol/NoopDataWeaveProtocolClientDelegate$
instanceKlass org/mule/dx/flow/design/service/api/serialization/GsonConfig$1
instanceKlass org/mule/dx/flow/design/service/api/serialization/EnumTypeAdapter$Factory
instanceKlass com/google/gson/internal/bind/TypeAdapters$29
instanceKlass org/mule/tooling/client/internal/persistence/NestableElementModelTypeAdapterFactory
instanceKlass org/mule/dx/flow/design/service/api/serialization/OptionalTypeAdapter$1
instanceKlass org/mule/dx/flow/design/service/api/serialization/MetadataTypeAdapterFactory
instanceKlass org/mule/metadata/persistence/DefaultObjectTypeReferenceHandler
instanceKlass org/mule/tooling/client/internal/persistence/RestrictedTypesObjectTypeReferenceHandler
instanceKlass org/mule/metadata/persistence/SerializationContext
instanceKlass org/mule/metadata/persistence/ObjectTypeReferenceHandler
instanceKlass org/mule/dx/flow/design/service/api/serialization/GsonConfig
instanceKlass org/apache/commons/lang3/StringUtils
instanceKlass org/mule/contribution/dataweave/WeaveLspComponent$$FastClassByGuice$$336032543
instanceKlass org/mule/contribution/dataweave/transform/DataweaveObjectExpressionParser$$FastClassByGuice$$335408674
instanceKlass org/mule/weave/v2/api/tooling/expression/ObjectExpression
instanceKlass org/mule/weave/v2/api/tooling/expression/FunctionCallExpression
instanceKlass org/mule/weave/v2/api/tooling/expression/LiteralExpression
instanceKlass org/mule/weave/v2/api/tooling/expression/ValueSelectionExpression
instanceKlass org/mule/weave/v2/api/tooling/expression/UndefinedExpression
instanceKlass org/mule/weave/v2/api/tooling/expression/MappingExpression
instanceKlass org/mule/weave/v2/api/tooling/expression/ArrayExpression
instanceKlass org/mule/weave/v2/api/tooling/expression/ComplexExpression
instanceKlass org/mule/weave/v2/api/tooling/expression/Expression
instanceKlass org/mule/contribution/dataweave/metadata/MuleMetadataProviderComponentFactory$$FastClassByGuice$$334106411
instanceKlass org/mule/contribution/dataweave/metadata/MuleDxWeaveMetadataProviderComponent
instanceKlass org/mule/weave/extension/api/component/metadata/WeaveMetadataProviderComponent
instanceKlass org/mule/weave/extension/api/component/WeaveComponent
instanceKlass org/mule/contribution/dataweave/transform/DataweaveObjectExpressionParser
instanceKlass org/mule/weave/extension/api/component/NatureBasedComponentFactory
instanceKlass org/mule/contribution/dataweave/WeaveLspComponent
instanceKlass java/util/concurrent/SynchronousQueue$TransferStack$SNode
instanceKlass java/util/concurrent/SynchronousQueue$Transferer
instanceKlass org/mule/metadata/api/model/ArrayType
instanceKlass org/mule/metadata/api/model/impl/BaseMetadataType
instanceKlass org/mule/metadata/api/model/FieldsComparable
instanceKlass org/mule/contribution/internal/lsp/ui/form/state/FieldHandlerKey$Builder
instanceKlass java/util/concurrent/ForkJoinPool$ManagedBlocker
instanceKlass sun/nio/fs/WindowsWatchService$FileKey
instanceKlass sun/nio/fs/AbstractPoller$2
instanceKlass sun/nio/fs/AbstractPoller$Request
instanceKlass java/nio/file/WatchEvent$Modifier
instanceKlass sun/nio/fs/AbstractPoller$1
instanceKlass sun/nio/fs/AbstractPoller
instanceKlass java/nio/file/StandardWatchEventKinds$StdWatchEventKind
instanceKlass java/nio/file/WatchEvent$Kind
instanceKlass java/nio/file/StandardWatchEventKinds
instanceKlass sun/nio/fs/AbstractWatchKey$Event
instanceKlass java/nio/file/WatchEvent
instanceKlass sun/nio/fs/AbstractWatchKey
instanceKlass sun/nio/fs/AbstractWatchService
instanceKlass java/nio/file/WatchService
instanceKlass org/mule/dx/platform/internal/files/FileWatcher
instanceKlass sun/nio/ch/IOStatus
instanceKlass java/nio/DirectByteBuffer$Deallocator
instanceKlass sun/nio/ch/Util$BufferCache
instanceKlass sun/nio/ch/Util
instanceKlass sun/nio/ch/NativeThread
instanceKlass java/nio/channels/Channels
instanceKlass sun/nio/fs/WindowsChannelFactory$2
instanceKlass org/codehaus/plexus/util/WriterFactory
instanceKlass org/apache/maven/settings/building/DefaultSettingsBuildingResult
instanceKlass org/codehaus/plexus/interpolation/SimpleRecursionInterceptor
instanceKlass org/apache/maven/settings/building/DefaultSettingsBuilder$1
instanceKlass org/codehaus/plexus/interpolation/os/OperatingSystemUtils$DefaultEnvVarSource
instanceKlass org/codehaus/plexus/interpolation/os/OperatingSystemUtils$EnvVarSource
instanceKlass org/codehaus/plexus/interpolation/os/OperatingSystemUtils
instanceKlass org/codehaus/plexus/interpolation/AbstractValueSource
instanceKlass org/codehaus/plexus/interpolation/RecursionInterceptor
instanceKlass org/codehaus/plexus/interpolation/RegexBasedInterpolator
instanceKlass org/codehaus/plexus/interpolation/Interpolator
instanceKlass org/codehaus/plexus/interpolation/BasicInterpolator
instanceKlass org/codehaus/plexus/util/xml/pull/MXSerializer
instanceKlass org/codehaus/plexus/util/xml/pull/XmlSerializer
instanceKlass org/apache/maven/settings/io/xpp3/SettingsXpp3Writer
instanceKlass org/codehaus/plexus/util/StringUtils
instanceKlass org/apache/maven/settings/Activation
instanceKlass org/codehaus/plexus/util/xml/pull/EntityReplacementMap
instanceKlass org/codehaus/plexus/util/xml/pull/MXParser
instanceKlass org/apache/maven/settings/io/xpp3/SettingsXpp3Reader$1
instanceKlass org/codehaus/plexus/util/xml/pull/XmlPullParser
instanceKlass org/apache/maven/settings/io/xpp3/SettingsXpp3Reader$ContentTransformer
instanceKlass org/apache/maven/settings/io/xpp3/SettingsXpp3Reader
instanceKlass org/apache/maven/building/FileSource
instanceKlass org/apache/maven/settings/building/DefaultSettingsProblemCollector
instanceKlass org/apache/maven/settings/merge/MavenSettingsMerger
instanceKlass org/apache/maven/settings/validation/DefaultSettingsValidator
instanceKlass org/apache/maven/settings/io/DefaultSettingsWriter
instanceKlass org/apache/maven/settings/io/DefaultSettingsReader
instanceKlass org/apache/maven/settings/building/SettingsBuildingResult
instanceKlass org/apache/maven/settings/building/SettingsProblemCollector
instanceKlass org/apache/maven/building/Source
instanceKlass org/codehaus/plexus/interpolation/InterpolationPostProcessor
instanceKlass org/codehaus/plexus/interpolation/ValueSource
instanceKlass org/apache/maven/settings/building/DefaultSettingsBuilder
instanceKlass org/apache/maven/settings/building/SettingsBuilder
instanceKlass org/apache/maven/settings/building/DefaultSettingsBuildingRequest
instanceKlass org/apache/maven/settings/validation/SettingsValidator
instanceKlass org/apache/maven/settings/io/SettingsReader
instanceKlass org/apache/maven/settings/io/SettingsWriter
instanceKlass org/apache/maven/settings/building/DefaultSettingsBuilderFactory
instanceKlass com/google/common/cache/LocalCache$AbstractReferenceEntry
instanceKlass com/google/common/cache/LocalCache$LoadingValueReference
instanceKlass com/google/common/cache/RemovalListener
instanceKlass com/google/common/cache/Weigher
instanceKlass com/google/common/base/Predicate
instanceKlass com/google/common/base/Equivalence
instanceKlass com/google/common/base/MoreObjects
instanceKlass com/google/common/cache/LocalCache$1
instanceKlass com/google/common/cache/ReferenceEntry
instanceKlass com/google/common/cache/LocalCache$ValueReference
instanceKlass com/google/common/cache/LocalCache$LocalManualCache
instanceKlass com/google/common/cache/CacheBuilder$2
instanceKlass com/google/common/cache/CacheStats
instanceKlass com/google/common/base/Suppliers$SupplierOfInstance
instanceKlass com/google/common/base/Suppliers
instanceKlass com/google/common/cache/CacheBuilder$1
instanceKlass com/google/common/cache/AbstractCache$StatsCounter
instanceKlass com/google/common/base/Ticker
instanceKlass com/google/common/base/Supplier
instanceKlass com/google/common/cache/CacheBuilder
instanceKlass com/google/gson/internal/LinkedTreeMap$Node
instanceKlass com/google/gson/internal/LinkedTreeMap$1
instanceKlass com/google/gson/internal/ConstructorConstructor$13
instanceKlass com/google/gson/internal/$Gson$Types$GenericArrayTypeImpl
instanceKlass com/google/gson/internal/Primitives
instanceKlass com/google/gson/annotations/SerializedName
instanceKlass com/google/gson/internal/ConstructorConstructor$3
instanceKlass com/google/gson/annotations/JsonAdapter
instanceKlass com/google/gson/internal/$Gson$Types$ParameterizedTypeImpl
instanceKlass com/google/gson/internal/JsonReaderInternalAccess
instanceKlass com/google/common/base/Preconditions
instanceKlass com/google/common/reflect/Invokable
instanceKlass com/google/common/reflect/TypeCapture
instanceKlass java/util/concurrent/Executors$DelegatedExecutorService
instanceKlass com/google/common/util/concurrent/ThreadFactoryBuilder$1
instanceKlass com/google/common/util/concurrent/ThreadFactoryBuilder
instanceKlass org/mule/dx/platform/internal/MavenModule$AetherMavenClientFactory
instanceKlass sun/invoke/util/VerifyAccess$1
instanceKlass com/google/common/util/concurrent/ThreadFactoryBuilder$1
instanceKlass java/lang/StringUTF16$CharsSpliterator
instanceKlass java/util/stream/Sink$ChainedInt
instanceKlass java/util/OptionalInt
instanceKlass java/util/stream/Sink$OfInt
instanceKlass java/util/function/IntConsumer
instanceKlass java/util/function/IntPredicate
instanceKlass java/lang/StringLatin1$CharsSpliterator
instanceKlass java/text/DecimalFormatSymbols
instanceKlass com/google/common/util/concurrent/ThreadFactoryBuilder
instanceKlass org/mule/contribution/internal/KnownExtensionModels
instanceKlass org/mule/dx/platform/auth/BackendTokenValidator
instanceKlass org/mule/dx/platform/auth/OAuthTokenValidator
instanceKlass jakarta/annotation/Priority
instanceKlass jakarta/ws/rs/ConstrainedTo
instanceKlass org/glassfish/jersey/model/internal/CommonConfig$FeatureRegistration
instanceKlass java/util/IdentityHashMap$EntryIterator$Entry
instanceKlass jakarta/inject/Singleton
instanceKlass org/glassfish/jersey/spi/Contract
instanceKlass jakarta/ws/rs/client/RxInvokerProvider
instanceKlass jakarta/ws/rs/client/ClientRequestFilter
instanceKlass jakarta/ws/rs/client/ClientResponseFilter
instanceKlass jakarta/ws/rs/container/DynamicFeature
instanceKlass jakarta/ws/rs/container/ContainerResponseFilter
instanceKlass jakarta/ws/rs/container/ContainerRequestFilter
instanceKlass jakarta/ws/rs/ext/ParamConverterProvider
instanceKlass jakarta/ws/rs/ext/WriterInterceptor
instanceKlass jakarta/ws/rs/ext/ReaderInterceptor
instanceKlass jakarta/ws/rs/ext/MessageBodyWriter
instanceKlass jakarta/ws/rs/ext/MessageBodyReader
instanceKlass jakarta/ws/rs/ext/ExceptionMapper
instanceKlass jakarta/ws/rs/ext/ContextResolver
instanceKlass org/glassfish/jersey/internal/inject/Providers
instanceKlass org/glassfish/jersey/internal/Errors
instanceKlass org/glassfish/jersey/internal/util/Producer
instanceKlass org/glassfish/jersey/internal/guava/Preconditions
instanceKlass java/text/FieldPosition
instanceKlass java/util/ResourceBundle$Control$2
instanceKlass java/util/ResourceBundle$CacheKeyReference
instanceKlass java/util/ResourceBundle$CacheKey
instanceKlass java/util/ImmutableCollections$Access$1
instanceKlass jdk/internal/access/JavaUtilCollectionAccess
instanceKlass java/util/ImmutableCollections$Access
instanceKlass java/util/ServiceLoader$ProviderSpliterator
instanceKlass java/util/spi/ResourceBundleControlProvider
instanceKlass java/util/ResourceBundle$ResourceBundleControlProviderHolder
instanceKlass org/glassfish/jersey/internal/l10n/LocalizableMessage
instanceKlass org/glassfish/jersey/internal/l10n/Localizer
instanceKlass org/glassfish/jersey/client/internal/LocalizationMessages$BundleSupplier
instanceKlass org/glassfish/jersey/internal/l10n/Localizable
instanceKlass org/glassfish/jersey/internal/l10n/LocalizableMessageFactory
instanceKlass org/glassfish/jersey/internal/l10n/LocalizableMessageFactory$ResourceBundleSupplier
instanceKlass org/glassfish/jersey/client/internal/LocalizationMessages
instanceKlass org/glassfish/jersey/media/multipart/MultiPartFeature
instanceKlass jakarta/ws/rs/core/Feature
instanceKlass org/glassfish/jersey/internal/util/collection/Values$LazyUnsafeValueImpl
instanceKlass org/glassfish/jersey/client/JerseyClient$2
instanceKlass java/util/concurrent/BlockingDeque
instanceKlass org/glassfish/jersey/client/JerseyClient$1
instanceKlass jakarta/ws/rs/client/WebTarget
instanceKlass org/glassfish/jersey/client/spi/DefaultSslContextProvider
instanceKlass org/glassfish/jersey/client/JerseyClient
instanceKlass org/glassfish/jersey/client/Initializable
instanceKlass java/util/IdentityHashMap$IdentityHashMapIterator
instanceKlass java/util/LinkedList$ListItr
instanceKlass org/glassfish/jersey/model/internal/RankedComparator
instanceKlass org/glassfish/jersey/client/spi/ClientBuilderListener
instanceKlass jakarta/ws/rs/client/FactoryFinder
instanceKlass jakarta/ws/rs/client/ClientBuilder
instanceKlass org/mule/dx/platform/api/event/ProxySettingsChangeListener
instanceKlass org/mule/dx/platform/api/event/EventTypes
instanceKlass org/glassfish/jersey/client/HttpUrlConnectorProvider$DefaultConnectionFactory
instanceKlass org/glassfish/jersey/client/spi/Connector
instanceKlass org/glassfish/jersey/client/HttpUrlConnectorProvider$ConnectionFactory
instanceKlass org/glassfish/jersey/client/HttpUrlConnectorProvider
instanceKlass org/glassfish/jersey/internal/ServiceFinder$AbstractLazyIterator
instanceKlass org/glassfish/jersey/internal/util/ReflectionHelper$8
instanceKlass org/glassfish/jersey/internal/util/ReflectionHelper$3
instanceKlass org/glassfish/jersey/internal/ServiceFinder$ServiceIteratorProvider
instanceKlass org/glassfish/jersey/internal/OsgiRegistry
instanceKlass org/osgi/framework/SynchronousBundleListener
instanceKlass org/osgi/framework/BundleListener
instanceKlass org/glassfish/jersey/internal/util/ReflectionHelper$2
instanceKlass org/glassfish/jersey/internal/util/ReflectionHelper$1
instanceKlass org/glassfish/jersey/internal/util/TypeVisitor
instanceKlass org/glassfish/jersey/internal/util/ReflectionHelper
instanceKlass org/glassfish/jersey/internal/ServiceFinder
instanceKlass org/glassfish/jersey/model/ContractProvider$Builder
instanceKlass org/glassfish/jersey/process/Inflector
instanceKlass org/glassfish/jersey/internal/inject/InjectionManager
instanceKlass org/glassfish/jersey/model/ContractProvider
instanceKlass org/glassfish/jersey/model/NameBound
instanceKlass org/glassfish/jersey/model/Scoped
instanceKlass org/glassfish/jersey/model/internal/ComponentBag
instanceKlass org/glassfish/jersey/model/internal/CommonConfig
instanceKlass jakarta/ws/rs/core/FeatureContext
instanceKlass org/glassfish/jersey/internal/util/collection/Values$LazyValueImpl
instanceKlass org/glassfish/jersey/internal/util/collection/Values$2
instanceKlass org/glassfish/jersey/internal/util/collection/Values$1
instanceKlass org/glassfish/jersey/internal/util/collection/LazyUnsafeValue
instanceKlass org/glassfish/jersey/internal/util/collection/UnsafeValue
instanceKlass org/glassfish/jersey/internal/util/collection/LazyValue
instanceKlass org/glassfish/jersey/internal/util/collection/Values
instanceKlass org/glassfish/jersey/client/ClientRuntime
instanceKlass org/glassfish/jersey/client/ClientExecutor
instanceKlass org/glassfish/jersey/internal/util/collection/Value
instanceKlass org/glassfish/jersey/client/ClientConfig$State$StateChangeStrategy
instanceKlass org/glassfish/jersey/client/JerseyClient$ShutdownHook
instanceKlass org/glassfish/jersey/internal/BootstrapBag
instanceKlass org/glassfish/jersey/internal/inject/Binder
instanceKlass org/glassfish/jersey/client/ClientConfig$State
instanceKlass org/apache/logging/log4j/message/ReusableSimpleMessage
instanceKlass org/mule/dx/platform/region/DefaultPlatformRegion
instanceKlass com/google/gson/internal/bind/ReflectiveTypeAdapterFactory$BoundField
instanceKlass com/google/gson/internal/bind/ReflectiveTypeAdapterFactory
instanceKlass com/google/gson/internal/bind/JsonAdapterAnnotationTypeAdapterFactory
instanceKlass com/google/gson/internal/bind/MapTypeAdapterFactory
instanceKlass com/google/gson/internal/bind/CollectionTypeAdapterFactory
instanceKlass com/google/gson/internal/bind/ArrayTypeAdapter$1
instanceKlass com/google/gson/internal/bind/DateTypeAdapter$1
instanceKlass java/util/concurrent/atomic/AtomicLongArray
instanceKlass com/google/gson/internal/bind/NumberTypeAdapter$1
instanceKlass com/google/gson/internal/bind/ObjectTypeAdapter$1
instanceKlass com/google/gson/internal/bind/TypeAdapters$28
instanceKlass com/google/gson/internal/bind/TypeAdapters$32
instanceKlass java/util/Currency
instanceKlass com/google/gson/internal/bind/TypeAdapters$33
instanceKlass java/util/concurrent/atomic/AtomicIntegerArray
instanceKlass com/google/gson/internal/bind/TypeAdapters$31
instanceKlass java/util/BitSet
instanceKlass com/google/gson/internal/bind/TypeAdapters$30
instanceKlass com/google/gson/internal/bind/TypeAdapters
instanceKlass com/google/gson/internal/JavaVersion
instanceKlass com/google/gson/internal/reflect/ReflectionAccessor
instanceKlass com/google/gson/internal/ObjectConstructor
instanceKlass com/google/gson/internal/ConstructorConstructor
instanceKlass com/google/gson/internal/sql/SqlTimestampTypeAdapter$1
instanceKlass com/google/gson/internal/sql/SqlTimeTypeAdapter$1
instanceKlass com/google/gson/internal/sql/SqlDateTypeAdapter$1
instanceKlass com/google/gson/internal/bind/DefaultDateTypeAdapter$DateType
instanceKlass com/google/gson/internal/sql/SqlTypesSupport
instanceKlass com/google/gson/internal/bind/TreeTypeAdapter$SingleTypeFactory
instanceKlass com/google/gson/stream/JsonReader
instanceKlass com/google/gson/stream/JsonWriter
instanceKlass com/google/gson/internal/$Gson$Types
instanceKlass com/google/gson/reflect/TypeToken
instanceKlass com/google/gson/InstanceCreator
instanceKlass com/google/gson/internal/$Gson$Preconditions
instanceKlass com/google/gson/TypeAdapter
instanceKlass com/google/gson/internal/Excluder
instanceKlass com/google/gson/TypeAdapterFactory
instanceKlass com/google/gson/ToNumberStrategy
instanceKlass com/google/gson/FieldNamingStrategy
instanceKlass com/google/common/collect/MapMakerInternalMap$StrongValueEntry
instanceKlass com/google/inject/internal/DelegatingInvocationHandler
instanceKlass com/sun/org/apache/xerces/internal/impl/PropertyManager
instanceKlass javax/xml/stream/FactoryFinder$1
instanceKlass javax/xml/stream/FactoryFinder
instanceKlass org/apache/logging/log4j/core/util/NameUtil
instanceKlass org/apache/logging/log4j/core/Logger$PrivateConfig
instanceKlass org/apache/logging/log4j/core/util/DefaultShutdownCallbackRegistry$RegisteredCancellable
instanceKlass org/apache/logging/log4j/core/LoggerContext$1
instanceKlass org/apache/logging/log4j/core/util/ExecutorServices
instanceKlass org/apache/logging/log4j/core/impl/Log4jLogEvent
instanceKlass org/apache/logging/log4j/core/jmx/AppenderAdmin
instanceKlass org/apache/logging/log4j/core/jmx/AppenderAdminMBean
instanceKlass org/apache/logging/log4j/core/jmx/LoggerConfigAdmin
instanceKlass org/apache/logging/log4j/core/jmx/LoggerConfigAdminMBean
instanceKlass org/apache/logging/log4j/core/jmx/ContextSelectorAdmin
instanceKlass org/apache/logging/log4j/core/jmx/ContextSelectorAdminMBean
instanceKlass org/apache/logging/log4j/status/StatusData
instanceKlass org/apache/logging/log4j/core/jmx/StatusLoggerAdminMBean
instanceKlass org/apache/logging/log4j/core/jmx/LoggerContextAdminMBean
instanceKlass org/apache/logging/log4j/core/util/Log4jThreadFactory
instanceKlass org/apache/logging/log4j/core/jmx/Server
instanceKlass org/apache/logging/log4j/core/config/Loggers
instanceKlass org/apache/logging/log4j/core/config/AwaitCompletionReliabilityStrategy
instanceKlass org/apache/logging/log4j/core/config/ReliabilityStrategyFactory
instanceKlass org/apache/logging/log4j/core/config/LoggerConfig$LevelAndRefs
instanceKlass org/apache/logging/log4j/core/config/LoggerConfig$RootLogger$Builder
instanceKlass org/apache/logging/log4j/core/config/plugins/PluginAttribute
instanceKlass org/apache/logging/log4j/core/config/plugins/PluginFactory
instanceKlass org/apache/logging/log4j/core/appender/ConfigurationFactoryData
instanceKlass org/apache/logging/log4j/core/appender/FileManager$FileManagerFactory
instanceKlass org/apache/logging/log4j/core/lookup/DefaultLookupResult
instanceKlass org/apache/logging/log4j/core/util/Assert
instanceKlass org/apache/logging/log4j/core/config/plugins/validation/validators/RequiredValidator
instanceKlass org/apache/logging/log4j/core/config/plugins/validation/ConstraintValidator
instanceKlass org/apache/logging/log4j/util/EnglishEnums
instanceKlass org/apache/logging/log4j/core/config/plugins/convert/EnumConverter
instanceKlass org/apache/logging/log4j/core/config/plugins/validation/constraints/Required
instanceKlass org/apache/logging/log4j/core/filter/AbstractFilterable$Builder
instanceKlass org/apache/logging/log4j/core/util/datetime/FastDateParser$StrategyAndWidth
instanceKlass org/apache/logging/log4j/core/util/datetime/FastDateParser$StrategyParser
instanceKlass org/apache/logging/log4j/core/util/datetime/FastDateParser$Strategy
instanceKlass org/apache/logging/log4j/core/util/datetime/FastDateParser
instanceKlass org/apache/logging/log4j/core/util/datetime/FastDatePrinter$TwoDigitNumberField
instanceKlass org/apache/logging/log4j/core/util/datetime/FastDatePrinter$TwoDigitMonthField
instanceKlass org/apache/logging/log4j/core/util/datetime/FastDatePrinter$CharacterLiteral
instanceKlass org/apache/logging/log4j/core/util/datetime/FastDatePrinter$PaddedNumberField
instanceKlass org/apache/logging/log4j/core/util/datetime/FastDatePrinter$NumberRule
instanceKlass org/apache/logging/log4j/core/util/datetime/FastDatePrinter$Rule
instanceKlass org/apache/logging/log4j/core/util/datetime/FastDatePrinter
instanceKlass org/apache/logging/log4j/core/util/datetime/FormatCache$MultipartKey
instanceKlass org/apache/logging/log4j/core/util/datetime/FormatCache
instanceKlass org/apache/logging/log4j/core/util/datetime/Format
instanceKlass org/apache/logging/log4j/core/util/datetime/DatePrinter
instanceKlass org/apache/logging/log4j/core/util/datetime/DateParser
instanceKlass org/apache/logging/log4j/core/config/plugins/validation/Constraint
instanceKlass org/apache/logging/log4j/core/config/plugins/validation/ConstraintValidators
instanceKlass org/apache/logging/log4j/core/config/plugins/PluginConfiguration
instanceKlass org/apache/logging/log4j/core/config/plugins/PluginElement
instanceKlass org/apache/logging/log4j/util/StringBuilders
instanceKlass org/apache/logging/log4j/core/appender/rolling/action/Duration
instanceKlass org/apache/logging/log4j/core/util/CronExpression
instanceKlass org/apache/logging/log4j/core/config/plugins/convert/TypeConverterRegistry
instanceKlass org/apache/logging/log4j/core/config/plugins/convert/TypeConverters
instanceKlass org/apache/logging/log4j/core/config/plugins/visitors/AbstractPluginVisitor
instanceKlass org/apache/logging/log4j/core/config/plugins/visitors/PluginVisitor
instanceKlass org/apache/logging/log4j/core/config/plugins/visitors/PluginVisitors
instanceKlass org/apache/logging/log4j/core/config/plugins/PluginVisitorStrategy
instanceKlass org/apache/logging/log4j/core/config/plugins/PluginBuilderAttribute
instanceKlass org/apache/logging/log4j/core/util/TypeUtil
instanceKlass org/apache/logging/log4j/core/config/plugins/PluginBuilderFactory
instanceKlass org/apache/logging/log4j/core/config/plugins/util/PluginBuilder
instanceKlass org/apache/logging/log4j/core/config/plugins/PluginAliases
instanceKlass org/apache/logging/log4j/core/config/Scheduled
instanceKlass org/apache/logging/log4j/core/Version
instanceKlass org/apache/logging/log4j/core/util/NetUtils
instanceKlass org/apache/logging/log4j/status/StatusConsoleListener
instanceKlass org/apache/logging/log4j/status/StatusListener
instanceKlass org/apache/logging/log4j/core/config/status/StatusConfiguration
instanceKlass org/apache/logging/log4j/core/util/Closer
instanceKlass org/apache/logging/log4j/core/config/plugins/util/ResolverUtil
instanceKlass org/apache/logging/log4j/core/config/Reconfigurable
instanceKlass org/apache/logging/log4j/core/util/Source
instanceKlass org/apache/logging/log4j/core/net/UrlConnectionFactory
instanceKlass org/apache/logging/log4j/core/util/FileUtils
instanceKlass org/apache/logging/log4j/core/util/BasicAuthorizationProvider
instanceKlass org/apache/logging/log4j/core/config/Order
instanceKlass org/apache/logging/log4j/core/config/OrderComparator
instanceKlass org/apache/logging/log4j/core/util/AuthorizationProvider
instanceKlass org/apache/logging/log4j/core/config/builder/api/ConfigurationBuilder
instanceKlass org/apache/logging/log4j/core/appender/DefaultErrorHandler
instanceKlass org/apache/logging/log4j/core/appender/ConsoleAppender$FactoryData
instanceKlass org/apache/logging/log4j/core/appender/ConsoleAppender$ConsoleManagerFactory
instanceKlass org/apache/logging/log4j/core/layout/ByteBufferDestination
instanceKlass org/apache/logging/log4j/core/ErrorHandler
instanceKlass org/apache/logging/log4j/core/layout/PatternLayout$PatternFormatterPatternSerializer
instanceKlass org/apache/logging/log4j/core/pattern/PlainTextRenderer
instanceKlass org/apache/logging/log4j/core/impl/ThrowableFormatOptions
instanceKlass org/apache/logging/log4j/core/pattern/PatternFormatter
instanceKlass org/apache/logging/log4j/core/pattern/TextRenderer
instanceKlass org/apache/logging/log4j/core/util/Integers
instanceKlass org/apache/logging/log4j/core/pattern/NameAbbreviator
instanceKlass org/apache/logging/log4j/core/util/OptionConverter
instanceKlass org/apache/logging/log4j/core/pattern/DatePatternConverter$CachedTime
instanceKlass org/apache/logging/log4j/core/time/MutableInstant
instanceKlass org/apache/logging/log4j/core/util/datetime/FixedDateFormat
instanceKlass org/apache/logging/log4j/core/time/Instant
instanceKlass org/apache/logging/log4j/core/pattern/DatePatternConverter$Formatter
instanceKlass org/apache/logging/log4j/core/pattern/PatternParser$1
instanceKlass org/apache/logging/log4j/core/pattern/FormattingInfo
instanceKlass org/apache/logging/log4j/core/config/plugins/Plugin
instanceKlass org/apache/logging/log4j/core/pattern/ConverterKeys
instanceKlass org/apache/logging/log4j/core/pattern/PatternParser
instanceKlass org/apache/logging/log4j/core/layout/StringBuilderEncoder
instanceKlass org/apache/logging/log4j/core/layout/PatternLayout$PatternSerializer
instanceKlass org/apache/logging/log4j/core/layout/AbstractStringLayout$Serializer
instanceKlass org/apache/logging/log4j/core/layout/PatternLayout$SerializerBuilder
instanceKlass org/apache/logging/log4j/core/layout/PatternLayout$Builder
instanceKlass org/apache/logging/log4j/core/layout/AbstractStringLayout$Serializer2
instanceKlass org/apache/logging/log4j/spi/LoggerRegistry$ConcurrentMapFactory
instanceKlass org/apache/logging/log4j/spi/LoggerRegistry$MapFactory
instanceKlass org/apache/logging/log4j/spi/LoggerRegistry
instanceKlass org/apache/logging/log4j/core/config/Node
instanceKlass org/apache/logging/log4j/core/util/DummyNanoClock
instanceKlass org/apache/logging/log4j/core/util/WatchEventService
instanceKlass org/apache/logging/log4j/core/util/WatchManager$LocalUUID
instanceKlass org/apache/logging/log4j/core/config/DefaultReliabilityStrategy
instanceKlass org/apache/logging/log4j/core/config/LocationAwareReliabilityStrategy
instanceKlass org/apache/logging/log4j/core/config/AppenderControlArraySet
instanceKlass org/apache/logging/log4j/core/time/PreciseClock
instanceKlass org/apache/logging/log4j/core/util/SystemClock
instanceKlass org/apache/logging/log4j/core/util/Clock
instanceKlass org/apache/logging/log4j/core/util/ClockFactory
instanceKlass org/apache/logging/log4j/core/impl/ReusableLogEventFactory
instanceKlass org/apache/logging/log4j/core/impl/LogEventFactory
instanceKlass org/apache/logging/log4j/core/impl/LocationAwareLogEventFactory
instanceKlass org/apache/logging/log4j/core/config/ReliabilityStrategy
instanceKlass org/apache/logging/log4j/core/LogEvent
instanceKlass org/apache/logging/log4j/core/lookup/StrMatcher
instanceKlass org/apache/logging/log4j/core/net/JndiManager$JndiManagerFactory
instanceKlass org/apache/logging/log4j/core/appender/ManagerFactory
instanceKlass org/apache/logging/log4j/core/appender/AbstractManager
instanceKlass org/apache/logging/log4j/core/impl/ThreadContextDataProvider
instanceKlass org/apache/logging/log4j/core/util/ContextDataProvider
instanceKlass org/apache/logging/log4j/core/impl/ThreadContextDataInjector
instanceKlass org/apache/logging/log4j/core/impl/ThreadContextDataInjector$ForCopyOnWriteThreadContextMap
instanceKlass org/apache/logging/log4j/spi/DefaultThreadContextStack
instanceKlass org/apache/logging/log4j/spi/DefaultThreadContextMap
instanceKlass org/apache/logging/log4j/spi/GarbageFreeSortedArrayThreadContextMap
instanceKlass org/apache/logging/log4j/util/TriConsumer
instanceKlass org/apache/logging/log4j/util/SortedArrayStringMap
instanceKlass org/apache/logging/log4j/util/IndexedStringMap
instanceKlass org/apache/logging/log4j/util/IndexedReadOnlyStringMap
instanceKlass org/apache/logging/log4j/util/StringMap
instanceKlass org/apache/logging/log4j/util/ReadOnlyStringMap
instanceKlass org/apache/logging/log4j/spi/CopyOnWriteSortedArrayThreadContextMap
instanceKlass org/apache/logging/log4j/spi/CopyOnWrite
instanceKlass org/apache/logging/log4j/spi/ObjectThreadContextMap
instanceKlass org/apache/logging/log4j/spi/CleanableThreadContextMap
instanceKlass org/apache/logging/log4j/spi/ThreadContextMap2
instanceKlass org/apache/logging/log4j/spi/ReadOnlyThreadContextMap
instanceKlass org/apache/logging/log4j/spi/ThreadContextMapFactory
instanceKlass org/apache/logging/log4j/ThreadContext$EmptyIterator
instanceKlass org/apache/logging/log4j/spi/ThreadContextMap
instanceKlass org/apache/logging/log4j/spi/ThreadContextStack
instanceKlass org/apache/logging/log4j/ThreadContext$ContextStack
instanceKlass org/apache/logging/log4j/ThreadContext
instanceKlass org/apache/logging/log4j/core/ContextDataInjector
instanceKlass org/apache/logging/log4j/core/impl/ContextDataInjectorFactory
instanceKlass org/apache/logging/log4j/core/util/ReflectionUtil
instanceKlass org/apache/logging/log4j/util/Supplier
instanceKlass org/apache/logging/log4j/core/util/AbstractWatcher
instanceKlass org/apache/logging/log4j/core/config/plugins/convert/TypeConverters$UuidConverter
instanceKlass org/apache/logging/log4j/core/config/plugins/convert/TypeConverters$UrlConverter
instanceKlass org/apache/logging/log4j/core/config/plugins/convert/TypeConverters$UriConverter
instanceKlass org/apache/logging/log4j/core/config/plugins/convert/TypeConverters$StringConverter
instanceKlass org/apache/logging/log4j/core/config/plugins/convert/TypeConverters$ShortConverter
instanceKlass org/apache/logging/log4j/core/config/plugins/convert/TypeConverters$SecurityProviderConverter
instanceKlass org/apache/logging/log4j/core/config/plugins/convert/TypeConverters$PatternConverter
instanceKlass org/apache/logging/log4j/core/config/plugins/convert/TypeConverters$PathConverter
instanceKlass org/apache/logging/log4j/core/config/plugins/convert/TypeConverters$LongConverter
instanceKlass org/apache/logging/log4j/core/config/plugins/convert/TypeConverters$LevelConverter
instanceKlass org/apache/logging/log4j/core/config/plugins/convert/TypeConverters$IntegerConverter
instanceKlass org/apache/logging/log4j/core/config/plugins/convert/TypeConverters$InetAddressConverter
instanceKlass org/apache/logging/log4j/core/config/plugins/convert/TypeConverters$FloatConverter
instanceKlass org/apache/logging/log4j/core/config/plugins/convert/TypeConverters$FileConverter
instanceKlass org/apache/logging/log4j/core/config/plugins/convert/TypeConverters$DurationConverter
instanceKlass org/apache/logging/log4j/core/config/plugins/convert/TypeConverters$DoubleConverter
instanceKlass org/apache/logging/log4j/core/config/plugins/convert/TypeConverters$CronExpressionConverter
instanceKlass org/apache/logging/log4j/core/config/plugins/convert/TypeConverters$ClassConverter
instanceKlass org/apache/logging/log4j/core/config/plugins/convert/TypeConverters$CharsetConverter
instanceKlass org/apache/logging/log4j/core/config/plugins/convert/TypeConverters$CharArrayConverter
instanceKlass org/apache/logging/log4j/core/config/plugins/convert/TypeConverters$CharacterConverter
instanceKlass org/apache/logging/log4j/core/config/plugins/convert/TypeConverters$ByteArrayConverter
instanceKlass org/apache/logging/log4j/core/config/plugins/convert/TypeConverters$ByteConverter
instanceKlass org/apache/logging/log4j/core/config/plugins/convert/TypeConverters$BooleanConverter
instanceKlass org/apache/logging/log4j/core/config/plugins/convert/TypeConverters$BigIntegerConverter
instanceKlass org/apache/logging/log4j/core/config/plugins/convert/TypeConverters$BigDecimalConverter
instanceKlass org/apache/logging/log4j/core/config/plugins/convert/TypeConverter
instanceKlass org/apache/logging/log4j/core/lookup/UpperLookup
instanceKlass org/apache/logging/log4j/core/lookup/StructuredDataLookup
instanceKlass org/apache/logging/log4j/core/lookup/LowerLookup
instanceKlass org/apache/logging/log4j/core/lookup/MapLookup
instanceKlass org/apache/logging/log4j/core/lookup/DateLookup
instanceKlass org/apache/logging/log4j/core/lookup/ContextMapLookup
instanceKlass org/apache/logging/log4j/core/pattern/FileDatePatternConverter
instanceKlass org/apache/logging/log4j/core/config/arbiters/SystemPropertyArbiter
instanceKlass org/apache/logging/log4j/core/net/ssl/SslConfiguration
instanceKlass org/apache/logging/log4j/core/appender/rolling/action/PathSortByModificationTime
instanceKlass org/apache/logging/log4j/core/appender/rolling/action/PathSorter
instanceKlass org/apache/logging/log4j/core/net/SocketPerformancePreferences
instanceKlass org/apache/logging/log4j/core/net/SocketOptions
instanceKlass org/apache/logging/log4j/core/util/Builder
instanceKlass org/apache/logging/log4j/core/net/SocketAddress
instanceKlass org/apache/logging/log4j/core/config/arbiters/SelectArbiter
instanceKlass org/apache/logging/log4j/core/config/ScriptsPlugin
instanceKlass org/apache/logging/log4j/core/layout/ScriptPatternSelector
instanceKlass org/apache/logging/log4j/core/appender/rolling/action/ScriptCondition
instanceKlass org/apache/logging/log4j/core/config/arbiters/ScriptArbiter
instanceKlass org/apache/logging/log4j/core/script/AbstractScript
instanceKlass org/apache/logging/log4j/core/appender/routing/Routes
instanceKlass org/apache/logging/log4j/core/appender/routing/Route
instanceKlass org/apache/logging/log4j/core/pattern/RegexReplacement
instanceKlass org/apache/logging/log4j/core/appender/rewrite/PropertiesRewritePolicy
instanceKlass org/apache/logging/log4j/core/config/PropertiesPlugin
instanceKlass org/apache/logging/log4j/core/layout/PatternMatch
instanceKlass org/apache/logging/log4j/core/net/MulticastDnsAdvertiser
instanceKlass org/apache/logging/log4j/core/layout/MarkerPatternSelector
instanceKlass org/apache/logging/log4j/core/appender/rewrite/MapRewritePolicy
instanceKlass org/apache/logging/log4j/core/config/LoggersPlugin
instanceKlass org/apache/logging/log4j/core/appender/rewrite/LoggerNameLevelRewritePolicy
instanceKlass org/apache/logging/log4j/core/appender/rewrite/RewritePolicy
instanceKlass org/apache/logging/log4j/core/layout/LoggerFields
instanceKlass org/apache/logging/log4j/core/async/LinkedTransferQueueFactory
instanceKlass org/apache/logging/log4j/core/layout/LevelPatternSelector
instanceKlass org/apache/logging/log4j/core/layout/PatternSelector
instanceKlass org/apache/logging/log4j/core/util/KeyValuePair
instanceKlass org/apache/logging/log4j/core/net/ssl/StoreConfiguration
instanceKlass org/apache/logging/log4j/core/async/JCToolsBlockingQueueFactory
instanceKlass org/apache/logging/log4j/core/appender/rolling/action/IfNot
instanceKlass org/apache/logging/log4j/core/appender/rolling/action/IfLastModified
instanceKlass org/apache/logging/log4j/core/appender/rolling/action/IfFileName
instanceKlass org/apache/logging/log4j/core/appender/rolling/action/IfAny
instanceKlass org/apache/logging/log4j/core/appender/rolling/action/IfAll
instanceKlass org/apache/logging/log4j/core/appender/rolling/action/IfAccumulatedFileSize
instanceKlass org/apache/logging/log4j/core/appender/rolling/action/IfAccumulatedFileCount
instanceKlass org/apache/logging/log4j/core/appender/rolling/action/PathCondition
instanceKlass org/apache/logging/log4j/core/appender/routing/PurgePolicy
instanceKlass org/apache/logging/log4j/core/appender/FailoversPlugin
instanceKlass org/apache/logging/log4j/core/async/DisruptorBlockingQueueFactory
instanceKlass org/apache/logging/log4j/core/appender/rolling/DirectFileRolloverStrategy
instanceKlass org/apache/logging/log4j/core/appender/rolling/action/AbstractAction
instanceKlass org/apache/logging/log4j/core/appender/rolling/action/Action
instanceKlass org/apache/logging/log4j/core/appender/rolling/AbstractRolloverStrategy
instanceKlass org/apache/logging/log4j/core/appender/rolling/RolloverStrategy
instanceKlass org/apache/logging/log4j/core/config/arbiters/DefaultArbiter
instanceKlass org/apache/logging/log4j/core/config/CustomLevels
instanceKlass org/apache/logging/log4j/core/config/CustomLevelConfig
instanceKlass org/apache/logging/log4j/core/layout/AbstractLayout
instanceKlass org/apache/logging/log4j/core/StringLayout
instanceKlass org/apache/logging/log4j/core/appender/rolling/TriggeringPolicy
instanceKlass org/apache/logging/log4j/core/appender/db/jdbc/ConnectionSource
instanceKlass org/apache/logging/log4j/core/appender/db/ColumnMapping
instanceKlass org/apache/logging/log4j/core/appender/db/jdbc/ColumnConfig
instanceKlass org/apache/logging/log4j/core/config/arbiters/ClassArbiter
instanceKlass org/apache/logging/log4j/core/config/arbiters/Arbiter
instanceKlass org/apache/logging/log4j/core/async/AsyncWaitStrategyFactoryConfig
instanceKlass org/apache/logging/log4j/core/async/ArrayBlockingQueueFactory
instanceKlass org/apache/logging/log4j/core/async/BlockingQueueFactory
instanceKlass org/apache/logging/log4j/core/appender/AppenderSet
instanceKlass org/apache/logging/log4j/core/config/AppendersPlugin
instanceKlass org/apache/logging/log4j/core/config/AppenderRef
instanceKlass org/apache/logging/log4j/core/pattern/AnsiConverter
instanceKlass org/apache/logging/log4j/core/pattern/ArrayPatternConverter
instanceKlass org/apache/logging/log4j/core/impl/LocationAware
instanceKlass org/apache/logging/log4j/core/pattern/AbstractPatternConverter
instanceKlass org/apache/logging/log4j/core/pattern/PatternConverter
instanceKlass org/apache/logging/log4j/core/config/plugins/util/PluginType
instanceKlass org/apache/logging/log4j/core/config/builder/api/ConfigurationBuilderFactory
instanceKlass org/apache/logging/log4j/core/config/plugins/processor/PluginEntry
instanceKlass org/apache/logging/log4j/core/config/plugins/processor/PluginCache
instanceKlass org/apache/logging/log4j/core/config/plugins/util/ResolverUtil$Test
instanceKlass org/apache/logging/log4j/core/config/plugins/util/PluginRegistry
instanceKlass org/apache/logging/log4j/core/config/plugins/util/PluginManager
instanceKlass org/apache/logging/log4j/core/lookup/PropertiesLookup
instanceKlass org/apache/logging/log4j/core/lookup/LookupResult
instanceKlass org/apache/logging/log4j/core/lookup/AbstractLookup
instanceKlass org/apache/logging/log4j/core/config/LoggerContextAware
instanceKlass org/apache/logging/log4j/core/config/DefaultAdvertiser
instanceKlass org/apache/logging/log4j/core/config/Property
instanceKlass org/apache/logging/log4j/core/config/ConfigurationSource
instanceKlass org/apache/logging/log4j/core/util/NanoClock
instanceKlass org/apache/logging/log4j/core/net/Advertiser
instanceKlass org/apache/logging/log4j/core/Appender
instanceKlass org/apache/logging/log4j/core/Layout
instanceKlass org/apache/logging/log4j/core/layout/Encoder
instanceKlass org/apache/logging/log4j/core/lookup/StrLookup
instanceKlass org/apache/logging/log4j/core/util/Watcher
instanceKlass org/apache/logging/log4j/core/async/AsyncLoggerConfigDelegate
instanceKlass org/apache/logging/log4j/core/lookup/StrSubstitutor
instanceKlass org/apache/logging/log4j/core/config/ConfigurationAware
instanceKlass org/apache/logging/log4j/core/Filter
instanceKlass org/apache/logging/log4j/core/AbstractLifeCycle
instanceKlass org/apache/logging/log4j/spi/LoggerContextShutdownEnabled
instanceKlass org/apache/logging/log4j/core/config/ConfigurationListener
instanceKlass org/apache/logging/log4j/spi/Terminable
instanceKlass org/apache/logging/log4j/internal/LogManagerStatus
instanceKlass org/apache/logging/log4j/core/util/Cancellable
instanceKlass org/apache/logging/log4j/core/util/DefaultShutdownCallbackRegistry
instanceKlass org/apache/logging/log4j/core/LifeCycle2
instanceKlass org/apache/logging/log4j/core/selector/ClassLoaderContextSelector
instanceKlass org/apache/logging/log4j/spi/LoggerContextShutdownAware
instanceKlass org/apache/logging/log4j/core/util/Loader
instanceKlass org/apache/logging/log4j/core/util/Constants
instanceKlass org/apache/logging/log4j/core/config/Configuration
instanceKlass org/apache/logging/log4j/core/filter/Filterable
instanceKlass org/apache/logging/log4j/core/LifeCycle
instanceKlass org/apache/logging/log4j/spi/LoggerContext
instanceKlass org/apache/logging/log4j/core/selector/ContextSelector
instanceKlass org/apache/logging/log4j/core/impl/Log4jContextFactory
instanceKlass org/apache/logging/log4j/core/util/ShutdownCallbackRegistry
instanceKlass org/apache/logging/log4j/spi/Provider
instanceKlass org/apache/logging/log4j/util/ProviderUtil
instanceKlass org/apache/logging/log4j/util/Strings
instanceKlass org/apache/logging/log4j/Level
instanceKlass org/apache/logging/log4j/message/EntryMessage
instanceKlass org/apache/logging/log4j/message/ExitMessage
instanceKlass org/apache/logging/log4j/message/FlowMessage
instanceKlass org/apache/logging/log4j/status/SimpleLoggerFactory
instanceKlass org/apache/logging/log4j/internal/DefaultLogBuilder
instanceKlass org/apache/logging/log4j/BridgeAware
instanceKlass org/apache/logging/log4j/message/DefaultFlowMessageFactory
instanceKlass org/apache/logging/log4j/message/FlowMessageFactory
instanceKlass org/apache/logging/log4j/util/PropertySource$Util
instanceKlass org/apache/logging/log4j/util/SystemPropertiesPropertySource
instanceKlass org/apache/logging/log4j/util/EnvironmentPropertySource
instanceKlass org/apache/logging/log4j/util/OsgiServiceLocator
instanceKlass org/apache/logging/log4j/util/ServiceLoaderUtil$ServiceLoaderSpliterator
instanceKlass org/apache/logging/log4j/util/ServiceLoaderUtil
instanceKlass org/apache/logging/log4j/util/BiConsumer
instanceKlass org/apache/logging/log4j/util/PropertySource$Comparator
instanceKlass org/apache/logging/log4j/util/PropertiesUtil$Environment
instanceKlass java/net/URLClassLoader$3$1
instanceKlass java/net/URLClassLoader$3
instanceKlass org/apache/logging/log4j/util/LoaderUtil$ThreadContextClassLoaderGetter
instanceKlass org/apache/logging/log4j/util/LoaderUtil
instanceKlass org/apache/logging/log4j/util/PropertiesPropertySource
instanceKlass org/apache/logging/log4j/util/PropertySource
instanceKlass org/apache/logging/log4j/util/PropertiesUtil
instanceKlass org/apache/logging/log4j/util/Constants
instanceKlass org/apache/logging/log4j/message/AbstractMessageFactory
instanceKlass org/apache/logging/log4j/message/ReusableMessageFactory
instanceKlass org/apache/logging/log4j/MarkerManager$Log4jMarker
instanceKlass org/apache/logging/log4j/util/StringBuilderFormattable
instanceKlass org/apache/logging/log4j/Marker
instanceKlass org/apache/logging/log4j/MarkerManager
instanceKlass org/apache/logging/log4j/LogBuilder
instanceKlass org/apache/logging/log4j/message/Message
instanceKlass org/apache/logging/log4j/message/MessageFactory2
instanceKlass org/apache/logging/log4j/spi/AbstractLogger
instanceKlass org/apache/logging/log4j/spi/LocationAwareLogger
instanceKlass org/apache/logging/log4j/spi/ExtendedLogger
instanceKlass org/apache/logging/log4j/spi/LoggerContextFactory
instanceKlass org/apache/logging/log4j/message/MessageFactory
instanceKlass org/apache/logging/log4j/LogManager
instanceKlass com/google/common/collect/AbstractMapBasedMultimap$AsMap$AsMapIterator
instanceKlass com/google/inject/internal/Indexer$IndexedBinding
instanceKlass com/google/common/collect/AbstractMapBasedMultimap$WrappedCollection$WrappedIterator
instanceKlass org/mule/dx/platform/shutdown/hook/PlatformServerShutdownHook$$FastClassByGuice$$333060646
instanceKlass org/mule/dx/platform/internal/serializers/MavenDependencyDeserializer$$FastClassByGuice$$331399889
instanceKlass org/mule/dx/platform/internal/utils/PlatformServerNotifier$$FastClassByGuice$$331030898
instanceKlass org/mule/dx/platform/internal/maven/AnypointMavenRepositoryManager$$FastClassByGuice$$329821640
instanceKlass org/mule/dx/platform/internal/DefaultHttpClientService$$FastClassByGuice$$328654014
instanceKlass org/mule/dx/platform/proxy/DefaultProxySettingsService$$FastClassByGuice$$328094983
instanceKlass org/mule/dx/platform/proxy/DefaultProxyService$$FastClassByGuice$$327048750
instanceKlass org/glassfish/jersey/client/ClientConfig
instanceKlass org/glassfish/jersey/ExtendedConfig
instanceKlass java/net/Authenticator
instanceKlass org/glassfish/jersey/client/spi/ConnectorProvider
instanceKlass java/net/ProxySelector
instanceKlass java/net/SocketAddress
instanceKlass org/mule/dx/platform/region/DefaultRegionService$$FastClassByGuice$$325494794
instanceKlass org/mule/dx/platform/region/RegionManager$$FastClassByGuice$$324870598
instanceKlass org/mule/dx/platform/region/RegionResponse
instanceKlass org/mule/dx/platform/region/RegionRequest
instanceKlass org/mule/dx/platform/region/RegionManager
instanceKlass org/mule/dx/platform/internal/maven/ACBMavenManager$$FastClassByGuice$$323448217
instanceKlass org/mule/dx/platform/internal/jdk/ACBJDKManager$$FastClassByGuice$$322778292
instanceKlass org/mule/dx/platform/api/JDKVersion
instanceKlass org/mule/dx/platform/shutdown/DefaultPlatformShutdownHookManager$$FastClassByGuice$$321150956
instanceKlass org/mule/dx/platform/internal/DefaultPlatformServer$$FastClassByGuice$$320426471
instanceKlass org/eclipse/lsp4j/WorkDoneProgressCancelParams
instanceKlass org/mule/dx/platform/protocol/InitializeParams
instanceKlass org/mule/dx/platform/metrics/DefaultMetricsManager$$FastClassByGuice$$319209829
instanceKlass org/mule/dx/platform/api/DefaultPlatformClientProvider$$FastClassByGuice$$318723583
instanceKlass org/mule/dx/platform/api/PlatformClient
instanceKlass org/mule/dx/platform/internal/maven/DefaultSettingsManager$$FastClassByGuice$$316694178
instanceKlass org/apache/maven/settings/RepositoryBase
instanceKlass org/apache/maven/settings/TrackableBase
instanceKlass org/apache/maven/settings/building/SettingsBuildingRequest
instanceKlass org/mule/dx/platform/internal/api/embedded/lsp/DefaultEmbeddedLanguageServerMediator$$FastClassByGuice$$316061366
instanceKlass org/mule/dx/platform/internal/api/embedded/lsp/EmbeddedDocEntry
instanceKlass org/mule/dx/platform/internal/api/embedded/lsp/LanguageServerRegistryEntry
instanceKlass org/mule/dx/platform/internal/api/embedded/lsp/WorkspaceServiceMediator
instanceKlass org/mule/dx/platform/internal/api/embedded/lsp/LanguageServerRegistry
instanceKlass org/mule/dx/platform/internal/api/embedded/lsp/CoordinatesTranslator$$FastClassByGuice$$315306398
instanceKlass org/mule/dx/platform/internal/api/embedded/lsp/TextDocumentDiagnosticsManager
instanceKlass org/mule/dx/platform/internal/api/embedded/lsp/EmbeddedDocsRegistry
instanceKlass org/mule/dx/platform/internal/api/embedded/lsp/CoordinatesTranslator
instanceKlass org/eclipse/jface/text/ILineTracker
instanceKlass org/mule/dx/platform/internal/api/embedded/lsp/ServerCapabilitiesMergeStrategy
instanceKlass org/mule/maven/pom/parser/internal/MuleMavenPomParserProvider$$FastClassByGuice$$314094406
instanceKlass org/mule/dx/platform/internal/maven/DefaultPomFileHandlerFactory$$FastClassByGuice$$313161178
instanceKlass org/mule/dx/platform/internal/xml/DefaultXmlEditingHelper$$FastClassByGuice$$311901281
instanceKlass org/mule/dx/platform/anypoint/exchange/DefaultExchangeService$$FastClassByGuice$$310471825
instanceKlass org/mule/dx/platform/anypoint/exchange/model/AssetsRequest
instanceKlass org/mule/dx/platform/anypoint/exchange/model/AssetDetailsRequest
instanceKlass org/mule/dx/platform/internal/maven/MavenRunner$$FastClassByGuice$$309347160
instanceKlass org/apache/maven/shared/invoker/InvocationRequest
instanceKlass org/apache/maven/shared/invoker/Invoker
instanceKlass org/mule/dx/platform/anypoint/exchange/DefaultExchangeClient$$FastClassByGuice$$308674909
instanceKlass org/mule/dx/platform/anypoint/exchange/model/DefaultAssetDetails
instanceKlass org/mule/dx/platform/anypoint/exchange/model/DefaultAsset
instanceKlass org/mule/dx/platform/api/anypoint/exchange/model/PaginatedResponse
instanceKlass org/glassfish/jersey/media/multipart/BodyPart
instanceKlass org/mule/dx/platform/internal/cloudhub/DefaultCloudHubManager$$FastClassByGuice$$307790514
instanceKlass org/mule/dx/platform/api/model/cloudhub/AccountDetails
instanceKlass org/mule/dx/platform/internal/utils/AnypointRestClient
instanceKlass org/mule/dx/platform/auth/TransitionalAuthenticationManager$$FastClassByGuice$$306944163
instanceKlass org/mule/dx/platform/internal/PlatformUrlProviderServiceImpl$$FastClassByGuice$$305790257
instanceKlass org/mule/dx/platform/urls/DefaultAnypointUrlProvider$$FastClassByGuice$$304398311
instanceKlass org/mule/dx/platform/urls/PlatformUrl$PlatformUrlBuilder
instanceKlass org/mule/dx/platform/urls/RegionUrlResolver$$FastClassByGuice$$303328567
instanceKlass org/mule/dx/platform/urls/RegionUrlResolver
instanceKlass org/mule/dx/platform/urls/IServiceUrlBuilder
instanceKlass org/mule/dx/platform/internal/AuthenticationServiceImpl$$FastClassByGuice$$302911352
instanceKlass org/mule/dx/platform/auth/ActiveUserResponse
instanceKlass org/mule/dx/platform/anypoint/exchange/model/DefaultAssetDetailsSearchBuilder$$FastClassByGuice$$301837649
instanceKlass org/mule/dx/platform/api/anypoint/exchange/model/AssetDetailsSearch
instanceKlass org/mule/dx/platform/anypoint/exchange/model/DefaultAssetSearchBuilder$$FastClassByGuice$$300442462
instanceKlass org/mule/dx/platform/api/anypoint/exchange/model/AssetSearch
instanceKlass org/mule/dx/platform/graphql/DefaultGraphQlClient$$FastClassByGuice$$299508982
instanceKlass org/mule/dx/platform/graphql/models/AbstractExchangeAsset
instanceKlass org/mule/dx/platform/graphql/models/DefaultExchangeAsset
instanceKlass org/mule/dx/platform/api/graphql/ExchangeAsset
instanceKlass com/shopify/graphql/support/AbstractResponse
instanceKlass org/mule/tooling/exchange/client/internal/ExchangeSchema$QueryResponse
instanceKlass org/mule/dx/platform/api/graphql/PagedGraphQlResponse
instanceKlass org/mule/dx/platform/api/graphql/GraphQueryBuilder
instanceKlass org/mule/dx/platform/api/graphql/ExchangeAssetAttributesInfo
instanceKlass org/mule/dx/platform/preferences/DefaultPreferenceService$$FastClassByGuice$$297842544
instanceKlass org/mule/dx/platform/api/utils/eventbus/EventBus$$FastClassByGuice$$297575303
instanceKlass org/mule/dx/platform/api/utils/eventbus/EventListenerProvider
instanceKlass org/mule/dx/platform/api/utils/eventbus/EventBus$EventHandlerHolder
instanceKlass org/mule/dx/platform/api/utils/eventbus/EventRegistrationHandler
instanceKlass org/mule/dx/platform/internal/DefaultComponentFactoryManager$$FastClassByGuice$$295935238
instanceKlass org/mule/dx/platform/internal/api/impl/DefaultProjectDescriptorMutatorFactory$$FastClassByGuice$$294675688
instanceKlass org/mule/dx/platform/api/project/ProjectDescriptorMutator
instanceKlass org/mule/dx/platform/internal/api/impl/DefaultProjectDescriptorBuilder$$FastClassByGuice$$293862127
instanceKlass java/util/concurrent/locks/AbstractQueuedSynchronizer$Node
instanceKlass org/mule/dx/platform/internal/api/impl/DefaultProjectBuilder$$FastClassByGuice$$293345421
instanceKlass org/mule/dx/platform/internal/api/task/DefaultJobsManager$$FastClassByGuice$$291564318
instanceKlass org/mule/dx/platform/api/task/RunnableTask
instanceKlass org/mule/dx/platform/internal/api/task/DefaultJobsManager$InternalJob
instanceKlass org/mule/dx/platform/api/task/Job
instanceKlass org/mule/dx/platform/internal/DefaultLogService$$FastClassByGuice$$291446447
instanceKlass org/mule/dx/platform/internal/DefaultProtocolService$$FastClassByGuice$$290250929
instanceKlass org/mule/dx/platform/internal/SocketLauncher
instanceKlass org/mule/dx/platform/protocol/jsonrpc/BaseServiceMessage
instanceKlass org/mule/dx/platform/api/SafeRunnable
instanceKlass org/mule/dx/platform/internal/WorkspaceManagerImpl$$FastClassByGuice$$288407889
instanceKlass org/mule/dx/platform/internal/api/impl/DefaultProject
instanceKlass org/mule/dx/platform/internal/WorkspaceServiceImpl$$FastClassByGuice$$288005234
instanceKlass org/mule/dx/platform/internal/workspace/WorkspaceChangesNotification
instanceKlass org/mule/dx/platform/protocol/GetProjectAtRequest
instanceKlass org/mule/dx/platform/internal/ProjectServiceImpl$$FastClassByGuice$$286857949
instanceKlass org/eclipse/lsp4j/jsonrpc/services/JsonRequest
instanceKlass org/mule/dx/platform/protocol/GetDependenciesResponse
instanceKlass org/mule/dx/platform/protocol/ProjectPropertiesChangeRequest
instanceKlass org/mule/dx/platform/protocol/ProjectDependenciesChangeRequest
instanceKlass org/mule/dx/platform/protocol/GetDependenciesRequest
instanceKlass org/mule/dx/platform/protocol/ProcessResponse
instanceKlass org/mule/dx/platform/internal/api/window/DefaultWindowService$$FastClassByGuice$$285248671
instanceKlass org/mule/dx/platform/internal/JSONPlatformSerializer$$FastClassByGuice$$284227205
instanceKlass com/google/gson/GsonBuilder
instanceKlass org/mule/dx/contributions/munit/internal/service/WindowsMUnitProcessService$$FastClassByGuice$$283134189
instanceKlass org/mule/dx/contributions/munit/internal/infra/ExcludeFromJacocoGeneratedReport
instanceKlass org/mule/dx/contributions/munit/internal/model/MUnitProcessHandle
instanceKlass org/mule/dx/contributions/munit/internal/service/windows/WindowProcessesReader
instanceKlass org/mule/dx/contributions/munit/internal/service/DefaultMUnitConfigurator$$FastClassByGuice$$283070158
instanceKlass org/mule/dx/contributions/munit/api/jsonrpc/model/IsConfiguredResponse$IsConfiguredResponseBuilder
instanceKlass org/mule/dx/contributions/munit/internal/service/DefaultMUnitEnvironment$$FastClassByGuice$$281819424
instanceKlass org/mule/dx/contributions/munit/api/jsonrpc/model/BasicMUnitResponse
instanceKlass org/mule/dx/contributions/munit/api/jsonrpc/model/dto/Runtime
instanceKlass org/apache/commons/lang3/tuple/Triple
instanceKlass org/mule/dx/contributions/munit/api/jsonrpc/model/CheckMUnitEnvironmentResponse$CheckMUnitEnvironmentResponseBuilder
instanceKlass org/mule/dx/contributions/munit/internal/service/DefaultMUnitJavaProvider$$FastClassByGuice$$280894313
instanceKlass org/mule/dx/contributions/munit/internal/maven/DefaultMUnitPomFileHandler$$FastClassByGuice$$279467688
instanceKlass org/mule/dx/platform/api/maven/PomFileHandler
instanceKlass org/mule/dx/contributions/munit/internal/jsonrpc/DefaultMuleDxMUnitService$$FastClassByGuice$$278680552
instanceKlass org/mule/dx/contributions/munit/api/jsonrpc/model/BasicMUnitRequest
instanceKlass org/mule/dx/contributions/munit/internal/service/DefaultMUnitClientProvider$$FastClassByGuice$$276848481
instanceKlass org/mule/dx/contributions/munit/api/jsonrpc/MuleDxMUnitClient
instanceKlass org/mule/dx/contributions/munit/internal/service/DefaultMUnitDebuggingStrategy$$FastClassByGuice$$275826680
instanceKlass org/mule/dx/contributions/munit/dap/DebuggerProperties
instanceKlass org/apache/commons/lang3/tuple/Pair
instanceKlass org/mule/dx/contributions/munit/internal/notifier/MUnitNotifier
instanceKlass org/mule/dx/contributions/munit/dap/DebugProtocolClient
instanceKlass org/mule/dx/contributions/munit/internal/service/MUnitJavaProvider$JavaInformation
instanceKlass org/mule/dx/contributions/munit/internal/service/DefaultMUnitXMLParser$$FastClassByGuice$$274994605
instanceKlass javax/xml/stream/events/Attribute
instanceKlass org/mule/dx/contributions/munit/api/jsonrpc/model/dto/DeclarationCoverageElement
instanceKlass org/mule/dx/contributions/munit/api/jsonrpc/model/dto/MUnitTestCase
instanceKlass javax/xml/stream/events/EndElement
instanceKlass javax/xml/stream/events/StartElement
instanceKlass javax/xml/stream/events/XMLEvent
instanceKlass javax/xml/stream/XMLStreamConstants
instanceKlass javax/xml/stream/XMLInputFactory
instanceKlass javax/xml/namespace/QName
instanceKlass org/mule/dx/contributions/munit/internal/maven/DefaultMavenClient$$FastClassByGuice$$274111916
instanceKlass org/eclipse/lsp4j/debug/RunInTerminalRequestArguments
instanceKlass org/mule/dx/contributions/munit/api/maven/MavenClient$MavenProcess
instanceKlass org/mule/dx/contributions/munit/api/maven/MavenClient$RunArguments
instanceKlass org/apache/logging/log4j/Logger
instanceKlass com/mule/api/contribution/api/project/maven/DefaultAPIMavenRunner$$FastClassByGuice$$273332907
instanceKlass com/mule/api/contribution/jsonrpc/window/model/JobStartedParams
instanceKlass org/mule/dx/platform/api/maven/MavenExecutionResult
instanceKlass com/mule/api/contribution/api/vcs/proxy/DefaultProxyManager$$FastClassByGuice$$271821452
instanceKlass org/mulesoft/anypoint/server/platform/client/exchange/ProxyConfiguration
instanceKlass jakarta/ws/rs/core/Configuration
instanceKlass com/mule/api/contribution/jsonrpc/dependency/DefaultDependencyManagerService$$FastClassByGuice$$271276873
instanceKlass com/mule/api/contribution/jsonrpc/dependency/DependencyEnvironmentRequest
instanceKlass com/mule/api/contribution/api/project/dependency/DefaultAPIMavenClient$$FastClassByGuice$$269649061
instanceKlass com/mule/api/contribution/api/project/dependency/DefaultAPIDependencyResolver$$FastClassByGuice$$269025706
instanceKlass com/mule/api/contribution/api/project/dependency/model/DependencyResolutionResult
instanceKlass com/mule/api/contribution/api/project/dependency/model/DefaultExchangeJsonDependencyModel$ExchangeJsonDependencyModelBuilder
instanceKlass com/mule/api/contribution/jsonrpc/catalog/DefaultAPICatalogService$$FastClassByGuice$$268350787
instanceKlass com/mule/api/contribution/api/from/scratch/model/factory/CreateNewProjectConfigurationFactory$$FastClassByGuice$$267060296
instanceKlass com/mule/api/contribution/jsonrpc/catalog/model/api/from/scratch/CreateNewProjectConfiguration
instanceKlass com/mule/api/contribution/jsonrpc/catalog/model/api/from/scratch/ProjectMetadataConfiguration
instanceKlass com/mule/api/contribution/api/graphql/GraphQlService$$FastClassByGuice$$266197698
instanceKlass com/mule/api/contribution/TelemeteredJob
instanceKlass com/mule/api/contribution/jsonrpc/catalog/model/api/from/scratch/GavRequest
instanceKlass com/mule/api/contribution/api/graphql/GraphQlService
instanceKlass com/mule/api/contribution/api/from/scratch/model/factory/CreateNewProjectConfigurationFactory
instanceKlass com/mule/api/contribution/jsonrpc/project/implementation/DefaultImplementationService$$FastClassByGuice$$264531416
instanceKlass com/mule/api/contribution/jsonrpc/project/model/ImplementationMetadataRequest
instanceKlass com/mule/api/contribution/jsonrpc/mockingservice/client/DefaultMockingServiceClient$$FastClassByGuice$$263211795
instanceKlass com/mule/api/contribution/jsonrpc/mockingservice/model/MockingServiceUriRequest
instanceKlass com/mule/api/contribution/api/mockingservice/service/DefaultMockingService$$FastClassByGuice$$262492448
instanceKlass com/mule/api/contribution/api/mockingservice/utils/MockingServiceUtils$$FastClassByGuice$$261615491
instanceKlass com/mule/api/contribution/api/mockingservice/utils/MockingServiceUtils
instanceKlass com/mule/api/contribution/jsonrpc/console/service/DefaultAPIConsoleService$$FastClassByGuice$$260482505
instanceKlass com/mule/api/contribution/jsonrpc/console/model/APIConsoleRequest
instanceKlass com/mule/api/contribution/api/console/service/DefaultAPIModelsManager$$FastClassByGuice$$259068186
instanceKlass org/mule/dx/platform/api/utils/eventbus/EventType
instanceKlass com/mule/api/contribution/api/editor/ALSNotificationsClient$$FastClassByGuice$$258407360
instanceKlass org/mulesoft/als/server/feature/serialization/SerializationResult
instanceKlass org/mulesoft/als/server/feature/workspace/FilesInProjectParams
instanceKlass org/mulesoft/anypoint/server/scala/modules/configuration/notifier/ProjectConfigurationParams
instanceKlass com/mule/api/contribution/jsonrpc/DefaultAPIService$$FastClassByGuice$$257649502
instanceKlass com/mule/api/contribution/jsonrpc/APIClient
instanceKlass com/mule/api/contribution/api/vcs/service/DefaultAPIVCSService$$FastClassByGuice$$256669625
instanceKlass com/mule/api/contribution/api/vcs/client/DefaultVCSClient$$FastClassByGuice$$255658057
instanceKlass org/apache/commons/lang3/tuple/Pair
instanceKlass org/eclipse/jgit/transport/http/HttpConnectionFactory
instanceKlass com/mule/api/contribution/api/vcs/service/DefaultGitConfigurationService$$FastClassByGuice$$254464943
instanceKlass com/mule/api/contribution/jsonrpc/project/agenttopiccenter/DefaultAgentTopicCenterService$$FastClassByGuice$$253506720
instanceKlass com/mule/api/contribution/jsonrpc/project/agenttopiccenter/GetTopicEnabledResponse
instanceKlass org/mulesoft/anypoint/server/features/genai/AddRootExtensionParams
instanceKlass com/mule/api/contribution/api/governance/service/DefaultGovernanceService$$FastClassByGuice$$251814054
instanceKlass com/mule/api/contribution/api/governance/model/GetRuleTreeRequest
instanceKlass com/mule/api/contribution/api/governance/model/ApiRulesetResponse
instanceKlass amf/core/client/common/remote/Content
instanceKlass com/mule/api/contribution/api/governance/model/CentralizedRulesets
instanceKlass org/mulesoft/apb/project/client/platform/environment/DependencyFetcher
instanceKlass com/mule/api/contribution/api/governance/model/WorkspaceUriRequest
instanceKlass com/mule/api/contribution/api/governance/acv/DefaultACVClient$$FastClassByGuice$$250742453
instanceKlass java/lang/ProcessBuilder
instanceKlass com/mule/api/contribution/jsonrpc/project/properties/service/DefaultProjectPropertiesService$$FastClassByGuice$$249944971
instanceKlass com/mule/api/contribution/jsonrpc/project/properties/model/SetProjectPropertiesRequest
instanceKlass com/mule/api/contribution/api/utils/categories/CategoryPredicate
instanceKlass org/mule/dx/platform/api/anypoint/exchange/ExchangeClientResult
instanceKlass com/mule/api/contribution/jsonrpc/catalog/model/AbstractOrgPathTokenBundle
instanceKlass com/mule/api/contribution/jsonrpc/project/service/DefaultAPIProjectService$$FastClassByGuice$$248903098
instanceKlass com/mule/api/contribution/api/apidesigner/APIDesignerService$$FastClassByGuice$$247719080
instanceKlass com/mule/api/contribution/api/apidesigner/APIDesignerClient$$FastClassByGuice$$246885431
instanceKlass jakarta/ws/rs/core/GenericType
instanceKlass com/mule/api/contribution/api/apidesigner/model/ProjectLite
instanceKlass com/mule/api/contribution/api/apidesigner/model/Project
instanceKlass com/mule/api/contribution/api/apidesigner/APIDesignerClient
instanceKlass com/mule/api/contribution/jsonrpc/project/model/ImportProjectRequest
instanceKlass org/eclipse/lsp4j/PublishDiagnosticsParams
instanceKlass com/mule/api/contribution/jsonrpc/project/model/FoldersOpenedRequest
instanceKlass com/mule/api/contribution/jsonrpc/model/APIResponse
instanceKlass org/mulesoft/als/server/lsp4j/extension/CleanDiagnosticTreeParams
instanceKlass com/mule/api/contribution/jsonrpc/project/model/GetProjectsRequest
instanceKlass com/mule/api/contribution/api/apidesigner/APIDesignerService
instanceKlass com/mule/api/contribution/api/project/service/DefaultAPIProjectsManager$$FastClassByGuice$$246212991
instanceKlass com/mule/api/contribution/api/project/polyglot/APIPolyglotFactory$$FastClassByGuice$$245149295
instanceKlass com/mule/api/contribution/api/project/polyglot/model/Extension
instanceKlass com/mule/api/contribution/api/utils/io/ProjectUtils$$FastClassByGuice$$243404156
instanceKlass com/mule/api/contribution/jsonrpc/project/model/ProjectCleanResponse
instanceKlass com/mule/api/contribution/jsonrpc/project/model/ProjectCleanRequest
instanceKlass com/mule/api/contribution/api/utils/properties/APIPropertiesManager$$FastClassByGuice$$242939035
instanceKlass com/mule/api/contribution/api/utils/properties/APIPropertiesManager
instanceKlass com/mule/api/contribution/api/governance/service/DefaultGovernanceValidationManager$$FastClassByGuice$$242104020
instanceKlass com/mule/api/contribution/api/governance/acv/ACVHelper$$FastClassByGuice$$240352996
instanceKlass com/mule/api/contribution/api/governance/model/CentralizedRulesetsFile
instanceKlass com/mule/api/contribution/api/event/LSPServerProxy
instanceKlass org/mulesoft/als/server/lsp4j/extension/ExtendedLanguageServer
instanceKlass com/mule/api/contribution/api/governance/model/TraceEntry
instanceKlass org/mulesoft/als/server/acv/TraceEntry
instanceKlass com/mule/api/contribution/api/governance/model/ReportEntry
instanceKlass org/mulesoft/als/server/acv/CustomDiagnosticEntry
instanceKlass com/mule/api/contribution/api/governance/model/ValidateRulesResponse
instanceKlass org/mulesoft/anypoint/server/AnypointCustomTextDocumentService
instanceKlass org/mulesoft/als/server/custom/CustomTextDocumentService
instanceKlass com/mule/api/contribution/api/governance/acv/state/ValidationProcessInstanceManager
instanceKlass com/mule/api/contribution/api/utils/ProcessTimer
instanceKlass org/mulesoft/als/server/acv/CustomDiagnosticReport
instanceKlass com/mule/api/contribution/api/governance/service/GovernanceServiceClient
instanceKlass com/fasterxml/jackson/core/type/TypeReference
instanceKlass com/mule/api/contribution/api/governance/model/ValidateRulesRequest
instanceKlass com/mule/api/contribution/api/console/model/APIModel
instanceKlass com/mule/api/contribution/api/governance/acv/ACVHelper
instanceKlass com/mule/api/contribution/api/project/model/DefaultAPIProjectDescriptorBuilder$$FastClassByGuice$$240024459
instanceKlass com/mule/api/contribution/api/project/model/DefaultAPIProjectDescriptor
instanceKlass com/mule/api/contribution/api/utils/io/ExchangeJsonUtils
instanceKlass com/mule/api/contribution/api/apiprojectcli/APIProjectCLIClient$$FastClassByGuice$$238738575
instanceKlass com/mule/api/contribution/api/from/scratch/model/translator/ProjectModelTranslator$$FastClassByGuice$$237071182
instanceKlass com/mule/api/contribution/api/from/scratch/model/ProjectCommonConfiguration
instanceKlass com/mule/api/contribution/jsonrpc/project/model/ProjectCreateRequest
instanceKlass com/mule/api/contribution/api/from/scratch/client/model/ProjectCreateBodyRequest
instanceKlass com/mule/api/contribution/api/runtimes/EnvironmentVariablesBuilder
instanceKlass com/mule/api/contribution/api/runtimes/CommandLineBuilder
instanceKlass com/mule/api/contribution/jsonrpc/project/properties/model/GetProjectPropertiesRequest
instanceKlass com/mule/api/contribution/jsonrpc/project/properties/model/CLIResponse
instanceKlass com/mule/api/contribution/jsonrpc/project/properties/model/GetCentralizedRulesetsRequest
instanceKlass com/mule/api/contribution/api/from/scratch/model/translator/ProjectModelTranslator
instanceKlass com/mule/api/contribution/api/from/scratch/client/model/ProjectCreateResult
instanceKlass com/mule/api/contribution/api/from/scratch/model/ProjectConfiguration
instanceKlass com/mule/api/contribution/api/vcs/model/ImportResult
instanceKlass com/mule/api/contribution/api/from/scratch/model/APIAsset
instanceKlass com/mule/api/contribution/api/project/model/APIProjectConfiguration
instanceKlass com/mule/api/contribution/api/project/service/publication/model/PublishToExchangeResult
instanceKlass com/mule/api/contribution/jsonrpc/project/model/PublishAPISpecRequest
instanceKlass com/mule/api/contribution/api/apiprojectcli/APIProjectCLIClient
instanceKlass com/mule/api/contribution/api/project/model/DefaultAPIProjectDescriptorBuilder
instanceKlass com/mule/api/contribution/api/project/model/APIProjectDescriptorBuilder
instanceKlass com/mule/api/contribution/api/utils/io/ProjectUtils
instanceKlass com/mule/api/contribution/api/project/polyglot/APIPolyglotFactory
instanceKlass com/mule/api/contribution/api/project/model/APIProjectDescriptor
instanceKlass com/mule/api/contribution/api/project/service/WorkspaceContribution$$FastClassByGuice$$236739010
instanceKlass org/mule/weave/extension/plugin/sfdc/project/SFDXProjectInitializer$$FastClassByGuice$$235281660
instanceKlass org/mule/weave/extension/plugin/bat/project/BatProjectInitializer$$FastClassByGuice$$234583707
instanceKlass org/mule/weave/extension/plugin/maven/project/MavenProjectInitializer$$FastClassByGuice$$232856073
instanceKlass org/apache/maven/model/ModelBase
instanceKlass org/apache/maven/model/InputLocationTracker
instanceKlass org/mule/weave/extension/plugin/maven/resolver/strategy/BuildModel
instanceKlass org/mule/weave/extension/plugin/protocol/DefaultDataWeaveProtocolService$$FastClassByGuice$$232292291
instanceKlass org/mule/weave/lsp/extension/protocol/DataWeaveProtocolClientDelegate
instanceKlass org/mule/weave/lsp/extension/protocol/DataWeaveProtocolClient
instanceKlass org/mule/weave/extension/plugin/metadata/DefaultDWTypeTransformer$$FastClassByGuice$$230728301
instanceKlass org/mule/weave/v2/api/tooling/ts/DWType
instanceKlass org/mule/weave/extension/plugin/project/DefaultWeaveServiceManager$$FastClassByGuice$$230646380
instanceKlass org/mule/weave/extension/api/services/WeaveService
instanceKlass org/mule/weave/extension/api/lifecycle/LanguageServerLifecycle
instanceKlass org/mule/weave/extension/plugin/maven/resolver/DefaultMavenManager$$FastClassByGuice$$228951565
instanceKlass org/eclipse/aether/repository/RemoteRepository
instanceKlass org/eclipse/aether/repository/ArtifactRepository
instanceKlass eu/maveniverse/maven/mima/context/ContextOverrides$Builder
instanceKlass org/mule/maven/client/api/model/Authentication
instanceKlass org/mule/weave/extension/plugin/maven/resolver/MavenResolverModelLoader
instanceKlass org/mule/weave/extension/plugin/maven/resolver/MavenDependencyResolver
instanceKlass org/mule/weave/extension/plugin/maven/resolver/MavenModelLoader
instanceKlass org/mule/weave/extension/plugin/command/DefaultWeaveCreateInputSampleCommandFactory$$FastClassByGuice$$227561246
instanceKlass org/mule/weave/extension/plugin/command/DefaultWeaveRunPreviewCommandFactory$$FastClassByGuice$$227010620
instanceKlass org/eclipse/lsp4j/Command
instanceKlass org/mule/weave/extension/plugin/DefaultWeaveLanguageServerBuilder$$FastClassByGuice$$225662154
instanceKlass org/mule/weave/extension/plugin/project/DefaultProjectKindFactory$$FastClassByGuice$$225040872
instanceKlass org/mule/weave/lsp/project/ProjectKindContext
instanceKlass org/mule/weave/extension/api/project/ProjectMetadata
instanceKlass org/mule/weave/extension/plugin/lsp/DefaultWorkspaceServiceManager$$FastClassByGuice$$224184464
instanceKlass scala/Option
instanceKlass scala/Serializable
instanceKlass scala/Product
instanceKlass scala/Equals
instanceKlass org/mule/weave/lsp/services/WorkspaceServiceContributor
instanceKlass org/eclipse/lsp4j/DidChangeWorkspaceFoldersParams
instanceKlass org/mule/weave/lsp/services/TextDocumentTranslatorService
instanceKlass org/mule/weave/extension/api/WeaveLanguageServerBuilder$TextDocumentTranslator
instanceKlass org/mule/weave/lsp/services/ToolingService
instanceKlass org/mule/weave/lsp/services/WorkspaceEditService
instanceKlass org/mule/weave/lsp/services/DiagnosticsPublisherService
instanceKlass org/mule/weave/lsp/commands/CommandManagerService
instanceKlass org/mule/weave/lsp/services/DataWeaveWorkspaceService
instanceKlass org/mule/weave/lsp/services/WorkspaceServiceContributorRegistry
instanceKlass org/mule/weave/lsp/services/ConfigurationService
instanceKlass org/mule/weave/lsp/services/UIService
instanceKlass org/mule/weave/lsp/services/delegate/WorkspaceServiceDelegate
instanceKlass org/mule/weave/lsp/project/ProjectKind
instanceKlass org/mule/weave/extension/plugin/lsp/jobs/DefaultJobManagerServiceProvider$$FastClassByGuice$$222300513
instanceKlass org/mule/weave/lsp/jobs/JobManagerService
instanceKlass org/mule/contribution/internal/lsp/extensions/participant/XSDBasedValidator$$FastClassByGuice$$221335363
instanceKlass org/mule/contribution/internal/lsp/extensions/participant/validation/ValidatorFactory$$FastClassByGuice$$221240072
instanceKlass javax/xml/validation/Validator
instanceKlass org/mule/contribution/internal/lsp/extensions/participant/validation/XSDErrorExtractor$$FastClassByGuice$$219336015
instanceKlass org/mule/contribution/internal/lsp/extensions/participant/validation/XSDDiagnostic
instanceKlass org/mule/contribution/internal/lsp/extensions/participant/validation/XSDErrorExtractor
instanceKlass org/xml/sax/ErrorHandler
instanceKlass org/mule/contribution/internal/lsp/extensions/participant/validation/ValidatorFactory
instanceKlass org/mule/contribution/internal/lsp/extensions/participant/validation/DefaultXSDExtractor$$FastClassByGuice$$218738376
instanceKlass org/mule/contribution/internal/lsp/extensions/participant/validation/XSDLSResourceResolver$$FastClassByGuice$$217765144
instanceKlass org/apache/xerces/dom/DOMInputImpl
instanceKlass org/w3c/dom/ls/LSInput
instanceKlass org/mule/contribution/internal/lsp/extensions/participant/codeaction/SearchInExchange$$FastClassByGuice$$216040133
instanceKlass org/mule/contribution/internal/lsp/extensions/participant/codeaction/AddNamespaceAndDependencyActionDelegate$$FastClassByGuice$$215205628
instanceKlass org/mule/contribution/internal/lsp/extensions/participant/codeaction/RemoveElementDelegate$$FastClassByGuice$$213956939
instanceKlass org/mule/contribution/internal/lsp/extensions/participant/codeaction/RemoveNamespaceDelegate$$FastClassByGuice$$213006533
instanceKlass org/mule/contribution/internal/lsp/extensions/participant/codeaction/DuplicatedFlowDelegate$$FastClassByGuice$$212618241
instanceKlass org/mule/contribution/internal/lsp/extensions/participant/AttributeValueLinkProvider$$FastClassByGuice$$211219960
instanceKlass org/mule/contribution/internal/lsp/extensions/participant/DefaultMuleSymbolsProviderParticipant$$FastClassByGuice$$210630531
instanceKlass org/eclipse/lsp4j/DocumentSymbol
instanceKlass org/mule/contribution/internal/lsp/extensions/participant/MimeTypeValidationParticipant$$FastClassByGuice$$208786791
instanceKlass org/mule/contribution/internal/lsp/extensions/participant/DefaultXmlValidationParticipant$$FastClassByGuice$$208173432
instanceKlass org/mule/contribution/MuleConfigurationHelper
instanceKlass org/mule/contribution/internal/lsp/model/meta/ExtensionModelMetaInformationUtils$$FastClassByGuice$$207009419
instanceKlass org/mule/contribution/internal/lsp/model/meta/ExtensionModelMetaInformationUtils
instanceKlass org/mule/contribution/internal/lsp/embedded/EmbeddedReferencesParticipant$$FastClassByGuice$$206315727
instanceKlass org/mule/contribution/internal/lsp/embedded/EmbeddedDefinitionParticipant$$FastClassByGuice$$204779325
instanceKlass org/mule/contribution/internal/lsp/embedded/EmbeddedCodeActionParticipant$$FastClassByGuice$$204400472
instanceKlass org/mule/contribution/internal/lsp/extensions/participant/MuleCoreCodeActionParticipant$$FastClassByGuice$$203245931
instanceKlass org/mule/contribution/internal/lsp/extensions/participant/DataSenseHoverParticipant$$FastClassByGuice$$202010779
instanceKlass org/mule/contribution/internal/lsp/embedded/EmbeddedHoverParticipant$$FastClassByGuice$$201001583
instanceKlass org/mule/contribution/internal/lsp/extensions/participant/PropertiesResolverHoverParticipant$$FastClassByGuice$$200081184
instanceKlass org/mule/contribution/api/lsp/HoverRequest
instanceKlass org/mule/contribution/internal/lsp/extensions/participant/OptionsCalculatorCompletionParticipant$$FastClassByGuice$$198495480
instanceKlass org/mule/contribution/internal/lsp/extensions/participant/OptionsCalculatorCompletionParticipant$SymbolInformation
instanceKlass org/mule/contribution/internal/lsp/extensions/participant/OnEmptyDocCompletionParticipant$$FastClassByGuice$$197256386
instanceKlass org/mule/contribution/internal/lsp/extensions/participant/SystemPropertiesCompletionParticipant$$FastClassByGuice$$196104176
instanceKlass org/mule/contribution/internal/lsp/embedded/EmbeddedCompletionParticipant$$FastClassByGuice$$195672999
instanceKlass org/mule/contribution/internal/lsp/snippets/SnippetsCompletionParticipant$$FastClassByGuice$$194022745
instanceKlass org/mule/contribution/internal/lsp/extensions/participant/ToolingClientCompletionParticipant$$FastClassByGuice$$193765140
instanceKlass org/mule/contribution/internal/lsp/extensions/participant/ToolingClientCompletionParticipant$NestableComponentProcessingVisitor
instanceKlass org/eclipse/lsp4j/MarkupContent
instanceKlass org/mule/contribution/internal/lsp/extensions/participant/CompletionResultReducer$$FastClassByGuice$$192846624
instanceKlass org/mule/contribution/internal/lsp/extensions/participant/CompletionItemId
instanceKlass org/mule/contribution/internal/lsp/extensions/participant/CompletionResultReducer
instanceKlass org/mule/contribution/internal/lsp/embedded/EmbeddedCodeLensParticipant$$FastClassByGuice$$191827886
instanceKlass org/mule/contribution/internal/lsp/extensions/participant/ToolingClientCodeLensParticipant$$FastClassByGuice$$190153568
instanceKlass org/mule/contribution/internal/lsp/DefaultCompletionItemHelper$$FastClassByGuice$$189473570
instanceKlass org/mule/contribution/api/Asset
instanceKlass org/mule/contribution/internal/lsp/extensions/participant/MuleRenameParticipant$$FastClassByGuice$$188339499
instanceKlass org/mule/contribution/internal/lsp/embedded/EmbeddedRenameParticipant$$FastClassByGuice$$187210108
instanceKlass org/mule/contribution/internal/lsp/DefaultRenameManager$$FastClassByGuice$$185799751
instanceKlass org/mule/contribution/internal/lsp/DefaultHoverManager$$FastClassByGuice$$184583232
instanceKlass org/mule/contribution/internal/lsp/HoverLemminxWrapper
instanceKlass org/mule/contribution/internal/lsp/DefaultSymbolsProviderManager$$FastClassByGuice$$183646650
instanceKlass org/mule/contribution/MuleConfigurationValidator$$FastClassByGuice$$182969224
instanceKlass org/mule/contribution/internal/lsp/DefaultDocumentLinksManager$$FastClassByGuice$$182254930
instanceKlass org/mule/contribution/internal/lsp/DefaultCodeActionManager$$FastClassByGuice$$180378825
instanceKlass org/mule/contribution/internal/lsp/DefaultCodeLensManager$$FastClassByGuice$$179385505
instanceKlass org/mule/contribution/internal/lsp/DefaultXmlValidatorManager$$FastClassByGuice$$178678086
instanceKlass org/mule/contribution/internal/lsp/autofix/AutoFixesDelegate$$FastClassByGuice$$177341772
instanceKlass org/mule/contribution/api/lsp/extensions/ValidationContext
instanceKlass org/mule/contribution/internal/lsp/autofix/AutoFixesDelegate
instanceKlass org/mule/contribution/internal/lsp/DefaultCompletionManager$$FastClassByGuice$$176852775
instanceKlass org/eclipse/lemminx/services/extensions/CompletionParticipantAdapter
instanceKlass org/mule/contribution/internal/lsp/DefaultReferencesManager$$FastClassByGuice$$176131979
instanceKlass org/mule/contribution/internal/lsp/DefaultDefinitionManager$$FastClassByGuice$$174739169
instanceKlass org/mule/contribution/datasense/api/impl/DefaultDataSenseProvider$$FastClassByGuice$$173221222
instanceKlass org/mule/dx/platform/api/datasense/DataSenseContext
instanceKlass org/mule/contribution/datasense/api/impl/DefaultDataSenseProvider$DataSenseProviderCacheKey
instanceKlass org/mule/contribution/internal/lsp/DefaultToolingService$$FastClassByGuice$$172937299
instanceKlass org/mule/tooling/client/api/connectivity/ConnectionValidationResult
instanceKlass org/mule/contribution/api/lsp/codelens/TestConnectionResult
instanceKlass org/mule/contribution/internal/lsp/DefaultMuleTextDocumentService$$FastClassByGuice$$171645124
instanceKlass org/eclipse/lsp4j/DidCloseTextDocumentParams
instanceKlass org/eclipse/lsp4j/DidSaveTextDocumentParams
instanceKlass org/eclipse/lsp4j/DidOpenTextDocumentParams
instanceKlass org/eclipse/lsp4j/DocumentFormattingParams
instanceKlass org/eclipse/lsp4j/CodeLens
instanceKlass org/eclipse/lsp4j/WorkDoneProgressAndPartialResultParams
instanceKlass org/eclipse/lsp4j/TextDocumentContentChangeEvent
instanceKlass org/eclipse/lsp4j/DidChangeTextDocumentParams
instanceKlass org/eclipse/lsp4j/jsonrpc/messages/Either
instanceKlass org/mule/contribution/internal/lsp/embedded/EmbeddedDocManager$$FastClassByGuice$$170023964
instanceKlass org/mule/contribution/internal/lsp/embedded/EmbeddedDocManager$EmbeddedContext
instanceKlass org/mule/contribution/internal/lsp/embedded/WeaveEmbeddedContentExtractor$$FastClassByGuice$$169290940
instanceKlass org/mule/contribution/internal/lsp/embedded/WeaveEmbeddedContentExtractor
instanceKlass org/mule/dx/platform/api/protocol/embedded/lsp/EmbeddedContentExtractor
instanceKlass org/mule/contribution/api/lsp/DOMVisitor
instanceKlass org/mule/contribution/internal/lsp/embedded/EmbeddedDocManager
instanceKlass org/mule/contribution/internal/lsp/DefaultWorkspaceService$$FastClassByGuice$$168643259
instanceKlass org/eclipse/lsp4j/ExecuteCommandParams
instanceKlass org/eclipse/lsp4j/DeleteFilesParams
instanceKlass org/eclipse/lsp4j/RenameFilesParams
instanceKlass org/eclipse/lsp4j/DidChangeConfigurationParams
instanceKlass org/eclipse/lsp4j/DidChangeWatchedFilesParams
instanceKlass org/mule/contribution/internal/lsp/DefaultMuleLanguageClientProvider$$FastClassByGuice$$167409841
instanceKlass org/mule/contribution/internal/DefaultContextProvider$$FastClassByGuice$$166687106
instanceKlass org/mule/contribution/api/Context
instanceKlass org/apache/commons/cli/CommandLineParser
instanceKlass org/mule/contribution/internal/lsp/DefaultTemplateProcessor$$FastClassByGuice$$164902988
instanceKlass org/mule/contribution/internal/lsp/TemplateContext
instanceKlass org/mule/contribution/internal/lsp/extensions/participant/NameGeneratorFactory$$FastClassByGuice$$163933106
instanceKlass org/mule/contribution/internal/lsp/extensions/participant/NameGenerator
instanceKlass org/mule/contribution/internal/lsp/extensions/participant/DocIdGeneratorFactory$$FastClassByGuice$$163029102
instanceKlass org/mule/contribution/internal/lsp/extensions/participant/DocIdGenerator
instanceKlass org/mule/contribution/internal/lsp/extensions/participant/NameGeneratorFactory
instanceKlass org/mule/contribution/internal/lsp/extensions/participant/DocIdGeneratorFactory
instanceKlass org/mule/contribution/internal/ShadowJarResourceProvider$$FastClassByGuice$$162457566
instanceKlass org/mule/contribution/dataweave/action/MuleCodeActionProviderExtension$$FastClassByGuice$$161158408
instanceKlass org/mule/weave/extension/api/extension/action/WeaveCodeActionProvider
instanceKlass org/mule/contribution/internal/config/MuleGlobalPropertiesResolver$$FastClassByGuice$$159460292
instanceKlass org/mule/contribution/internal/config/YAMLFilePropertiesResolver$$FastClassByGuice$$158876645
instanceKlass org/mule/contribution/internal/config/PropertiesFilePropertiesResolver$$FastClassByGuice$$157568223
instanceKlass org/mule/contribution/api/lsp/DOMDocumentHelper
instanceKlass org/mule/contribution/internal/config/DefaultPropertiesResolver$$FastClassByGuice$$156911782
instanceKlass org/mule/contribution/api/config/PropertiesContext
instanceKlass org/mule/contribution/internal/lsp/DefaultMuleXmlLanguageServer$$FastClassByGuice$$155380427
instanceKlass org/mule/contribution/internal/lsp/LanguageServerCacheManager$$FastClassByGuice$$154974974
instanceKlass org/eclipse/lsp4j/ServerCapabilities
instanceKlass org/eclipse/lsp4j/InitializeResult
instanceKlass org/eclipse/lsp4j/InitializedParams
instanceKlass org/mule/contribution/internal/lsp/LanguageServerCacheManager
instanceKlass org/mule/contribution/internal/SettingsConfigurationStarter$$FastClassByGuice$$153980165
instanceKlass org/mule/dx/platform/api/regions/PlatformRegion
instanceKlass org/mule/contribution/designservice/client/DefaultDesignService$$FastClassByGuice$$152472134
instanceKlass org/mule/contribution/designservice/client/DesignServiceProjectRequest
instanceKlass org/mule/contribution/internal/DefaultExtensionModelInfoRegistry$$FastClassByGuice$$151232174
instanceKlass org/mule/contribution/designservice/cache/DefaultDesignServiceCache$$FastClassByGuice$$150348228
instanceKlass org/mule/contribution/designservice/cache/DSLElementSyntaxCacheManager$$FastClassByGuice$$149008927
instanceKlass org/mule/contribution/designservice/cache/ExtensionIconsCacheManager$$FastClassByGuice$$148444867
instanceKlass org/mule/tooling/client/api/icons/DefaultIconsResult
instanceKlass org/mule/tooling/client/api/icons/IconsResult
instanceKlass org/mule/contribution/designservice/cache/ExtensionSchemaCacheManager$$FastClassByGuice$$147311441
instanceKlass org/mule/contribution/designservice/cache/ExtensionModelCacheManager$$FastClassByGuice$$146290170
instanceKlass org/mule/contribution/designservice/cache/CoreModelsCacheManager$$FastClassByGuice$$145646415
instanceKlass org/mule/contribution/designservice/cache/AbstractDesignServiceCacheManager
instanceKlass org/mule/contribution/designservice/DefaultDesignServiceClient$$FastClassByGuice$$144434853
instanceKlass org/mule/dx/flow/design/service/api/FlowDesignerService
instanceKlass org/mule/dx/flow/design/service/api/ProjectContext
instanceKlass org/mule/contribution/designservice/DefaultDesignServiceInstanceManager$$FastClassByGuice$$143430544
instanceKlass java/util/concurrent/CountDownLatch
instanceKlass org/mule/contribution/designservice/DesignServiceInstanceDetail
instanceKlass org/mule/contribution/runtime/instance/proxy/ProxyConfigurationManager$$FastClassByGuice$$141575764
instanceKlass org/mule/dx/platform/api/proxy/ProxySettings
instanceKlass org/mule/dx/platform/api/proxy/ProxyAttributes
instanceKlass org/mule/contribution/designservice/DesignServiceUtils$$FastClassByGuice$$141436863
instanceKlass org/eclipse/lsp4j/jsonrpc/Launcher
instanceKlass java/net/Socket
instanceKlass org/mule/contribution/java/JavaStoreManager$$FastClassByGuice$$140069069
instanceKlass org/mule/contribution/runtime/instance/proxy/ProxyConfigurationManager
instanceKlass org/mule/contribution/designservice/DesignServiceUtils
instanceKlass org/mule/contribution/java/JavaStoreManager
instanceKlass org/mule/contribution/internal/lsp/ui/transform/DefaultDataWeaveTransformService$$FastClassByGuice$$138712916
instanceKlass org/mule/contribution/transform/ui/GenerateDataweaveCodeResponse
instanceKlass org/mule/contribution/transform/ui/SetSampleDataMappingResponse
instanceKlass org/mule/contribution/transform/ui/TransformMetadataResponse
instanceKlass org/mule/contribution/transform/ui/DeleteDataweaveMappingsResponse
instanceKlass org/mule/contribution/transform/ui/GenerateDataweaveMappingResponse
instanceKlass org/mule/dx/platform/api/transform/TransformState
instanceKlass org/mule/contribution/transform/ui/SetSampleDataMappingRequest
instanceKlass org/mule/contribution/transform/ui/DeleteDataweaveMappingsRequest
instanceKlass org/mule/contribution/internal/lsp/ui/transform/DefaultDataWeaveTransformService$EmbeddedDocResult
instanceKlass org/mule/contribution/transform/ui/GenerateDataweaveMappingRequest
instanceKlass org/mule/contribution/transform/ui/ReadTransformSampleDataRequest
instanceKlass org/mule/contribution/transform/ui/GenerateDataweaveCodeRequest
instanceKlass org/mule/contribution/internal/project/DefaultProjectPropertiesService$$FastClassByGuice$$137538859
instanceKlass org/mule/contribution/api/project/UpdateProjectConnectorsResponse
instanceKlass org/mule/dx/platform/api/dependency/DependencyModelMutator
instanceKlass org/mule/dx/platform/api/maven/MavenDependencyModelManager
instanceKlass org/mule/contribution/api/project/UpdateProjectConnectorsRequest
instanceKlass org/mule/contribution/api/project/GetProjectConnectorsResponse
instanceKlass org/mule/contribution/api/project/GetProjectConnectorsRequest
instanceKlass org/mule/maven/pom/parser/api/model/BundleDependency
instanceKlass org/mule/contribution/internal/project/ProjectDependency
instanceKlass org/mule/dx/platform/api/anypoint/exchange/model/AssetDetails
instanceKlass org/mule/maven/pom/parser/api/MavenPomParser
instanceKlass org/mule/contribution/expression/DefaultEmbeddedModuleService$$FastClassByGuice$$136378211
instanceKlass org/mule/dx/platform/api/modules/EmbeddedModule
instanceKlass org/mule/contribution/maven/RuntimeBasedMavenDependencyEnricher$$FastClassByGuice$$135397598
instanceKlass org/mule/contribution/util/JarFileReader$$FastClassByGuice$$134905413
instanceKlass org/mule/contribution/util/JarFileReader
instanceKlass org/mule/contribution/expression/FunctionUtils$$FastClassByGuice$$133350217
instanceKlass org/mule/contribution/expression/Function
instanceKlass org/mule/contribution/expression/Module
instanceKlass org/mule/contribution/maven/RuntimeBasedMavenDependencyEnricher
instanceKlass org/mule/contribution/expression/FunctionUtils
instanceKlass org/mule/contribution/maven/DefaultMuleMavenClientProvider$$FastClassByGuice$$132386393
instanceKlass org/mule/maven/client/api/model/RemoteRepository
instanceKlass org/mule/contribution/DefaultWorkspaceContribution$$FastClassByGuice$$131807916
instanceKlass org/mule/dx/platform/api/project/ProjectDescriptor
instanceKlass org/mule/contribution/internal/DefaultMulePathHelperFactory$$FastClassByGuice$$130899455
instanceKlass org/mule/contribution/dap/deployment/DefaultRedeployService$$FastClassByGuice$$129315266
instanceKlass org/mule/contribution/ui/generator/DefaultIdGenerator$$FastClassByGuice$$128663259
instanceKlass org/mule/contribution/ui/generator/DefaultModelMapper$$FastClassByGuice$$126979339
instanceKlass org/mule/contribution/ui/generator/TypesCache$$FastClassByGuice$$126575883
instanceKlass org/mule/tooling/client/api/extension/model/nested/NestedRouteModel
instanceKlass org/mule/tooling/client/api/extension/model/nested/NestedComponentModel
instanceKlass org/mule/contribution/ui/generator/ContainerProcessorFactory$$FastClassByGuice$$125415210
instanceKlass org/mule/contribution/ui/generator/ContainerProcessor
instanceKlass org/mule/contribution/ui/generator/TypesCache
instanceKlass org/mule/contribution/ui/generator/ContainerProcessorFactory
instanceKlass org/mule/contribution/ui/generator/DefaultIconProvider$$FastClassByGuice$$124468192
instanceKlass org/mule/contribution/ui/generator/SVGSanitizer
instanceKlass java/util/Base64$Encoder
instanceKlass org/mule/contribution/internal/utils/GAVUtils$$FastClassByGuice$$123386073
instanceKlass org/mule/contribution/util/io/FileUtils$$FastClassByGuice$$122590964
instanceKlass org/mule/contribution/util/io/FileUtils
instanceKlass org/mule/contribution/internal/utils/GAVUtils
instanceKlass org/mule/contribution/internal/lsp/DefaultExchangeCanvasService$$FastClassByGuice$$120858746
instanceKlass org/mule/contribution/api/lsp/exchange/PaginatedExtensionModelsResult
instanceKlass org/mule/dx/platform/api/anypoint/exchange/model/Asset
instanceKlass org/mule/contribution/api/lsp/exchange/GetComponentsRequest
instanceKlass org/mule/contribution/api/lsp/exchange/SearchRequest
instanceKlass com/google/common/cache/LoadingCache
instanceKlass com/google/common/base/Function
instanceKlass com/google/common/cache/Cache
instanceKlass com/google/common/cache/CacheLoader
instanceKlass org/mule/contribution/internal/lsp/ui/form/DefaultUISchemaProvider$$FastClassByGuice$$120405027
instanceKlass org/mule/contribution/internal/lsp/ui/form/DefaultUISchemaGenerator$$FastClassByGuice$$118715316
instanceKlass javax/annotation/Nonnull
instanceKlass javax/annotation/Nullable
instanceKlass org/mule/tooling/client/api/extension/model/operation/OperationModel
instanceKlass org/mule/tooling/client/api/extension/model/construct/ConstructModel
instanceKlass org/mule/tooling/client/api/extension/model/source/SourceCallbackModel
instanceKlass org/mule/tooling/client/api/extension/model/nested/NestableElementModel
instanceKlass org/mule/contribution/ui/form/Header
instanceKlass org/mule/contribution/internal/lsp/ui/form/DefaultUISchemaGenerator$UIGenerationContext
instanceKlass org/mule/tooling/client/api/extension/model/source/SourceModel
instanceKlass org/mule/contribution/ui/form/UISchema
instanceKlass org/mule/contribution/internal/lsp/ui/form/UITypeMapper$$FastClassByGuice$$118124518
instanceKlass org/mule/metadata/api/annotation/TypeIdAnnotation
instanceKlass org/mule/tooling/client/api/extension/model/LayoutModel
instanceKlass org/mule/contribution/internal/lsp/ui/form/UITypeMapper
instanceKlass org/mule/tooling/client/api/extension/model/ComponentModel
instanceKlass org/mule/tooling/client/api/extension/model/nested/NestableElementModelVisitor
instanceKlass org/mule/contribution/internal/lsp/ui/form/object/ObjectTypeWriter$$FastClassByGuice$$116917433
instanceKlass org/mule/contribution/internal/lsp/ui/form/array/ArrayAttributeWriter$$FastClassByGuice$$116255981
instanceKlass org/mule/contribution/internal/lsp/ui/form/object/ObjectUnion
instanceKlass org/mule/contribution/internal/lsp/ui/form/uniontype/UnionTypeAttributeWriter$$FastClassByGuice$$114470948
instanceKlass org/mule/contribution/internal/lsp/ui/form/uniontype/UnionAttribute
instanceKlass org/mule/contribution/internal/lsp/ui/form/state/ElementWriter$$FastClassByGuice$$114031024
instanceKlass org/mule/contribution/internal/lsp/ui/form/state/OptionalAttributeWriter$$FastClassByGuice$$112825668
instanceKlass org/mule/contribution/internal/lsp/ui/form/state/RequiredAttributeWriter$$FastClassByGuice$$111402031
instanceKlass org/mule/contribution/internal/lsp/ui/form/mimetype/MimeTypeAttributeWriter$$FastClassByGuice$$111016709
instanceKlass jakarta/activation/MimeType
instanceKlass org/mule/contribution/internal/lsp/ui/form/state/NameAttributePropertyWriter$$FastClassByGuice$$109895299
instanceKlass org/eclipse/lemminx/utils/XMLBuilder
instanceKlass org/apache/commons/text/translate/CharSequenceTranslator
instanceKlass org/mule/contribution/internal/lsp/ui/form/object/ObjectTypeReader$$FastClassByGuice$$108213707
instanceKlass org/w3c/dom/CDATASection
instanceKlass org/mule/contribution/internal/lsp/ui/form/object/dataweave/WeaveEngineHelper$$FastClassByGuice$$107379409
instanceKlass org/mule/weave/v2/parser/phase/ParsingContext
instanceKlass org/mule/contribution/internal/lsp/ui/form/object/dataweave/DataWeaveExecutionError
instanceKlass scala/Tuple2
instanceKlass scala/Serializable
instanceKlass scala/Product2
instanceKlass scala/Product
instanceKlass org/mule/weave/v2/parser/ast/AstNode
instanceKlass org/mule/weave/v2/parser/ast/WeaveLocationCapable
instanceKlass org/mule/weave/v2/parser/location/LocationCapable
instanceKlass org/mule/contribution/internal/lsp/ui/form/object/dataweave/KeyValuePairsResult
instanceKlass scala/collection/Seq
instanceKlass scala/collection/SeqLike
instanceKlass scala/collection/GenSeq
instanceKlass scala/collection/GenSeqLike
instanceKlass scala/collection/Iterable
instanceKlass scala/collection/IterableLike
instanceKlass scala/Equals
instanceKlass scala/collection/GenIterable
instanceKlass scala/collection/GenIterableLike
instanceKlass scala/collection/Traversable
instanceKlass scala/collection/GenTraversable
instanceKlass scala/collection/generic/GenericTraversableTemplate
instanceKlass scala/collection/TraversableLike
instanceKlass scala/collection/GenTraversableLike
instanceKlass scala/collection/Parallelizable
instanceKlass scala/collection/TraversableOnce
instanceKlass scala/collection/GenTraversableOnce
instanceKlass scala/collection/generic/FilterMonadic
instanceKlass scala/collection/generic/HasNewBuilder
instanceKlass scala/PartialFunction
instanceKlass scala/Function1
instanceKlass org/mule/contribution/internal/lsp/ui/form/array/ArrayAttributeReader$$FastClassByGuice$$106491343
instanceKlass org/json/JSONArray
instanceKlass org/mule/contribution/internal/lsp/ui/form/uniontype/UnionTypeAttributeReader$$FastClassByGuice$$105783098
instanceKlass org/mule/contribution/internal/lsp/ui/form/mimetype/MimeTypeAttributeReader$$FastClassByGuice$$104321949
instanceKlass org/mule/contribution/internal/lsp/ui/form/state/ElementReader$$FastClassByGuice$$103700838
instanceKlass org/mule/contribution/internal/lsp/ui/form/state/AttributeReader$$FastClassByGuice$$101912841
instanceKlass org/mule/contribution/internal/lsp/ui/form/control/ValueProviderControlFactoryDelegate$$FastClassByGuice$$101388244
instanceKlass org/mule/contribution/internal/lsp/ui/form/options/ValuePartContainer
instanceKlass org/mule/tooling/client/api/extension/model/value/ValueProviderModel
instanceKlass org/mule/contribution/internal/lsp/ui/form/control/ChoiceWhenControlFactoryDelegate$$FastClassByGuice$$100081369
instanceKlass org/mule/contribution/internal/lsp/ui/form/control/MetadataKeyControlFactoryDelegate$$FastClassByGuice$$99032912
instanceKlass org/mule/tooling/client/api/extension/model/metadata/MetadataKeyPartModel
instanceKlass org/mule/contribution/internal/lsp/ui/form/control/ObjectControlFactoryDelegate$$FastClassByGuice$$98266452
instanceKlass org/mule/contribution/internal/lsp/ui/form/control/ControlObjectField
instanceKlass org/mule/contribution/ui/form/ExclusiveOption
instanceKlass org/mule/contribution/internal/lsp/ui/form/uniontype/UnionControlFactoryDelegate$$FastClassByGuice$$97023603
instanceKlass org/mule/metadata/api/model/UnionType
instanceKlass org/mule/metadata/api/model/ObjectFieldType
instanceKlass org/mule/contribution/internal/lsp/ui/form/control/ArrayControlFactoryDelegate$$FastClassByGuice$$95987413
instanceKlass org/mule/contribution/internal/lsp/ui/form/CDataHelper$$FastClassByGuice$$95053254
instanceKlass org/mule/contribution/internal/lsp/ui/form/CDataHelper$UIElementData
instanceKlass org/mule/contribution/internal/lsp/ui/form/mimetype/MimeTypeControlFactoryDelegate$$FastClassByGuice$$93809201
instanceKlass org/mule/contribution/internal/lsp/ui/form/control/FileControlFactoryDelegate$$FastClassByGuice$$92276485
instanceKlass org/mule/tooling/client/api/extension/model/PathModel
instanceKlass org/mule/tooling/client/api/extension/model/DisplayModel
instanceKlass org/mule/contribution/internal/lsp/ui/form/control/SelectControlFactoryDelegate$$FastClassByGuice$$91663369
instanceKlass org/mule/contribution/api/lsp/ui/Option
instanceKlass org/mule/tooling/client/api/declaration/type/annotation/StereotypeTypeAnnotation
instanceKlass org/mule/contribution/internal/utils/LazyValue
instanceKlass org/mule/contribution/internal/lsp/ui/form/control/FlowRefControlFactoryDelegate$$FastClassByGuice$$91094106
instanceKlass org/mule/metadata/api/annotation/AccessibilityAnnotation
instanceKlass org/mule/contribution/internal/lsp/ui/form/control/ConfigRefControlFactoryDelegate$$FastClassByGuice$$89265771
instanceKlass org/mule/contribution/ui/form/Action
instanceKlass org/mule/contribution/internal/lsp/ui/form/state/PropertyContext
instanceKlass org/mule/contribution/datasense/resolvers/DefaultValueProvidersResolver$$FastClassByGuice$$88263023
instanceKlass org/mule/contribution/internal/lsp/ui/form/component/DefaultValueProviderOptionsCalculatorFactory$$FastClassByGuice$$87183414
instanceKlass org/mule/contribution/internal/lsp/ui/form/component/ValueProviderOptionsCalculator
instanceKlass org/mule/contribution/datasense/resolvers/DefaultMetadataKeysResolver$$FastClassByGuice$$86244995
instanceKlass org/mule/contribution/internal/lsp/ui/form/component/DefaultMetadataKeyOptionsCalculatorFactory$$FastClassByGuice$$85586576
instanceKlass org/mule/contribution/internal/lsp/ui/form/component/MetadataKeyOptionsCalculator
instanceKlass org/mule/contribution/internal/lsp/ui/form/component/DefaultStereotypeBasedGlobalOptionsCalculatorFactory$$FastClassByGuice$$84363059
instanceKlass org/mule/contribution/internal/lsp/ui/form/component/StereotypeBasedOptionsCalculator
instanceKlass org/mule/contribution/internal/lsp/ui/form/action/RefreshValueProvidersHandler$$FastClassByGuice$$83791541
instanceKlass org/mule/contribution/internal/lsp/ui/form/options/ValuesRetrievalManager$$FastClassByGuice$$82463230
instanceKlass org/mule/contribution/datasense/results/ValueProvidersResponse
instanceKlass org/mule/contribution/internal/lsp/ui/form/options/ValuesRetrievalManager
instanceKlass org/mule/contribution/datasense/request/ValueProviderExecutionRequest
instanceKlass org/mule/contribution/internal/lsp/ui/form/action/RefreshMetadataKeysHandler$$FastClassByGuice$$80934028
instanceKlass org/mule/contribution/datasense/metadata/MetadataRetrievalManager$$FastClassByGuice$$80677558
instanceKlass org/mule/contribution/datasense/metadata/cache/MetadataTypesManager
instanceKlass org/eclipse/lsp4j/MessageParams
instanceKlass org/mule/contribution/datasense/results/MetadataKeysResponse
instanceKlass org/mule/contribution/datasense/request/MetadataKeysRequest
instanceKlass org/mule/contribution/datasense/metadata/MetadataRetrievalManager
instanceKlass org/mule/contribution/internal/lsp/ui/form/action/TestConnectionHandler$$FastClassByGuice$$79383891
instanceKlass org/mule/contribution/api/lsp/codelens/TestConnectionRequest
instanceKlass org/mule/contribution/internal/lsp/ui/form/DefaultActionExecutorDelegate$$FastClassByGuice$$78546465
instanceKlass org/mule/contribution/internal/lsp/ui/form/DefaultFormService$$FastClassByGuice$$77527880
instanceKlass org/eclipse/lsp4j/Diagnostic
instanceKlass org/mule/contribution/api/lsp/ui/configref/GetGlobalConfigRequest
instanceKlass org/eclipse/lsp4j/CodeAction
instanceKlass org/eclipse/lsp4j/PartialResultParams
instanceKlass org/mule/contribution/internal/lsp/ui/form/OnHoverProvider$$FastClassByGuice$$75723843
instanceKlass org/eclipse/lsp4j/TextDocumentPositionParams
instanceKlass org/mule/contribution/internal/lsp/ui/form/SampleDataProvider$$FastClassByGuice$$75317868
instanceKlass org/mule/dx/platform/api/protocol/embedded/lsp/TextDocumentMediator
instanceKlass org/mule/contribution/expression/SampleDataMapping
instanceKlass org/mule/contribution/internal/lsp/ui/form/SampleDataCache
instanceKlass org/mule/contribution/internal/lsp/ui/form/FormServiceUtils$$FastClassByGuice$$73502349
instanceKlass org/apache/commons/lang3/tuple/Pair
instanceKlass org/mule/contribution/internal/lsp/model/meta/XmlElementHelper$$FastClassByGuice$$73129521
instanceKlass org/eclipse/lemminx/settings/SharedSettings$$FastClassByGuice$$71835441
instanceKlass org/eclipse/lemminx/settings/XMLWorkspaceSettings
instanceKlass org/eclipse/lemminx/settings/XMLPreferences
instanceKlass org/eclipse/lemminx/settings/XMLHoverSettings
instanceKlass org/mule/contribution/internal/lsp/ui/form/OptionsCalculatorDelegate$$FastClassByGuice$$70822355
instanceKlass org/mule/contribution/ui/form/UIElement
instanceKlass org/mule/contribution/ui/form/component/OptionsCalculator
instanceKlass org/mule/contribution/api/lsp/ui/OptionsResponse
instanceKlass org/mule/contribution/internal/lsp/ui/form/state/StateXMLWriter$$FastClassByGuice$$69862927
instanceKlass org/mule/contribution/internal/lsp/ui/form/state/StateDiff
instanceKlass org/mule/contribution/internal/lsp/ui/form/state/XMLGenerationContext
instanceKlass org/mule/contribution/api/lsp/ui/BaseUIFormMessage
instanceKlass org/mule/contribution/internal/lsp/ui/form/state/StateLoader$$FastClassByGuice$$68680022
instanceKlass org/json/JSONObject
instanceKlass org/mule/contribution/internal/lsp/ui/form/state/FieldHandlerKey
instanceKlass org/mule/contribution/internal/lsp/ui/form/object/dataweave/WeaveEngineHelper
instanceKlass org/mule/contribution/internal/lsp/ui/form/CDataHelper
instanceKlass org/mule/contribution/internal/lsp/model/meta/NodeTypeUtils$$FastClassByGuice$$67619871
instanceKlass org/mule/contribution/ui/model/meta/NodeType
instanceKlass org/mule/contribution/internal/lsp/model/meta/NodeTypeUtils
instanceKlass org/mule/contribution/internal/lsp/extensions/participant/ComponentModelWrapperVisitor
instanceKlass org/mule/contribution/internal/lsp/ui/form/FormServiceUtils
instanceKlass org/mule/contribution/internal/lsp/model/meta/XmlElementHelper
instanceKlass org/mule/contribution/internal/lsp/ui/form/OnHoverProvider
instanceKlass org/mule/contribution/internal/lsp/ui/form/SampleDataProvider
instanceKlass org/mule/contribution/internal/lsp/ui/form/OptionsCalculatorDelegate
instanceKlass org/mule/contribution/internal/lsp/ui/form/BaseStateHandler
instanceKlass org/mule/contribution/internal/lsp/DefaultCanvasService$$FastClassByGuice$$66203508
instanceKlass org/mule/contribution/api/lsp/DeleteNodesRequest
instanceKlass org/mule/contribution/api/lsp/GetElementsResponse
instanceKlass org/mule/contribution/api/lsp/DeleteNodesResponse
instanceKlass org/eclipse/lsp4j/ApplyWorkspaceEditResponse
instanceKlass org/mule/dx/platform/api/event/DependencyModelChangeEvent
instanceKlass org/mule/dx/platform/api/utils/eventbus/EventBusHelper
instanceKlass org/mule/contribution/internal/lsp/RenameNodeHandler$$FastClassByGuice$$65754450
instanceKlass org/mule/contribution/api/lsp/RenameNodeResponse
instanceKlass org/mule/contribution/internal/lsp/InsertNodeHandler$$FastClassByGuice$$64614676
instanceKlass org/mule/contribution/api/lsp/MulePluginDependency
instanceKlass org/mule/tooling/client/api/extension/model/connection/ConnectionProviderModel
instanceKlass org/mule/tooling/client/api/extension/model/config/ConfigurationModel
instanceKlass org/mule/tooling/client/api/extension/model/ParameterizedModel
instanceKlass org/mule/contribution/api/lsp/ui/configref/CreateGlobalConfigRequest
instanceKlass org/eclipse/lsp4j/ApplyWorkspaceEditParams
instanceKlass org/mule/contribution/api/lsp/InsertNodeResponse
instanceKlass org/mule/contribution/internal/lsp/InsertNodeHandler$XMLGenerationContext
instanceKlass org/mule/contribution/ui/model/BaseNode
instanceKlass org/mule/contribution/internal/lsp/MuleLanguageClient
instanceKlass org/mule/dx/platform/api/lsp/ExtendedLanguageClient
instanceKlass org/mule/contribution/internal/lsp/ui/form/state/validate/NameValidator$$FastClassByGuice$$63581552
instanceKlass org/mule/contribution/internal/lsp/NamespaceEditHelper$$FastClassByGuice$$62517976
instanceKlass org/eclipse/lsp4j/TextEdit
instanceKlass org/eclipse/lemminx/dom/SchemaLocation
instanceKlass org/mule/tooling/client/api/extension/model/XmlDslModel
instanceKlass org/mule/contribution/internal/lsp/ui/form/state/validate/NameValidator
instanceKlass org/mule/contribution/internal/lsp/NamespaceEditHelper
instanceKlass org/mule/contribution/api/lsp/BaseCanvasRequest
instanceKlass org/mule/contribution/internal/utils/AllowedElementsResolver$$FastClassByGuice$$61614273
instanceKlass org/mule/tooling/client/api/descriptors/ArtifactDescriptor
instanceKlass org/mule/contribution/api/MulePluginsManager
instanceKlass org/mule/contribution/internal/utils/SnippetsManager$$FastClassByGuice$$60425266
instanceKlass java/nio/file/WatchKey
instanceKlass org/mule/contribution/api/lsp/ExtensionModelComponent
instanceKlass org/mule/contribution/internal/lsp/snippets/Snippet
instanceKlass com/google/gson/Gson
instanceKlass org/mule/contribution/internal/utils/CoreExtensionModelSectionsResolver$$FastClassByGuice$$59313093
instanceKlass org/mule/tooling/client/api/extension/model/ExtensionModel
instanceKlass org/mule/contribution/api/lsp/ExtensionModelSection
instanceKlass org/mule/contribution/ui/model/Stereotype
instanceKlass org/mule/contribution/api/lsp/GetElementsParams
instanceKlass org/mule/tooling/client/api/extension/model/StereotypeModel
instanceKlass org/mule/contribution/internal/utils/SnippetsManager
instanceKlass org/mule/contribution/internal/lsp/RenameNodeHandler
instanceKlass org/mule/contribution/internal/lsp/InsertNodeHandler
instanceKlass org/mule/contribution/internal/utils/BaseExtensionModelSectionResolver
instanceKlass org/mule/contribution/internal/lsp/DefaultMuleConfigurationCache$$FastClassByGuice$$58663065
instanceKlass org/mule/contribution/internal/lsp/DefaultCanvasModelGenerator$$FastClassByGuice$$57358786
instanceKlass org/mule/contribution/internal/lsp/model/meta/MuleConfigurationValidationsDecorator$$FastClassByGuice$$55716245
instanceKlass org/mule/contribution/ui/model/MuleConfiguration
instanceKlass org/mule/contribution/ui/model/ModelElement
instanceKlass org/mule/contribution/ui/model/ModelVisitor
instanceKlass org/mule/contribution/internal/lsp/model/meta/MuleConfigurationValidationsDecorator
instanceKlass org/mule/contribution/runtime/model/DefaultToolingWorkspace$$FastClassByGuice$$55311140
instanceKlass com/google/common/base/Stopwatch
instanceKlass org/mule/contribution/runtime/model/ToolingProjectsCache$$FastClassByGuice$$54189373
instanceKlass org/mule/contribution/runtime/model/ToolingProject
instanceKlass org/mule/contribution/runtime/model/ToolingProjectsCache$ToolingProjectFileCacheKey
instanceKlass org/mule/contribution/runtime/model/ToolingProjectsCache$ToolingProjectCacheData
instanceKlass org/mule/contribution/runtime/model/ToolingProjectsCache$ToolingProjectCacheKey
instanceKlass org/mule/contribution/internal/lsp/DocumentManager$$FastClassByGuice$$53313824
instanceKlass org/eclipse/lsp4j/TextDocumentIdentifier
instanceKlass org/mule/contribution/datasense/utils/ProjectFileUtils$$FastClassByGuice$$52026861
instanceKlass org/mule/contribution/internal/lsp/DocumentManager
instanceKlass org/mule/contribution/datasense/utils/ProjectFileUtils
instanceKlass org/mule/contribution/runtime/model/ToolingProjectsCache
instanceKlass org/mule/contribution/datasense/cache/DefaultDataweaveExpressionBuilderCache$$FastClassByGuice$$50853427
instanceKlass org/mule/contribution/datasense/cache/DefaultMetadataPropagationCache$$FastClassByGuice$$50006750
instanceKlass org/mule/contribution/datasense/cache/ProjectPropagation
instanceKlass org/mule/contribution/zip/DefaultZipService$$FastClassByGuice$$48246669
instanceKlass org/mule/contribution/zip/UnzipResponse
instanceKlass org/mule/contribution/zip/UnzipRequest
instanceKlass org/mule/contribution/zip/DecompressProjectStrategy
instanceKlass org/mule/contribution/zip/PomFileStrategy$$FastClassByGuice$$47357060
instanceKlass org/apache/maven/model/ModelBase
instanceKlass org/apache/maven/model/InputLocationTracker
instanceKlass org/mule/contribution/expression/DefaultExpressionBuilderResolver$$FastClassByGuice$$46542395
instanceKlass org/mule/contribution/datasense/view/DataSenseItem
instanceKlass org/mule/contribution/expression/ExpressionBuilderResponse
instanceKlass org/mule/contribution/datasense/resolvers/DefaultDataSenseResolver$$FastClassByGuice$$45138357
instanceKlass org/mule/contribution/datasense/results/DataSenseViewResponse
instanceKlass org/mule/contribution/datasense/results/DataSenseResponse
instanceKlass org/mule/contribution/datasense/request/DataSenseRequest
instanceKlass org/mule/contribution/internal/DefaultResourceManager$$FastClassByGuice$$44722612
instanceKlass org/mule/contribution/service/DefaultMuleClientProvider$$FastClassByGuice$$43023754
instanceKlass org/mule/contribution/api/project/DefaultIntegrationProjectService$$FastClassByGuice$$42604444
instanceKlass org/mule/contribution/internal/exchange/ExchangeService$$FastClassByGuice$$41236958
instanceKlass org/mule/dx/platform/api/anypoint/exchange/MultipartRequest
instanceKlass org/mule/contribution/api/project/models/GetExchangeMetadataRequest
instanceKlass org/mule/contribution/api/project/models/PublishProjectRequest
instanceKlass org/mule/contribution/api/project/models/IntegrationProjectResponse
instanceKlass org/mule/dx/platform/api/task/ProgressMonitor
instanceKlass org/mule/contribution/api/project/models/IntegrationProjectRequest
instanceKlass org/mule/contribution/api/project/models/PublishProjectMetadataRequest
instanceKlass org/mule/contribution/internal/exchange/ExchangeService
instanceKlass org/mule/dx/platform/api/Context
instanceKlass org/mule/contribution/api/deploy/DefaultDeployToCloudHubService$$FastClassByGuice$$40883021
instanceKlass org/mule/contribution/api/deploy/cloudhub/DeployToCloudHubResult
instanceKlass org/mule/dx/platform/api/model/cloudhub2/CH2RuntimeVersionBuild
instanceKlass org/mule/dx/platform/api/model/cloudhub2/CH2RuntimeVersion
instanceKlass org/mule/contribution/api/deploy/cloudhub/FetchJsonSchemaValidationsRequest
instanceKlass org/mule/contribution/api/deploy/cloudhub/RetrieveEnvironmentsRequest
instanceKlass org/mule/contribution/api/deploy/cloudhub2/RetrieveDeploymentTargetsRequest
instanceKlass org/mule/dx/platform/api/model/cloudhub2/DeployRequest
instanceKlass org/mule/contribution/api/deploy/cloudhub2/FetchCH2RuntimeVersionsRequest
instanceKlass org/mule/contribution/api/deploy/cloudhub2/DeployToCloudHub2Result
instanceKlass org/mule/contribution/api/deploy/cloudhub/DeployJsonConfigurationRequest
instanceKlass org/mule/dx/platform/api/model/cloudhub2/DeployStatus
instanceKlass org/mule/contribution/api/deploy/cloudhub2/FetchCH2DeployedApplicationRequest
instanceKlass org/mule/contribution/api/deploy/cloudhub2/DeployNotification
instanceKlass org/mule/contribution/internal/exchange/ExchangeResponse
instanceKlass org/mule/maven/pom/parser/api/model/MavenPomModel
instanceKlass org/mule/contribution/api/deploy/cloudhub/DeployToCloudHubRequest
instanceKlass org/mule/contribution/api/deploy/cloudhub2/DeployToCloudHub2Request
instanceKlass com/google/inject/internal/InjectorImpl$SyntheticProviderBindingImpl$1
instanceKlass sun/reflect/annotation/AnnotationInvocationHandler$1
instanceKlass org/mule/contribution/api/deploy/cloudhub/DeployParametersInterface
instanceKlass org/mule/contribution/service/DefaultMuleService$$FastClassByGuice$$39657513
instanceKlass org/mule/contribution/internal/DefaultArgumentsValidator$$FastClassByGuice$$38600764
instanceKlass org/mule/contribution/internal/LocalPackagingStrategy$$FastClassByGuice$$36750358
instanceKlass org/mule/contribution/service/MuleClient
instanceKlass org/mule/contribution/service/OutputChannelOptions
instanceKlass org/mule/contribution/dap/deployment/DefaultDeploymentManager$$FastClassByGuice$$36083911
instanceKlass org/mule/contribution/dap/deployment/DeploymentContext
instanceKlass org/mule/contribution/internal/LocalDeploymentStrategy$$FastClassByGuice$$35591056
instanceKlass org/mule/contribution/runtime/DeploymentRequest
instanceKlass org/mule/contribution/internal/runtime/DefaultMuleRuntimeManager$$FastClassByGuice$$33677221
instanceKlass org/mule/contribution/runtime/RuntimeStoreManager$$FastClassByGuice$$32939023
instanceKlass org/mule/contribution/internal/runtime/ServerDefinitionFactory$$FastClassByGuice$$31947144
instanceKlass org/mule/contribution/api/runtime/ServerDefinition
instanceKlass org/mule/contribution/runtime/RuntimeStoreManager
instanceKlass org/mule/contribution/internal/runtime/ServerDefinitionFactory
instanceKlass org/mule/contribution/internal/LocalRuntimeManager$$FastClassByGuice$$30566280
instanceKlass java/lang/ProcessHandle
instanceKlass org/eclipse/lsp4j/debug/RunInTerminalResponse
instanceKlass java/lang/Process
instanceKlass org/mule/contribution/internal/MulePathHelper
instanceKlass org/eclipse/lsp4j/debug/InitializeRequestArguments
instanceKlass org/mule/contribution/runtime/StartMuleRuntimeRequest
instanceKlass org/mule/contribution/runtime/MuleRuntimeRequest
instanceKlass org/mule/contribution/dap/DebugProtocolClient
instanceKlass org/eclipse/lsp4j/debug/services/IDebugProtocolClient
instanceKlass org/mule/contribution/util/ScriptUtils$$FastClassByGuice$$30166044
instanceKlass org/mule/contribution/util/ScriptUtils
instanceKlass org/mule/dx/contributions/jsonrpc/ApikitServiceImpl$$FastClassByGuice$$28685089
instanceKlass org/mule/dx/contributions/jsonrpc/APIKitClient
instanceKlass org/mule/dx/contributions/scaffolding/ScaffoldingServiceImpl$$FastClassByGuice$$27441362
instanceKlass org/mule/dx/contributions/scaffolding/model/ScaffoldResponse
instanceKlass org/mule/apikit/loader/ResourceLoader
instanceKlass org/mule/dx/contributions/scaffolding/model/ScaffoldRequest
instanceKlass org/mule/apikit/scaffolding/internal/mapper/AmfApiGraphMapper
instanceKlass org/mule/apikit/model/api/ApiReference
instanceKlass org/mule/dx/contributions/scaffolding/handler/ProjectHandler
instanceKlass org/mule/dx/platform/api/maven/MavenDependencyModel
instanceKlass org/mule/apikit/scaffolding/api/Scaffolder
instanceKlass org/mule/apikit/scaffolding/api/ScaffoldingConfig
instanceKlass org/mule/apikit/scaffolding/internal/mapper/ApiGraphMapper
instanceKlass org/mule/apikit/scaffolding/internal/template/TemplateEngine
instanceKlass org/mule/dx/platform/auth/DefaultAuthenticationManager$$FastClassByGuice$$26285850
instanceKlass org/mule/dx/platform/auth/DefaultPlatformAuthenticator$$FastClassByGuice$$25410533
instanceKlass jakarta/ws/rs/core/Form
instanceKlass org/mule/dx/platform/auth/User
instanceKlass org/mule/dx/platform/auth/Authentication
instanceKlass jakarta/ws/rs/core/Response
instanceKlass jakarta/ws/rs/client/Invocation$Builder
instanceKlass jakarta/ws/rs/client/SyncInvoker
instanceKlass jakarta/ws/rs/client/Client
instanceKlass jakarta/ws/rs/core/Configurable
instanceKlass org/mule/dx/platform/auth/OAuthAuthenticationManager$$FastClassByGuice$$24179018
instanceKlass javax/annotation/Nullable
instanceKlass org/mule/dx/platform/auth/DefaultAuthResult
instanceKlass org/mule/dx/platform/auth/AuthResult
instanceKlass org/mule/dx/platform/auth/ActiveUserSupplier$$FastClassByGuice$$24011054
instanceKlass org/mule/dx/platform/api/anypoint/authentication/AuthUser
instanceKlass org/mule/dx/platform/internal/serializers/LogLevelDeserializer$$FastClassByGuice$$22416527
instanceKlass org/mule/dx/platform/internal/serializers/WorkspaceChangeSerializer$$FastClassByGuice$$21757407
instanceKlass org/mule/dx/platform/internal/serializers/DependencyModelSerializer$$FastClassByGuice$$20596129
instanceKlass com/google/gson/JsonDeserializationContext
instanceKlass com/google/gson/JsonElement
instanceKlass com/google/gson/JsonSerializationContext
instanceKlass org/mule/weave/extension/plugin/lsp/WorkspaceExtensionsManager$$FastClassByGuice$$19565429
instanceKlass org/mule/weave/extension/api/extension/command/WeaveCommandProviderWorkspaceExtension
instanceKlass org/mule/weave/extension/api/extension/WeaveWorkspaceExtension
instanceKlass org/mule/weave/extension/plugin/project/ProjectExtensionsManager$$FastClassByGuice$$17999504
instanceKlass com/google/common/base/Strings
instanceKlass com/google/inject/internal/SourceFormatter
instanceKlass com/google/inject/internal/Messages$Converter
instanceKlass com/google/inject/internal/Messages
instanceKlass java/util/Collections$UnmodifiableMap$UnmodifiableEntrySet$UnmodifiableEntry
instanceKlass java/util/Collections$UnmodifiableMap$UnmodifiableEntrySet$1
instanceKlass com/google/common/primitives/Primitives
instanceKlass com/google/inject/internal/MissingImplementationErrorHints
instanceKlass com/google/inject/internal/SingleFieldInjector
instanceKlass org/mule/weave/extension/api/extension/annotations/WeaveAnnotationProcessorExtension
instanceKlass org/mule/dx/platform/api/project/Project
instanceKlass org/mule/contribution/internal/lsp/model/meta/AttributeOptionsProvider$$FastClassByGuice$$17700148
instanceKlass org/mule/contribution/internal/lsp/model/meta/XMLGenerator$$FastClassByGuice$$16289986
instanceKlass org/mule/metadata/api/annotation/EnumAnnotation
instanceKlass org/mule/metadata/api/annotation/TypeAnnotation
instanceKlass org/mule/metadata/api/model/ObjectType
instanceKlass org/mule/metadata/api/model/MetadataType
instanceKlass org/mule/contribution/internal/lsp/extensions/participant/DSLSyntaxCache
instanceKlass org/mule/tooling/client/api/extension/model/parameter/ParameterGroupModel
instanceKlass org/mule/tooling/client/api/types/UnknownType
instanceKlass org/mule/tooling/client/api/artifact/dsl/DslElementSyntax
instanceKlass org/mule/tooling/client/api/extension/model/parameter/ParameterModel
instanceKlass org/mule/tooling/client/api/extension/model/semantic/HasSemanticTerms
instanceKlass org/mule/contribution/internal/lsp/CompletionItemPrototypeTransformer$$FastClassByGuice$$15353432
instanceKlass org/eclipse/lsp4j/CompletionItem
instanceKlass org/mule/contribution/api/ExtensionModelRegistryEntry
instanceKlass org/mule/contribution/internal/lsp/model/meta/CompletionItemPrototype
instanceKlass org/mule/contribution/api/lsp/CompletionRequest
instanceKlass org/mule/contribution/api/lsp/PositionRequest
instanceKlass org/mule/contribution/internal/lsp/XMLFormatter$$FastClassByGuice$$14231251
instanceKlass java/util/Scanner
instanceKlass com/google/inject/internal/DefaultConstructionProxyFactory$FastClassProxy
instanceKlass org/mule/contribution/internal/lsp/ui/form/options/ValueProviderCache$$FastClassByGuice$$13164124
instanceKlass com/google/inject/internal/DefaultConstructionProxyFactory
instanceKlass com/google/inject/internal/ConstructorInjector
instanceKlass com/google/inject/internal/ConstructionProxy
instanceKlass com/google/inject/internal/ProxyFactory
instanceKlass com/google/common/collect/TransformedIterator
instanceKlass com/google/inject/spi/InterceptorBinding
instanceKlass com/google/inject/internal/MethodAspect
instanceKlass com/google/inject/internal/MembersInjectorImpl
instanceKlass com/google/inject/internal/EncounterImpl
instanceKlass org/mule/contribution/internal/lsp/ui/form/options/ValueProviderKey
instanceKlass com/google/inject/internal/InjectorImpl$1
instanceKlass org/mule/dx/platform/api/utils/eventbus/IEvent
instanceKlass org/mule/dx/platform/auth/TokenValidator
instanceKlass org/mule/dx/platform/api/component/WorkspaceChange
instanceKlass org/mule/dx/platform/api/dependency/DependencyModel
instanceKlass org/mule/metadata/api/visitor/MetadataTypeVisitor
instanceKlass org/mule/contribution/internal/lsp/XMLFormatter
instanceKlass com/google/inject/internal/ConstructorBindingImpl$Factory
instanceKlass com/google/common/collect/Iterables
instanceKlass com/google/inject/ProvidedBy
instanceKlass com/google/inject/ImplementedBy
instanceKlass javax/annotation/meta/TypeQualifier
instanceKlass javax/annotation/Nonnull
instanceKlass javax/annotation/meta/TypeQualifierDefault
instanceKlass com/google/common/base/ElementTypesAreNonnullByDefault
instanceKlass com/google/errorprone/annotations/DoNotMock
instanceKlass com/google/common/cache/LocalCache$AbstractReferenceEntry
instanceKlass com/google/inject/internal/ProvisionListenerCallbackStore$KeyBinding
instanceKlass com/google/inject/internal/InternalFactoryToProviderAdapter
instanceKlass com/google/inject/internal/CycleDetectingLock$CycleDetectingLockFactory$ReentrantCycleDetectingLock
instanceKlass com/google/inject/internal/SingletonScope$1
instanceKlass com/google/inject/internal/ProviderToInternalFactoryAdapter
instanceKlass com/google/inject/spi/ProvidesMethodTargetVisitor
instanceKlass com/google/inject/internal/BindingProcessor$2
instanceKlass com/google/inject/multibindings/MultibindingsTargetVisitor
instanceKlass com/google/inject/internal/FactoryProxy
instanceKlass com/google/inject/internal/util/Classes
instanceKlass com/google/inject/spi/ExposedBinding
instanceKlass com/google/inject/internal/CreationListener
instanceKlass com/google/inject/internal/InjectorShell$LoggerFactory
instanceKlass com/google/inject/internal/InjectorShell$InjectorFactory
instanceKlass com/google/inject/internal/Initializables$1
instanceKlass com/google/inject/internal/Initializables
instanceKlass com/google/inject/internal/ConstantFactory
instanceKlass com/google/inject/internal/InjectorShell
instanceKlass com/google/inject/internal/ProvisionListenerCallbackStore
instanceKlass com/google/inject/internal/SingleMemberInjector
instanceKlass com/google/inject/spi/TypeEncounter
instanceKlass com/google/inject/internal/MembersInjectorStore
instanceKlass com/google/inject/internal/TypeConverterBindingProcessor$4
instanceKlass com/google/inject/internal/TypeConverterBindingProcessor$2
instanceKlass com/google/inject/internal/TypeConverterBindingProcessor$1
instanceKlass com/google/inject/spi/TypeConverterBinding
instanceKlass com/google/inject/matcher/AbstractMatcher
instanceKlass com/google/inject/matcher/Matchers
instanceKlass com/google/inject/internal/TypeConverterBindingProcessor$5
instanceKlass com/google/inject/internal/ConstructionProxyFactory
instanceKlass com/google/inject/internal/FailableCache
instanceKlass com/google/inject/internal/ConstructorInjectorStore
instanceKlass com/google/inject/internal/DeferredLookups
instanceKlass com/google/inject/spi/ProviderBinding
instanceKlass com/google/inject/spi/ConvertedConstantBinding
instanceKlass com/google/inject/internal/InjectorImpl$InjectorOptions
instanceKlass scala/reflect/ScalaSignature
instanceKlass scala/reflect/ScalaSignature
instanceKlass org/eclipse/lsp4j/jsonrpc/services/JsonSegment
instanceKlass com/google/inject/internal/GuiceInternal
instanceKlass com/google/inject/internal/util/StackTraceElements$InMemoryStackTraceElement
instanceKlass com/google/inject/internal/util/StackTraceElements
instanceKlass org/mule/dx/platform/internal/PlatformCoreModule$$FastClassByGuice$$12040922
instanceKlass org/mule/dx/platform/shutdown/hook/PlatformServerShutdownHook
instanceKlass org/mule/dx/platform/shutdown/hook/ShutdownHook
instanceKlass org/mule/dx/platform/internal/serializers/MavenDependencyDeserializer
instanceKlass org/mule/dx/platform/internal/serializers/DependencyDeserializer
instanceKlass org/mule/dx/platform/internal/utils/PlatformServerNotifier
instanceKlass org/mule/dx/platform/internal/events/ModelResolutionStartedEventHandler
instanceKlass org/mule/dx/platform/internal/events/ModelChangedEventHandler
instanceKlass org/mule/dx/platform/internal/maven/AnypointMavenRepositoryManager
instanceKlass org/mule/dx/platform/api/dependency/DependencyModelManager
instanceKlass org/mule/dx/platform/api/event/ProjectDescriptorChangedEventHandler
instanceKlass org/mule/dx/platform/api/component/ComponentLifecycle
instanceKlass com/google/inject/multibindings/MapBinder
instanceKlass org/mule/dx/platform/internal/DefaultHttpClientService
instanceKlass org/mule/dx/platform/api/HttpClientService
instanceKlass org/mule/dx/platform/proxy/DefaultProxySettingsService
instanceKlass org/mule/dx/platform/proxy/ProxySettingsService
instanceKlass org/mule/dx/platform/proxy/DefaultProxyService
instanceKlass org/mule/dx/platform/api/proxy/ProxyService
instanceKlass org/mule/dx/platform/region/DefaultRegionService
instanceKlass org/mule/dx/platform/region/RegionService
instanceKlass org/mule/dx/platform/internal/maven/ACBMavenManager
instanceKlass org/mule/dx/platform/api/maven/MavenManager
instanceKlass org/mule/dx/platform/internal/jdk/ACBJDKManager
instanceKlass org/mule/dx/platform/api/JDKManager
instanceKlass org/mule/dx/platform/shutdown/DefaultPlatformShutdownHookManager
instanceKlass org/mule/dx/platform/shutdown/PlatformShutdownHookManager
instanceKlass org/mule/dx/platform/internal/DefaultPlatformServer
instanceKlass org/mule/dx/platform/api/event/WorkspaceEventHandler
instanceKlass org/mule/dx/platform/api/PlatformServer
instanceKlass org/mule/dx/platform/metrics/DefaultMetricsManager
instanceKlass org/mule/dx/platform/api/metrics/MetricsManager
instanceKlass org/mule/dx/platform/api/DefaultPlatformClientProvider
instanceKlass org/mule/dx/platform/api/PlatformClientProvider
instanceKlass org/mule/dx/platform/internal/maven/DefaultSettingsManager
instanceKlass org/mule/dx/platform/api/maven/SettingsManager
instanceKlass org/mule/dx/platform/internal/api/embedded/lsp/DefaultEmbeddedLanguageServerMediator
instanceKlass org/mule/maven/pom/parser/internal/MuleMavenPomParserProvider
instanceKlass org/mule/maven/pom/parser/api/MavenPomParserProvider
instanceKlass org/mule/dx/platform/internal/maven/DefaultPomFileHandlerFactory
instanceKlass org/mule/dx/platform/api/maven/PomFileHandlerFactory
instanceKlass org/mule/dx/platform/internal/xml/DefaultXmlEditingHelper
instanceKlass org/mule/dx/platform/api/xml/XmlEditingHelper
instanceKlass org/mule/dx/platform/anypoint/exchange/DefaultExchangeService
instanceKlass org/mule/dx/platform/anypoint/exchange/ExchangeService
instanceKlass org/mule/dx/platform/internal/maven/MavenRunner
instanceKlass org/mule/dx/platform/api/maven/Maven
instanceKlass org/mule/dx/platform/anypoint/exchange/DefaultExchangeClient
instanceKlass org/mule/dx/platform/api/anypoint/exchange/ExchangeClient
instanceKlass org/mule/dx/platform/internal/cloudhub/DefaultCloudHubManager
instanceKlass org/mule/dx/platform/api/anypoint/cloudhub/CloudHubManager
instanceKlass org/mule/dx/platform/auth/TransitionalAuthenticationManager
instanceKlass org/mule/dx/platform/auth/UserTokenValidationManager
instanceKlass org/mule/dx/platform/api/anypoint/authentication/AuthenticationManager
instanceKlass org/mule/dx/platform/auth/ActiveUserSupplier
instanceKlass org/mule/dx/platform/internal/PlatformUrlProviderServiceImpl
instanceKlass org/mule/dx/platform/api/PlatformUrlProviderService
instanceKlass org/mule/dx/platform/urls/DefaultAnypointUrlProvider
instanceKlass org/mule/dx/platform/api/anypoint/AnypointUrlProvider
instanceKlass org/mule/dx/platform/internal/AuthenticationServiceImpl
instanceKlass org/mule/dx/platform/api/AuthenticationService
instanceKlass org/mule/dx/platform/auth/DefaultPlatformAuthenticator
instanceKlass org/mule/dx/platform/api/anypoint/authentication/AccessManagementService
instanceKlass org/mule/dx/platform/anypoint/exchange/model/DefaultAssetDetailsSearchBuilder
instanceKlass org/mule/dx/platform/api/anypoint/exchange/model/AssetDetailsSearchBuilder
instanceKlass org/mule/dx/platform/anypoint/exchange/model/DefaultAssetSearchBuilder
instanceKlass org/mule/dx/platform/api/anypoint/exchange/model/AssetSearchBuilder
instanceKlass org/mule/dx/platform/graphql/DefaultGraphQlClient
instanceKlass org/mule/dx/platform/api/graphql/GraphQlClient
instanceKlass org/mule/dx/platform/preferences/DefaultPreferenceService
instanceKlass org/mule/dx/platform/api/preferences/PreferenceService
instanceKlass org/mule/dx/platform/api/utils/eventbus/EventBus
instanceKlass org/mule/dx/platform/api/Core
instanceKlass org/mule/dx/platform/internal/DefaultComponentFactoryManager
instanceKlass org/mule/dx/platform/internal/ComponentFactoryManager
instanceKlass org/mule/dx/platform/internal/api/impl/DefaultProjectDescriptorMutatorFactory
instanceKlass org/mule/dx/platform/internal/api/impl/ProjectDescriptorMutatorFactory
instanceKlass org/mule/dx/platform/internal/api/impl/DefaultProjectDescriptorBuilder
instanceKlass org/mule/dx/platform/api/project/ProjectDescriptorBuilder
instanceKlass org/mule/dx/platform/internal/api/impl/DefaultProjectBuilder
instanceKlass org/mule/dx/platform/api/project/ProjectBuilder
instanceKlass org/mule/dx/platform/internal/api/task/DefaultJobsManager
instanceKlass org/mule/dx/platform/internal/api/task/InternalJobsManager
instanceKlass org/mule/dx/platform/api/task/JobsManager
instanceKlass org/mule/dx/platform/internal/DefaultLogService
instanceKlass org/mule/dx/platform/api/LogService
instanceKlass org/mule/dx/platform/internal/DefaultProtocolService
instanceKlass org/mule/dx/platform/api/ProtocolService
instanceKlass org/mule/dx/platform/internal/WorkspaceManagerImpl
instanceKlass org/mule/dx/platform/api/WorkspaceManager
instanceKlass org/mule/dx/platform/internal/WorkspaceServiceImpl
instanceKlass org/mule/dx/platform/api/WorkspaceService
instanceKlass org/mule/dx/platform/internal/ProjectServiceImpl
instanceKlass org/mule/dx/platform/api/ProjectService
instanceKlass org/mule/dx/platform/internal/api/window/DefaultWindowService
instanceKlass org/mule/dx/platform/api/WindowService
instanceKlass org/mule/dx/platform/internal/JSONPlatformSerializer
instanceKlass org/mule/dx/platform/api/PlatformSerializer
instanceKlass org/mule/dx/platform/internal/serializers/LogLevelDeserializer
instanceKlass org/mule/dx/platform/internal/serializers/WorkspaceChangeSerializer
instanceKlass org/mule/dx/platform/internal/serializers/DependencyModelSerializer
instanceKlass com/google/gson/JsonSerializer
instanceKlass com/google/gson/JsonDeserializer
instanceKlass org/mule/dx/platform/internal/JDKModule$$FastClassByGuice$$11203106
instanceKlass java/lang/reflect/AnnotatedParameterizedType
instanceKlass org/mule/maven/client/api/model/MavenConfiguration
instanceKlass org/mule/dx/platform/internal/MavenModule$$FastClassByGuice$$9965394
instanceKlass com/google/inject/internal/RealOptionalBinder$Actual
instanceKlass org/mule/maven/client/api/model/MavenConfiguration$MavenConfigurationBuilder
instanceKlass org/mule/dx/platform/api/maven/MavenDependencyModelManagerFactory
instanceKlass org/mule/dx/platform/api/dependency/DependencyModelManagerFactory
instanceKlass org/mule/dx/contributions/munit/MuleDxMUnitModule$$FastClassByGuice$$8625718
instanceKlass org/mule/dx/contributions/munit/internal/service/DefaultMUnitProcessService
instanceKlass org/mule/dx/contributions/munit/internal/service/MUnitProcessService
instanceKlass jdk/internal/math/FDBigInteger
instanceKlass org/apache/commons/lang3/math/NumberUtils
instanceKlass java/lang/Character$Subset
instanceKlass org/apache/commons/lang3/StringUtils
instanceKlass org/apache/commons/lang3/function/Suppliers
instanceKlass org/apache/commons/lang3/SystemProperties
instanceKlass org/apache/commons/lang3/SystemUtils
instanceKlass org/mule/dx/contributions/munit/internal/service/DefaultMUnitConfigurator
instanceKlass org/mule/dx/contributions/munit/api/service/MUnitConfigurator
instanceKlass org/mule/dx/contributions/munit/internal/service/DefaultMUnitEnvironment
instanceKlass org/mule/dx/contributions/munit/api/service/MUnitEnvironment
instanceKlass org/mule/dx/contributions/munit/internal/service/DefaultMUnitJavaProvider
instanceKlass org/mule/dx/contributions/munit/internal/service/MUnitJavaProvider
instanceKlass org/mule/dx/contributions/munit/internal/maven/DefaultMUnitPomFileHandler
instanceKlass org/mule/dx/contributions/munit/internal/maven/MUnitPomFileHandler
instanceKlass org/mule/dx/contributions/munit/internal/jsonrpc/DefaultMuleDxMUnitService
instanceKlass org/mule/dx/contributions/munit/api/jsonrpc/MuleDxMUnitService
instanceKlass org/mule/dx/contributions/munit/internal/service/DefaultMUnitClientProvider
instanceKlass org/mule/dx/contributions/munit/internal/service/MUnitClientProviderInitializer
instanceKlass org/mule/dx/contributions/munit/internal/service/MUnitClientProvider
instanceKlass org/mule/dx/contributions/munit/internal/service/DefaultMUnitDebuggingStrategy
instanceKlass org/mule/dx/contributions/munit/api/service/MUnitDebuggingStrategy
instanceKlass org/mule/dx/contributions/munit/dap/DebuggingSessionAware
instanceKlass org/mule/dx/contributions/munit/internal/service/DefaultMUnitXMLParser
instanceKlass org/mule/dx/contributions/munit/api/service/MUnitXMLParser
instanceKlass org/mule/dx/contributions/munit/internal/maven/DefaultMavenClient
instanceKlass org/mule/dx/contributions/munit/api/maven/MavenClient
instanceKlass java/util/stream/IntStream
instanceKlass jdk/internal/vm/annotation/Stable
instanceKlass sun/security/provider/AbstractDrbg$NonceProvider
instanceKlass sun/nio/fs/BasicFileAttributesHolder
instanceKlass sun/nio/fs/WindowsDirectoryStream$WindowsDirectoryIterator
instanceKlass java/nio/file/Files$AcceptAllFilter
instanceKlass java/nio/file/DirectoryStream$Filter
instanceKlass java/net/NetworkInterface$1
instanceKlass java/net/DefaultInterface
instanceKlass java/net/InterfaceAddress
instanceKlass java/net/NetworkInterface
instanceKlass java/lang/constant/DynamicConstantDesc
instanceKlass java/lang/constant/DirectMethodHandleDesc$1
instanceKlass java/lang/constant/DirectMethodHandleDescImpl$1
instanceKlass java/lang/constant/DirectMethodHandleDescImpl
instanceKlass java/lang/constant/DirectMethodHandleDesc
instanceKlass java/lang/constant/MethodHandleDesc$1
instanceKlass java/lang/constant/MethodHandleDesc
instanceKlass java/lang/constant/MethodTypeDescImpl
instanceKlass java/lang/constant/MethodTypeDesc
instanceKlass java/lang/constant/ReferenceClassDescImpl
instanceKlass java/lang/constant/ConstantUtils
instanceKlass java/lang/constant/ClassDesc
instanceKlass java/lang/constant/ConstantDescs
instanceKlass java/lang/invoke/VarHandle$2
instanceKlass java/lang/invoke/VarHandle$TypesAndInvokers
instanceKlass java/lang/invoke/VarHandleByteArrayBase
instanceKlass sun/security/provider/ByteArrayAccess$BE
instanceKlass sun/security/provider/ByteArrayAccess
instanceKlass sun/security/provider/SeedGenerator$1
instanceKlass sun/security/util/MessageDigestSpi2
instanceKlass sun/security/jca/GetInstance$Instance
instanceKlass sun/security/jca/GetInstance
instanceKlass java/security/MessageDigestSpi
instanceKlass sun/security/provider/SeedGenerator
instanceKlass sun/security/provider/AbstractDrbg$SeederHolder
instanceKlass java/security/DrbgParameters$NextBytes
instanceKlass sun/security/provider/EntropySource
instanceKlass sun/security/provider/AbstractDrbg
instanceKlass java/security/DrbgParameters$Instantiation
instanceKlass java/security/DrbgParameters
instanceKlass sun/security/provider/MoreDrbgParameters
instanceKlass java/security/SecureRandomSpi
instanceKlass jdk/internal/event/Event
instanceKlass sun/security/util/SecurityProviderConstants
instanceKlass java/security/Provider$UString
instanceKlass java/security/Provider$Service
instanceKlass sun/security/provider/NativePRNG$NonBlocking
instanceKlass sun/security/provider/NativePRNG$Blocking
instanceKlass sun/security/provider/NativePRNG
instanceKlass sun/security/provider/SunEntries$1
instanceKlass sun/security/provider/SunEntries
instanceKlass java/util/AbstractList$Itr
instanceKlass sun/security/jca/ProviderList$2
instanceKlass jdk/internal/math/FloatingDecimal$ASCIIToBinaryBuffer
instanceKlass jdk/internal/math/FloatingDecimal$PreparedASCIIToBinaryBuffer
instanceKlass jdk/internal/math/FloatingDecimal$ASCIIToBinaryConverter
instanceKlass jdk/internal/math/FloatingDecimal$BinaryToASCIIBuffer
instanceKlass jdk/internal/math/FloatingDecimal$ExceptionalBinaryToASCIIBuffer
instanceKlass jdk/internal/math/FloatingDecimal$BinaryToASCIIConverter
instanceKlass jdk/internal/math/FloatingDecimal
instanceKlass javax/security/auth/login/Configuration$Parameters
instanceKlass java/security/Policy$Parameters
instanceKlass java/security/cert/CertStoreParameters
instanceKlass java/security/SecureRandomParameters
instanceKlass java/security/Provider$EngineDescription
instanceKlass java/security/Provider$ServiceKey
instanceKlass sun/security/jca/ProviderConfig
instanceKlass sun/security/jca/ProviderList
instanceKlass sun/security/jca/Providers
instanceKlass java/util/UUID$Holder
instanceKlass com/mule/api/contribution/APIModule$$FastClassByGuice$$7494469
instanceKlass com/mule/api/contribution/api/project/maven/DefaultAPIMavenRunner
instanceKlass com/mule/api/contribution/api/project/maven/APIMavenRunner
instanceKlass com/mule/api/contribution/api/vcs/proxy/DefaultProxyManager
instanceKlass com/mule/api/contribution/api/vcs/proxy/ProxyManager
instanceKlass com/mule/api/contribution/jsonrpc/dependency/DefaultDependencyManagerService
instanceKlass com/mule/api/contribution/jsonrpc/dependency/DependencyManagerService
instanceKlass com/mule/api/contribution/api/project/dependency/DefaultAPIMavenClient
instanceKlass com/mule/api/contribution/api/project/dependency/APIMavenClient
instanceKlass com/mule/api/contribution/api/project/dependency/DefaultAPIDependencyResolver
instanceKlass com/mule/api/contribution/api/project/dependency/APIDependencyResolver
instanceKlass com/mule/api/contribution/jsonrpc/catalog/DefaultAPICatalogService
instanceKlass com/mule/api/contribution/jsonrpc/catalog/APICatalogService
instanceKlass com/mule/api/contribution/jsonrpc/project/implementation/DefaultImplementationService
instanceKlass com/mule/api/contribution/jsonrpc/project/implementation/ImplementationService
instanceKlass com/mule/api/contribution/jsonrpc/mockingservice/client/DefaultMockingServiceClient
instanceKlass com/mule/api/contribution/jsonrpc/mockingservice/client/MockingServiceClient
instanceKlass com/mule/api/contribution/api/mockingservice/service/DefaultMockingService
instanceKlass com/mule/api/contribution/api/mockingservice/service/MockingService
instanceKlass com/mule/api/contribution/jsonrpc/console/service/DefaultAPIConsoleService
instanceKlass com/mule/api/contribution/jsonrpc/console/service/APIConsoleService
instanceKlass com/mule/api/contribution/api/console/service/DefaultAPIModelsManager
instanceKlass com/mule/api/contribution/api/console/service/APIModelsManager
instanceKlass com/mule/api/contribution/api/editor/ALSNotificationsClient
instanceKlass org/mulesoft/anypoint/server/platform/client/AnypointLanguageClient
instanceKlass org/mulesoft/als/server/protocol/client/AlsLanguageClient
instanceKlass com/mule/api/contribution/jsonrpc/DefaultAPIService
instanceKlass com/mule/api/contribution/jsonrpc/APIService
instanceKlass com/mule/api/contribution/api/vcs/service/DefaultAPIVCSService
instanceKlass com/mule/api/contribution/api/vcs/service/APIVCSService
instanceKlass com/mule/api/contribution/api/vcs/client/DefaultVCSClient
instanceKlass com/mule/api/contribution/api/vcs/client/VCSClient
instanceKlass com/mule/api/contribution/api/vcs/service/DefaultGitConfigurationService
instanceKlass com/mule/api/contribution/api/vcs/service/GitConfigurationService
instanceKlass com/mule/api/contribution/jsonrpc/project/agenttopiccenter/DefaultAgentTopicCenterService
instanceKlass com/mule/api/contribution/jsonrpc/project/agenttopiccenter/AgentTopicCenterService
instanceKlass com/mule/api/contribution/api/governance/service/DefaultGovernanceService
instanceKlass com/mule/api/contribution/api/governance/service/GovernanceService
instanceKlass com/mule/api/contribution/api/governance/acv/DefaultACVClient
instanceKlass com/mule/api/contribution/api/governance/acv/ACVClient
instanceKlass org/mulesoft/apb/project/client/platform/model/descriptor/Gav
instanceKlass com/mule/api/contribution/api/governance/model/APIRule
instanceKlass org/mulesoft/apb/project/client/scala/model/descriptor/DependencyScope
instanceKlass com/mule/api/contribution/api/governance/model/APIRuleset
instanceKlass org/mulesoft/apb/project/client/platform/model/DynamicObject
instanceKlass scala/Serializable
instanceKlass scala/Product
instanceKlass scala/Equals
instanceKlass org/aspectj/lang/ProceedingJoinPoint
instanceKlass com/mule/api/contribution/api/utils/MDCLoggingAspect
instanceKlass org/aspectj/runtime/reflect/SourceLocationImpl
instanceKlass org/aspectj/runtime/reflect/JoinPointImpl$StaticPartImpl
instanceKlass org/aspectj/runtime/reflect/SignatureImpl$Cache
instanceKlass org/aspectj/runtime/reflect/SignatureImpl
instanceKlass org/aspectj/lang/reflect/MethodSignature
instanceKlass org/aspectj/lang/reflect/AdviceSignature
instanceKlass org/aspectj/lang/reflect/LockSignature
instanceKlass org/aspectj/lang/reflect/InitializerSignature
instanceKlass org/aspectj/lang/reflect/FieldSignature
instanceKlass org/aspectj/lang/reflect/ConstructorSignature
instanceKlass org/aspectj/lang/reflect/CodeSignature
instanceKlass org/aspectj/lang/reflect/MemberSignature
instanceKlass org/aspectj/lang/reflect/CatchClauseSignature
instanceKlass org/aspectj/lang/reflect/UnlockSignature
instanceKlass org/aspectj/lang/JoinPoint$EnclosingStaticPart
instanceKlass org/aspectj/lang/JoinPoint$StaticPart
instanceKlass org/aspectj/lang/reflect/SourceLocation
instanceKlass org/aspectj/runtime/reflect/Factory
instanceKlass org/aspectj/lang/Signature
instanceKlass org/aspectj/lang/JoinPoint
instanceKlass com/mule/api/contribution/api/governance/ruleset/client/DefaultRulesetClient
instanceKlass com/mule/api/contribution/api/governance/ruleset/client/RulesetClient
instanceKlass org/mulesoft/ACVRulesetSplitter
instanceKlass com/mule/api/contribution/api/governance/ruleset/splitter/DefaultRulesetSplitter
instanceKlass com/mule/api/contribution/api/governance/service/DefaultGovernanceValidationManager
instanceKlass com/mule/api/contribution/api/governance/service/GovernanceValidationManager
instanceKlass com/mule/api/contribution/jsonrpc/project/properties/service/DefaultProjectPropertiesService
instanceKlass com/mule/api/contribution/jsonrpc/project/properties/service/ProjectPropertiesService
instanceKlass com/mule/api/contribution/jsonrpc/project/service/DefaultAPIProjectService
instanceKlass com/mule/api/contribution/jsonrpc/project/service/APIProjectService
instanceKlass com/mule/api/contribution/api/project/service/DefaultAPIProjectsManager
instanceKlass com/mule/api/contribution/api/project/service/APIProjectsManager
instanceKlass com/mule/api/contribution/api/project/service/WorkspaceContribution
instanceKlass jdk/internal/vm/annotation/IntrinsicCandidate
instanceKlass org/mule/weave/extension/plugin/DWLSPModule$$FastClassByGuice$$7267460
instanceKlass org/mule/weave/extension/plugin/sfdc/project/SFDXProjectInitializer
instanceKlass org/mule/weave/extension/plugin/bat/project/BatProjectInitializer
instanceKlass org/mule/weave/extension/plugin/maven/project/MavenProjectInitializer
instanceKlass org/mule/weave/extension/api/project/ProjectInitializer
instanceKlass org/mule/weave/extension/plugin/protocol/DefaultDataWeaveProtocolService
instanceKlass org/mule/weave/lsp/extension/protocol/DataWeaveProtocolService
instanceKlass org/mule/weave/extension/plugin/metadata/DefaultDWTypeTransformer
instanceKlass org/mule/weave/extension/api/metadata/DWTypeTransformer
instanceKlass org/mule/weave/extension/plugin/project/DefaultWeaveServiceManager
instanceKlass org/mule/weave/extension/plugin/project/WeaveServiceManager
instanceKlass org/mule/weave/extension/plugin/maven/resolver/DefaultMavenManager
instanceKlass org/mule/weave/extension/plugin/maven/resolver/MavenManager
instanceKlass org/mule/weave/extension/plugin/command/DefaultWeaveCreateInputSampleCommandFactory
instanceKlass org/mule/weave/extension/api/extension/command/WeaveCreateInputSampleCommandFactory
instanceKlass org/mule/weave/extension/plugin/command/DefaultWeaveRunPreviewCommandFactory
instanceKlass org/mule/weave/extension/api/extension/command/WeaveRunPreviewCommandFactory
instanceKlass org/mule/weave/extension/plugin/DefaultWeaveLanguageServerBuilder
instanceKlass org/mule/weave/extension/api/WeaveLanguageServerBuilder
instanceKlass org/mule/weave/extension/plugin/lsp/WorkspaceExtensionsManager
instanceKlass org/mule/weave/extension/plugin/project/ProjectExtensionsManager
instanceKlass org/mule/weave/extension/plugin/project/DefaultProjectKindFactory
instanceKlass org/mule/weave/lsp/project/ProjectKindFactory
instanceKlass org/mule/weave/extension/plugin/lsp/DefaultWorkspaceServiceManager
instanceKlass org/mule/weave/lsp/services/WorkspaceServiceListener
instanceKlass org/mule/weave/lsp/services/WorkspaceServiceManager
instanceKlass org/mule/weave/extension/plugin/lsp/jobs/DefaultJobManagerServiceProvider
instanceKlass org/mule/weave/extension/plugin/lsp/jobs/JobManagerServiceProvider
instanceKlass org/mule/contribution/internal/lsp/extensions/participant/XSDBasedValidator
instanceKlass org/mule/contribution/internal/lsp/extensions/participant/validation/DefaultXSDExtractor
instanceKlass org/mule/contribution/internal/lsp/extensions/participant/validation/XSDExtractor
instanceKlass org/mule/contribution/internal/lsp/extensions/participant/validation/XSDLSResourceResolver
instanceKlass org/w3c/dom/ls/LSResourceResolver
instanceKlass org/mule/contribution/runtime/client/ConnectorsModule$$FastClassByGuice$$5989230
instanceKlass com/google/inject/internal/RealOptionalBinder$BaseAnnotation
instanceKlass com/google/inject/internal/RealOptionalBinder$Default
instanceKlass com/google/inject/multibindings/OptionalBinderBinding
instanceKlass com/google/common/base/Optional
instanceKlass com/google/inject/internal/RealOptionalBinder$BindingSelection
instanceKlass com/google/inject/internal/RealOptionalBinder
instanceKlass com/google/inject/internal/ProvidesMethodScanner$1
instanceKlass org/mule/contribution/MuleLSPModule$$FastClassByGuice$$4723679
instanceKlass org/mule/contribution/internal/utils/EditorGeneratorUtils
instanceKlass org/mule/dx/platform/api/protocol/embedded/lsp/EmbeddedLanguageServerMediator
instanceKlass org/mule/contribution/internal/lsp/extensions/participant/codeaction/BaseCodeActionDelegate
instanceKlass org/mule/contribution/api/lsp/extensions/CodeActionParticipantDelegate
instanceKlass org/mule/contribution/internal/lsp/extensions/participant/AttributeValueLinkProvider
instanceKlass org/mule/contribution/api/lsp/extensions/DocumentLinksParticipant
instanceKlass org/mule/contribution/internal/lsp/extensions/participant/DefaultMuleSymbolsProviderParticipant
instanceKlass org/mule/contribution/api/lsp/extensions/SymbolsProviderParticipant
instanceKlass org/mule/contribution/internal/lsp/extensions/participant/MimeTypeValidationParticipant
instanceKlass org/mule/contribution/internal/lsp/extensions/participant/DefaultXmlValidationParticipant
instanceKlass org/mule/contribution/api/lsp/extensions/XmlValidationParticipant
instanceKlass org/mule/contribution/internal/lsp/embedded/EmbeddedReferencesParticipant
instanceKlass org/mule/contribution/api/lsp/extensions/ReferencesParticipant
instanceKlass org/mule/contribution/internal/lsp/embedded/EmbeddedDefinitionParticipant
instanceKlass org/mule/contribution/api/lsp/extensions/DefinitionParticipant
instanceKlass org/mule/contribution/internal/lsp/embedded/EmbeddedCodeActionParticipant
instanceKlass org/mule/contribution/internal/lsp/extensions/participant/MuleCoreCodeActionParticipant
instanceKlass org/mule/contribution/api/lsp/extensions/CodeActionParticipant
instanceKlass org/mule/contribution/internal/lsp/extensions/participant/DataSenseHoverParticipant
instanceKlass org/mule/contribution/internal/lsp/embedded/EmbeddedHoverParticipant
instanceKlass org/mule/contribution/internal/lsp/extensions/participant/PropertiesResolverHoverParticipant
instanceKlass org/mule/contribution/api/lsp/extensions/HoverParticipant
instanceKlass org/mule/contribution/internal/lsp/extensions/participant/OptionsCalculatorCompletionParticipant
instanceKlass org/mule/contribution/internal/lsp/extensions/participant/OnEmptyDocCompletionParticipant
instanceKlass org/mule/contribution/internal/lsp/extensions/participant/SystemPropertiesCompletionParticipant
instanceKlass org/mule/contribution/internal/lsp/embedded/EmbeddedCompletionParticipant
instanceKlass org/mule/contribution/internal/lsp/extensions/participant/MuleCompletionParticipant
instanceKlass org/mule/contribution/api/lsp/extensions/CompletionParticipant
instanceKlass org/mule/contribution/internal/lsp/embedded/EmbeddedCodeLensParticipant
instanceKlass org/mule/contribution/internal/lsp/extensions/participant/ToolingClientCodeLensParticipant
instanceKlass org/mule/contribution/api/lsp/extensions/CodeLensParticipant
instanceKlass org/mule/contribution/internal/lsp/DefaultCompletionItemHelper
instanceKlass org/mule/contribution/api/lsp/extensions/CompletionItemHelper
instanceKlass org/mule/contribution/MuleConfigurationValidator
instanceKlass org/mule/contribution/DOMDocumentValidator
instanceKlass org/mule/contribution/internal/lsp/extensions/participant/MuleRenameParticipant
instanceKlass org/mule/contribution/internal/lsp/embedded/EmbeddedRenameParticipant
instanceKlass org/mule/contribution/api/lsp/extensions/RenameParticipant
instanceKlass org/mule/contribution/internal/lsp/DefaultRenameManager
instanceKlass org/mule/contribution/api/lsp/RenameManager
instanceKlass org/mule/contribution/internal/lsp/DefaultHoverManager
instanceKlass org/mule/contribution/api/lsp/HoverManager
instanceKlass org/eclipse/lsp4j/Hover
instanceKlass org/eclipse/lsp4j/WorkspaceEdit
instanceKlass org/eclipse/lemminx/customservice/AutoCloseTagResponse
instanceKlass org/eclipse/lemminx/settings/XMLCompletionSettings
instanceKlass org/eclipse/lsp4j/CodeActionContext
instanceKlass org/eclipse/lsp4j/ReferenceContext
instanceKlass org/eclipse/lemminx/settings/XMLCodeLensSettings
instanceKlass org/eclipse/lemminx/settings/XMLFoldingSettings
instanceKlass org/eclipse/lsp4j/LinkedEditingRanges
instanceKlass org/eclipse/lemminx/settings/XMLSymbolSettings
instanceKlass org/eclipse/lsp4j/Position
instanceKlass java/util/concurrent/CompletableFuture
instanceKlass java/util/concurrent/CompletionStage
instanceKlass org/eclipse/lemminx/extensions/contentmodel/settings/XMLValidationSettings
instanceKlass org/eclipse/lemminx/settings/SharedSettings
instanceKlass org/eclipse/lsp4j/Range
instanceKlass org/eclipse/lsp4j/TextDocumentItem
instanceKlass org/eclipse/lemminx/services/extensions/IDocumentLifecycleParticipant
instanceKlass org/eclipse/lemminx/services/extensions/IWorkspaceServiceParticipant
instanceKlass org/eclipse/lemminx/services/extensions/ISymbolsProviderParticipant
instanceKlass org/eclipse/lemminx/services/extensions/IRenameParticipant
instanceKlass org/eclipse/lemminx/services/extensions/format/IFormatterParticipant
instanceKlass org/eclipse/lemminx/services/extensions/IHighlightingParticipant
instanceKlass org/eclipse/lemminx/services/extensions/codelens/ICodeLensParticipant
instanceKlass org/eclipse/lemminx/services/extensions/IDocumentLinkParticipant
instanceKlass org/eclipse/lemminx/services/extensions/ICodeActionParticipant
instanceKlass org/eclipse/lemminx/services/extensions/ITypeDefinitionParticipant
instanceKlass org/eclipse/lemminx/services/extensions/diagnostics/IDiagnosticsParticipant
instanceKlass org/eclipse/lemminx/services/extensions/IReferenceParticipant
instanceKlass org/eclipse/lemminx/services/extensions/IDefinitionParticipant
instanceKlass org/eclipse/lemminx/services/IXMLNotificationService
instanceKlass org/eclipse/lemminx/services/extensions/save/ISaveContext
instanceKlass org/eclipse/lsp4j/InitializeParams
instanceKlass org/eclipse/lsp4j/WorkDoneProgressParams
instanceKlass org/eclipse/lemminx/services/extensions/commands/IXMLCommandService
instanceKlass org/eclipse/lemminx/services/IXMLValidationService
instanceKlass org/eclipse/lemminx/services/IXMLDocumentProvider
instanceKlass org/eclipse/lemminx/services/extensions/IHoverParticipant
instanceKlass org/eclipse/lemminx/services/extensions/ICompletionParticipant
instanceKlass org/eclipse/lemminx/services/extensions/IXMLExtension
instanceKlass org/eclipse/lemminx/services/XMLLinkedEditing
instanceKlass org/eclipse/lemminx/services/XMLSelectionRanges
instanceKlass org/eclipse/lemminx/services/extensions/IRenameRequest
instanceKlass org/eclipse/lemminx/services/XMLRename
instanceKlass org/eclipse/lemminx/services/XMLCodeActions
instanceKlass org/eclipse/lemminx/services/extensions/codelens/ICodeLensRequest
instanceKlass org/eclipse/lemminx/services/XMLCodeLens
instanceKlass org/eclipse/lemminx/services/XMLReference
instanceKlass org/eclipse/lemminx/services/extensions/ITypeDefinitionRequest
instanceKlass org/eclipse/lemminx/services/XMLTypeDefinition
instanceKlass org/eclipse/lemminx/services/extensions/IDefinitionRequest
instanceKlass org/eclipse/lemminx/services/XMLDefinition
instanceKlass org/eclipse/lemminx/services/XMLDocumentLink
instanceKlass org/eclipse/lemminx/services/XMLFoldings
instanceKlass org/eclipse/lemminx/services/XMLDiagnostics
instanceKlass org/eclipse/lemminx/services/extensions/IHoverRequest
instanceKlass org/eclipse/lemminx/services/XMLHover
instanceKlass org/eclipse/lsp4j/CompletionList
instanceKlass org/eclipse/lemminx/services/extensions/ICompletionRequest
instanceKlass org/eclipse/lemminx/services/extensions/ISharedSettingsRequest
instanceKlass org/eclipse/lemminx/services/extensions/IPositionRequest
instanceKlass org/eclipse/lemminx/services/extensions/ICompletionResponse
instanceKlass org/eclipse/lemminx/services/XMLCompletions
instanceKlass org/eclipse/lemminx/dom/DOMNode
instanceKlass org/eclipse/lemminx/dom/DOMRange
instanceKlass org/eclipse/lemminx/services/XMLSymbolsProvider
instanceKlass org/eclipse/lemminx/services/XMLHighlighting
instanceKlass org/eclipse/lemminx/services/XMLFormatter
instanceKlass org/eclipse/lemminx/telemetry/TelemetryCache
instanceKlass org/eclipse/lemminx/telemetry/TelemetryManager
instanceKlass org/eclipse/lemminx/uriresolver/URIResolverExtensionManager$DefaultURIResolverExtension
instanceKlass org/eclipse/lemminx/uriresolver/URIResolverExtensionManager
instanceKlass org/eclipse/lemminx/uriresolver/IExternalGrammarLocationProvider
instanceKlass org/eclipse/lemminx/uriresolver/URIResolverExtension
instanceKlass org/apache/xerces/xni/parser/XMLEntityResolver
instanceKlass org/eclipse/lemminx/services/XMLLanguageService$1
instanceKlass org/eclipse/lsp4j/jsonrpc/CancelChecker
instanceKlass org/eclipse/lemminx/services/extensions/XMLExtensionsRegistry
instanceKlass org/eclipse/lemminx/services/extensions/IComponentProvider
instanceKlass org/eclipse/lemminx/services/IXMLFullFormatter
instanceKlass org/mule/contribution/internal/lsp/DefaultSymbolsProviderManager
instanceKlass org/mule/contribution/api/lsp/SymbolsProviderManager
instanceKlass org/mule/contribution/internal/lsp/DefaultDocumentLinksManager
instanceKlass org/mule/contribution/api/lsp/DocumentLinksManager
instanceKlass org/mule/contribution/internal/lsp/DefaultCodeActionManager
instanceKlass org/mule/contribution/api/lsp/CodeActionManager
instanceKlass org/mule/contribution/internal/lsp/DefaultCodeLensManager
instanceKlass org/mule/contribution/api/lsp/CodeLensManager
instanceKlass org/mule/contribution/internal/lsp/DefaultXmlValidatorManager
instanceKlass org/mule/contribution/api/lsp/XmlValidatorManager
instanceKlass org/mule/contribution/internal/lsp/DefaultCompletionManager
instanceKlass org/mule/contribution/api/lsp/CompletionManager
instanceKlass org/mule/contribution/internal/lsp/DefaultReferencesManager
instanceKlass org/mule/contribution/api/lsp/ReferencesManager
instanceKlass org/mule/contribution/internal/lsp/DefaultDefinitionManager
instanceKlass org/mule/contribution/api/lsp/DefinitionManager
instanceKlass org/mule/contribution/datasense/api/impl/DefaultDataSenseProvider
instanceKlass org/mule/dx/platform/api/datasense/DataSenseProvider
instanceKlass org/mule/contribution/internal/lsp/DefaultToolingService
instanceKlass org/mule/contribution/api/lsp/ToolingService
instanceKlass org/mule/contribution/internal/lsp/DefaultMuleTextDocumentService
instanceKlass org/mule/contribution/api/lsp/MuleTextDocumentService
instanceKlass org/eclipse/lsp4j/services/TextDocumentService
instanceKlass org/mule/contribution/internal/lsp/DefaultWorkspaceService
instanceKlass com/google/inject/Key$AnnotationTypeStrategy
instanceKlass org/mule/contribution/api/Mule
instanceKlass org/eclipse/lsp4j/services/WorkspaceService
instanceKlass org/mule/contribution/internal/lsp/DefaultMuleLanguageClientProvider
instanceKlass org/mule/contribution/internal/lsp/MuleLanguageClientProvider
instanceKlass org/mule/contribution/internal/DefaultContextProvider
instanceKlass org/mule/contribution/api/ContextProvider
instanceKlass org/mule/contribution/internal/lsp/DefaultTemplateProcessor
instanceKlass org/mule/contribution/internal/lsp/TemplateProcessor
instanceKlass org/mule/contribution/internal/lsp/model/meta/AttributeOptionsProvider
instanceKlass org/mule/contribution/internal/lsp/model/meta/XMLGenerator
instanceKlass org/mule/contribution/internal/lsp/CompletionItemPrototypeTransformer
instanceKlass org/mule/contribution/internal/ShadowJarResourceProvider
instanceKlass org/mule/contribution/api/ContributionResourceProvider
instanceKlass org/eclipse/lsp4j/services/LanguageClient
instanceKlass org/mule/contribution/dataweave/MuleDxDataweaveComponentModule$$FastClassByGuice$$3633935
instanceKlass org/mule/weave/extension/api/extension/validation/WeaveValidatorProviderExtension
instanceKlass org/mule/dx/platform/api/protocol/embedded/lsp/EmbeddedLanguageHandler
instanceKlass org/mule/dx/platform/api/protocol/LSPProtocolHandler
instanceKlass org/mule/contribution/dataweave/action/MuleCodeActionProviderExtension
instanceKlass org/mule/weave/extension/api/extension/action/WeaveCodeActionProviderExtension
instanceKlass org/mule/contribution/internal/config/BasePropertiesResolverParticipant
instanceKlass org/mule/contribution/api/config/PropertiesResolverParticipant
instanceKlass org/mule/contribution/internal/config/DefaultPropertiesResolver
instanceKlass org/mule/contribution/api/config/PropertiesResolver
instanceKlass org/mule/contribution/WindowsModule$$FastClassByGuice$$2134298
instanceKlass com/google/inject/name/NamedImpl
instanceKlass com/google/inject/name/Named
instanceKlass com/google/inject/name/Names
instanceKlass org/mule/contribution/MuleDevModule$$FastClassByGuice$$2069060
instanceKlass org/mule/dx/platform/api/component/ComponentFactory
instanceKlass org/mule/contribution/internal/lsp/DefaultMuleXmlLanguageServer
instanceKlass org/mule/contribution/api/lsp/MuleXmlLanguageServer
instanceKlass org/eclipse/lsp4j/services/LanguageServer
instanceKlass org/mule/contribution/internal/SettingsConfigurationStarter
instanceKlass org/mule/contribution/designservice/client/DefaultDesignService
instanceKlass org/mule/contribution/designservice/client/DesignService
instanceKlass org/mule/contribution/internal/DefaultExtensionModelInfoRegistry
instanceKlass org/mule/contribution/api/ExtensionModelInfoRegistry
instanceKlass org/mule/contribution/designservice/cache/DefaultDesignServiceCache
instanceKlass org/mule/contribution/designservice/cache/DesignServiceCache
instanceKlass org/mule/contribution/designservice/DefaultDesignServiceClient
instanceKlass org/mule/contribution/designservice/DesignServiceClient
instanceKlass org/mule/contribution/designservice/DefaultDesignServiceInstanceManager
instanceKlass org/mule/contribution/designservice/DesignServiceInstanceManager
instanceKlass org/mule/contribution/internal/lsp/ui/transform/DefaultDataWeaveTransformService
instanceKlass org/mule/contribution/api/lsp/ui/DataWeaveTransformService
instanceKlass org/mule/contribution/internal/project/DefaultProjectPropertiesService
instanceKlass org/mule/contribution/api/project/ProjectPropertiesService
instanceKlass org/mule/contribution/expression/DefaultEmbeddedModuleService
instanceKlass org/mule/contribution/expression/EmbeddedModuleService
instanceKlass org/mule/contribution/maven/DefaultMuleMavenClientProvider
instanceKlass org/mule/contribution/maven/MuleMavenClientProvider
instanceKlass org/mule/contribution/DefaultWorkspaceContribution
instanceKlass org/mule/contribution/WorkspaceContribution
instanceKlass org/mule/contribution/internal/DefaultMulePathHelperFactory
instanceKlass org/mule/contribution/internal/MulePathHelperFactory
instanceKlass org/mule/contribution/dap/deployment/DefaultRedeployService
instanceKlass org/mule/contribution/dap/deployment/RedeployService
instanceKlass org/mule/contribution/ui/generator/DefaultIdGenerator
instanceKlass org/mule/contribution/ui/generator/IdGenerator
instanceKlass org/mule/contribution/ui/generator/DefaultModelMapper
instanceKlass org/mule/contribution/ui/generator/ModelMapper
instanceKlass org/mule/contribution/ui/generator/DefaultIconProvider
instanceKlass org/mule/contribution/ui/generator/IconProvider
instanceKlass org/mule/contribution/internal/lsp/DefaultExchangeCanvasService
instanceKlass org/mule/dx/platform/api/component/WorkspaceLifecycle
instanceKlass org/mule/contribution/api/lsp/exchange/ExchangeCanvasService
instanceKlass org/mule/contribution/internal/lsp/ui/form/DefaultUISchemaProvider
instanceKlass org/mule/contribution/internal/lsp/ui/form/UISchemaProvider
instanceKlass org/mule/contribution/internal/lsp/ui/form/DefaultUISchemaGenerator
instanceKlass org/mule/contribution/internal/lsp/ui/form/UISchemaGenerator
instanceKlass org/mule/contribution/internal/lsp/ui/form/state/ElementWriter
instanceKlass org/mule/contribution/internal/lsp/ui/form/state/AttributeWriter
instanceKlass org/mule/contribution/internal/lsp/ui/form/state/PropertyWriter
instanceKlass org/mule/contribution/internal/lsp/ui/form/state/ElementReader
instanceKlass org/mule/contribution/internal/lsp/ui/form/state/AttributeReader
instanceKlass org/mule/contribution/internal/lsp/ui/form/state/PropertyReader
instanceKlass org/mule/contribution/internal/lsp/ui/form/control/ValueProviderControlFactoryDelegate
instanceKlass org/mule/contribution/internal/lsp/ui/form/control/ChoiceWhenControlFactoryDelegate
instanceKlass org/mule/contribution/internal/lsp/ui/form/control/MetadataKeyControlFactoryDelegate
instanceKlass org/mule/contribution/internal/lsp/ui/form/control/ObjectControlFactoryDelegate
instanceKlass org/mule/contribution/internal/lsp/ui/form/uniontype/UnionControlFactoryDelegate
instanceKlass org/mule/contribution/internal/lsp/ui/form/control/ArrayControlFactoryDelegate
instanceKlass org/mule/contribution/internal/lsp/ui/form/mimetype/MimeTypeControlFactoryDelegate
instanceKlass org/mule/contribution/internal/lsp/ui/form/control/FileControlFactoryDelegate
instanceKlass org/mule/contribution/internal/lsp/ui/form/control/SelectControlFactoryDelegate
instanceKlass org/mule/contribution/internal/lsp/ui/form/control/FlowRefControlFactoryDelegate
instanceKlass org/mule/contribution/internal/lsp/ui/form/control/ConfigRefControlFactoryDelegate
instanceKlass org/mule/contribution/internal/lsp/ui/form/control/ControlFactoryDelegate
instanceKlass org/mule/contribution/datasense/resolvers/DefaultValueProvidersResolver
instanceKlass org/mule/contribution/datasense/resolvers/ValueProvidersResolver
instanceKlass org/mule/contribution/internal/lsp/ui/form/component/DefaultValueProviderOptionsCalculatorFactory
instanceKlass org/mule/contribution/internal/lsp/ui/form/component/ValueProviderOptionsCalculatorFactory
instanceKlass org/mule/contribution/internal/lsp/ui/form/options/ValueProviderCache
instanceKlass org/mule/contribution/datasense/resolvers/DefaultMetadataKeysResolver
instanceKlass org/mule/contribution/datasense/resolvers/MetadataKeysResolver
instanceKlass org/mule/contribution/internal/lsp/ui/form/component/DefaultMetadataKeyOptionsCalculatorFactory
instanceKlass org/mule/contribution/internal/lsp/ui/form/component/MetadataKeyOptionsCalculatorFactory
instanceKlass org/mule/contribution/internal/lsp/ui/form/component/DefaultStereotypeBasedGlobalOptionsCalculatorFactory
instanceKlass org/mule/contribution/internal/lsp/ui/form/component/StereotypeBasedGlobalOptionsCalculatorFactory
instanceKlass org/mule/contribution/internal/lsp/ui/form/action/RefreshValueProvidersHandler
instanceKlass org/mule/contribution/internal/lsp/ui/form/action/RefreshMetadataKeysHandler
instanceKlass org/mule/contribution/internal/lsp/ui/form/action/TestConnectionHandler
instanceKlass com/google/inject/multibindings/Multibinder
instanceKlass org/mule/contribution/internal/lsp/ui/form/ActionHandler
instanceKlass org/mule/contribution/internal/lsp/ui/form/DefaultActionExecutorDelegate
instanceKlass org/mule/contribution/internal/lsp/ui/form/ActionExecutorDelegate
instanceKlass org/mule/contribution/internal/lsp/ui/form/DefaultFormService
instanceKlass org/mule/contribution/api/lsp/ui/FormService
instanceKlass org/mule/contribution/internal/lsp/DefaultCanvasService
instanceKlass org/mule/dx/platform/api/event/DependencyModelChangedEventHandler
instanceKlass org/mule/tooling/client/api/Disposable
instanceKlass org/mule/contribution/ui/MuleConfigurationChangedEventHandler
instanceKlass org/mule/dx/platform/api/utils/eventbus/IEventHandler
instanceKlass org/mule/contribution/api/lsp/CanvasService
instanceKlass org/mule/contribution/internal/lsp/DefaultMuleConfigurationCache
instanceKlass org/mule/contribution/api/lsp/MuleConfigurationCache
instanceKlass org/mule/contribution/internal/lsp/DefaultCanvasModelGenerator
instanceKlass org/mule/contribution/api/lsp/CanvasModelGenerator
instanceKlass org/mule/contribution/runtime/model/DefaultToolingWorkspace
instanceKlass org/mule/contribution/runtime/model/ToolingWorkspace
instanceKlass org/mule/contribution/datasense/cache/DefaultDataweaveExpressionBuilderCache
instanceKlass org/mule/contribution/datasense/cache/DataweaveExpressionBuilderCache
instanceKlass org/mule/contribution/datasense/cache/DefaultMetadataPropagationCache
instanceKlass org/mule/contribution/datasense/cache/MetadataPropagationCache
instanceKlass org/mule/contribution/zip/DefaultZipService
instanceKlass org/mule/contribution/zip/ZipService
instanceKlass org/mule/contribution/zip/PomFileStrategy
instanceKlass org/mule/contribution/zip/InspectingStrategy
instanceKlass org/mule/contribution/datasense/resolvers/DefaultDataSenseResolver
instanceKlass org/mule/contribution/datasense/resolvers/DataSenseResolver
instanceKlass org/mule/contribution/expression/DefaultExpressionBuilderResolver
instanceKlass org/mule/contribution/expression/ExpressionBuilderResolver
instanceKlass org/mule/contribution/internal/DefaultResourceManager
instanceKlass org/mule/contribution/api/ResourceManager
instanceKlass org/mule/contribution/service/DefaultMuleClientProvider
instanceKlass org/mule/contribution/service/MuleClientProvider
instanceKlass org/mule/contribution/api/project/DefaultIntegrationProjectService
instanceKlass org/mule/contribution/api/project/IntegrationProjectService
instanceKlass org/mule/contribution/api/deploy/DefaultDeployToCloudHubService
instanceKlass org/mule/contribution/api/deploy/DeployToCloudHubService
instanceKlass org/mule/contribution/service/DefaultMuleService
instanceKlass org/mule/contribution/service/MuleService
instanceKlass org/mule/contribution/internal/DefaultArgumentsValidator
instanceKlass org/mule/contribution/runtime/ArgumentsValidator
instanceKlass org/mule/contribution/internal/LocalPackagingStrategy
instanceKlass org/mule/contribution/PackagingStrategy
instanceKlass org/mule/contribution/dap/deployment/DefaultDeploymentManager
instanceKlass org/mule/contribution/dap/deployment/DeploymentManager
instanceKlass org/mule/contribution/internal/LocalDeploymentStrategy
instanceKlass org/mule/contribution/DeploymentStrategy
instanceKlass org/mule/contribution/internal/runtime/DefaultMuleRuntimeManager
instanceKlass org/mule/contribution/api/runtime/MuleRuntimeManager
instanceKlass org/mule/contribution/internal/LocalRuntimeManager
instanceKlass org/mule/contribution/RuntimeManager
instanceKlass org/mule/contribution/dap/DebuggingSessionAware
instanceKlass com/google/inject/internal/ConstructionContext
instanceKlass com/google/inject/spi/ProvisionListener
instanceKlass com/google/inject/spi/TypeListener
instanceKlass com/google/inject/spi/Message
instanceKlass org/aopalliance/intercept/MethodInterceptor
instanceKlass org/aopalliance/intercept/Interceptor
instanceKlass org/aopalliance/aop/Advice
instanceKlass com/google/inject/spi/TypeConverter
instanceKlass com/google/inject/matcher/Matcher
instanceKlass com/google/inject/MembersInjector
instanceKlass com/google/inject/internal/ProviderMethodsModule$MethodAndAnnotation
instanceKlass com/google/inject/Exposed
instanceKlass com/google/inject/internal/aop/ImmutableStringTrie
instanceKlass java/util/function/ToIntFunction
instanceKlass org/mule/dx/contributions/MuleDxApikitComponentModule$$FastClassByGuice$$243988
instanceKlass com/google/inject/internal/aop/GeneratedClassDefiner
instanceKlass com/google/inject/internal/aop/UnsafeClassDefiner$ClassLoaderDefineClassHolder
instanceKlass com/google/inject/internal/asm/$Handler
instanceKlass com/google/inject/internal/asm/$Attribute
instanceKlass com/google/inject/internal/aop/BytecodeTasks
instanceKlass com/google/inject/internal/asm/$Handle
instanceKlass com/google/inject/internal/asm/$Label
instanceKlass com/google/inject/internal/asm/$Frame
instanceKlass com/google/inject/internal/asm/$ByteVector
instanceKlass com/google/inject/internal/asm/$Symbol
instanceKlass com/google/inject/internal/asm/$SymbolTable
instanceKlass com/google/inject/internal/asm/$FieldVisitor
instanceKlass com/google/inject/internal/asm/$MethodVisitor
instanceKlass com/google/inject/internal/asm/$AnnotationVisitor
instanceKlass com/google/inject/internal/asm/$ModuleVisitor
instanceKlass com/google/inject/internal/asm/$RecordComponentVisitor
instanceKlass com/google/inject/internal/asm/$ClassVisitor
instanceKlass com/google/inject/internal/aop/AbstractGlueGenerator
instanceKlass com/google/inject/internal/asm/$Type
instanceKlass jdk/internal/vm/annotation/ForceInline
instanceKlass com/google/inject/internal/aop/HiddenClassDefiner
instanceKlass java/lang/StackTraceElement$HashedModules
instanceKlass com/google/inject/internal/aop/AnonymousClassDefiner
instanceKlass com/google/inject/internal/aop/UnsafeClassDefiner
instanceKlass com/google/inject/internal/aop/ClassDefining$ClassDefinerHolder
instanceKlass com/google/inject/internal/aop/ClassDefiner
instanceKlass com/google/inject/internal/aop/ClassDefining
instanceKlass com/google/inject/internal/BytecodeGen$EnhancerBuilder
instanceKlass com/google/inject/internal/aop/ClassBuilding
instanceKlass com/google/common/collect/MapMakerInternalMap$WeakKeyStrongValueEntry$Helper
instanceKlass com/google/common/collect/MapMakerInternalMap$InternalEntry
instanceKlass com/google/common/collect/MapMakerInternalMap$1
instanceKlass com/google/common/collect/MapMakerInternalMap$InternalEntryHelper
instanceKlass com/google/common/collect/MapMakerInternalMap$WeakValueReference
instanceKlass com/google/common/collect/MapMaker
instanceKlass com/google/inject/internal/BytecodeGen
instanceKlass com/google/inject/spi/ProvidesMethodBinding
instanceKlass javax/inject/Named
instanceKlass com/google/inject/Key$AnnotationInstanceStrategy
instanceKlass com/google/inject/internal/RealElement
instanceKlass com/google/inject/internal/Element
instanceKlass com/google/inject/multibindings/MapBinderBinding
instanceKlass com/google/inject/internal/RealMapBinder$BindingSelection
instanceKlass com/google/inject/internal/SingleParameterInjector
instanceKlass com/google/inject/internal/MoreTypes$WildcardTypeImpl
instanceKlass com/google/inject/internal/InjectorImpl
instanceKlass com/google/inject/internal/Lookups
instanceKlass com/google/inject/internal/InternalContext
instanceKlass javax/inject/Inject
instanceKlass com/google/inject/internal/ProvisionListenerStackCallback
instanceKlass com/google/inject/spi/InjectionPoint$InjectableMembers
instanceKlass com/google/inject/multibindings/MultibinderBinding
instanceKlass com/google/inject/spi/ProviderWithExtensionVisitor
instanceKlass com/google/inject/internal/ProvisionListenerStackCallback$ProvisionCallback
instanceKlass com/google/inject/internal/InternalProviderInstanceBindingImpl$Factory
instanceKlass com/google/inject/internal/RealMultibinder$BindingSelection
instanceKlass com/google/inject/internal/RealMultibinder
instanceKlass com/google/inject/internal/MoreTypes$ParameterizedTypeImpl
instanceKlass com/google/inject/internal/MoreTypes$CompositeType
instanceKlass com/google/inject/util/Types
instanceKlass com/google/inject/internal/RealMapBinder
instanceKlass com/google/inject/internal/ProvidesMethodScanner$TypeAndValue
instanceKlass com/google/inject/internal/ProvidesMethodScanner$AnnotationOrError
instanceKlass com/google/common/cache/LocalCache$StrongValueReference
instanceKlass com/google/common/util/concurrent/AbstractFuture$Failure
instanceKlass com/google/common/util/concurrent/AbstractFuture$Cancellation
instanceKlass com/google/common/util/concurrent/AbstractFuture$SetFuture
instanceKlass com/google/common/util/concurrent/Uninterruptibles
instanceKlass com/google/common/util/concurrent/AbstractFuture$Waiter
instanceKlass com/google/common/util/concurrent/AbstractFuture$Listener
instanceKlass com/google/common/util/concurrent/AbstractFuture$UnsafeAtomicHelper$1
instanceKlass sun/misc/Unsafe
instanceKlass com/google/common/util/concurrent/AbstractFuture$AtomicHelper
instanceKlass com/google/common/util/concurrent/internal/InternalFutureFailureAccess
instanceKlass com/google/common/util/concurrent/AbstractFuture$Trusted
instanceKlass com/google/common/util/concurrent/ListenableFuture
instanceKlass com/google/common/collect/ObjectArrays
instanceKlass com/google/inject/spi/Dependency
instanceKlass com/google/inject/internal/Nullability
instanceKlass javax/inject/Qualifier
instanceKlass com/google/inject/BindingAnnotation
instanceKlass javax/inject/Scope
instanceKlass com/google/inject/ScopeAnnotation
instanceKlass com/google/inject/internal/Annotations$AnnotationChecker
instanceKlass com/google/inject/internal/Annotations$TestAnnotation
instanceKlass com/google/inject/internal/Annotations$AnnotationToStringConfig
instanceKlass com/google/common/base/Joiner$MapJoiner
instanceKlass com/google/common/base/Joiner
instanceKlass com/google/inject/internal/Annotations
instanceKlass com/google/inject/internal/KotlinSupport$KotlinUnsupported
instanceKlass com/google/inject/internal/KotlinSupport$KotlinSupportHolder
instanceKlass com/google/inject/internal/KotlinSupportInterface
instanceKlass com/google/inject/internal/KotlinSupport
instanceKlass com/google/inject/spi/InjectionPoint$InjectableMember
instanceKlass com/google/inject/spi/InjectionPoint
instanceKlass com/google/inject/multibindings/MapKey
instanceKlass com/google/inject/multibindings/StringMapKey
instanceKlass com/google/inject/Inject
instanceKlass org/mule/dx/platform/api/protocol/ProtocolHandler
instanceKlass org/mule/dx/contributions/jsonrpc/ApikitServiceImpl
instanceKlass org/mule/dx/contributions/jsonrpc/ApikitService
instanceKlass org/mule/dx/platform/api/protocol/ClientAware
instanceKlass org/mule/dx/contributions/scaffolding/ScaffoldingServiceImpl
instanceKlass com/google/inject/internal/Scoping
instanceKlass com/google/inject/internal/InternalFactory
instanceKlass com/google/inject/internal/InternalFlags$1
instanceKlass com/google/inject/internal/InternalFlags
instanceKlass com/google/inject/spi/ProviderKeyBinding
instanceKlass com/google/inject/spi/ProviderInstanceBinding
instanceKlass com/google/inject/internal/DelayedInitialize
instanceKlass com/google/inject/spi/ConstructorBinding
instanceKlass com/google/inject/spi/InstanceBinding
instanceKlass com/google/inject/spi/HasDependencies
instanceKlass com/google/inject/spi/LinkedKeyBinding
instanceKlass com/google/inject/spi/UntargettedBinding
instanceKlass com/google/inject/internal/BindingImpl
instanceKlass com/google/inject/Key$AnnotationStrategy
instanceKlass com/google/inject/Key
instanceKlass org/mule/dx/contributions/jsonrpc/ScaffoldingService
instanceKlass com/google/inject/RestrictedBindingSource$Permit
instanceKlass com/google/inject/util/Modules$EmptyModule
instanceKlass com/google/inject/util/Modules$OverriddenModuleBuilder
instanceKlass com/google/inject/util/Modules
instanceKlass java/util/stream/Nodes$ArrayNode
instanceKlass com/google/common/collect/Ordering
instanceKlass com/google/inject/internal/DeclaredMembers
instanceKlass com/google/common/base/ExtraObjectsMethodsForWeb
instanceKlass com/google/common/collect/ImmutableMap$Builder
instanceKlass com/google/inject/internal/MoreTypes
instanceKlass com/google/inject/multibindings/ProvidesIntoOptional
instanceKlass com/google/inject/multibindings/ProvidesIntoMap
instanceKlass com/google/inject/multibindings/ProvidesIntoSet
instanceKlass com/google/inject/Provides
instanceKlass com/google/inject/spi/ModuleAnnotatedMethodScanner
instanceKlass javax/inject/Singleton
instanceKlass com/google/inject/spi/ElementSource
instanceKlass com/google/inject/spi/ScopeBinding
instanceKlass com/google/inject/Scopes$2
instanceKlass com/google/inject/Scopes$1
instanceKlass com/google/inject/Provider
instanceKlass javax/inject/Provider
instanceKlass com/google/inject/internal/SingletonScope
instanceKlass com/google/inject/spi/BindingScopingVisitor
instanceKlass com/google/inject/Scope
instanceKlass com/google/inject/Scopes
instanceKlass com/google/inject/Singleton
instanceKlass com/google/inject/spi/Elements$ModuleInfo
instanceKlass com/google/inject/PrivateModule
instanceKlass java/util/stream/Streams$2
instanceKlass java/util/stream/Streams$ConcatSpliterator
instanceKlass sun/reflect/annotation/AnnotatedTypeFactory$AnnotatedTypeBaseImpl
instanceKlass java/lang/reflect/AnnotatedType
instanceKlass sun/reflect/annotation/AnnotatedTypeFactory
instanceKlass sun/reflect/annotation/TypeAnnotation$LocationInfo$Location
instanceKlass sun/reflect/annotation/TypeAnnotation$LocationInfo
instanceKlass sun/reflect/annotation/TypeAnnotation
instanceKlass sun/reflect/annotation/TypeAnnotationParser
instanceKlass com/google/inject/RestrictedBindingSource
instanceKlass com/google/inject/spi/BindingSourceRestriction
instanceKlass com/google/inject/spi/ModuleSource
instanceKlass com/google/inject/internal/ProviderMethodsModule
instanceKlass com/google/inject/spi/BindingSourceRestriction$PermitMapConstruction$PermitMapImpl
instanceKlass com/google/inject/spi/BindingSourceRestriction$PermitMap
instanceKlass com/google/inject/spi/BindingSourceRestriction$PermitMapConstruction
instanceKlass com/google/common/collect/Hashing
instanceKlass com/google/common/math/IntMath$1
instanceKlass com/google/common/math/MathPreconditions
instanceKlass com/google/common/math/IntMath
instanceKlass com/google/inject/internal/AbstractBindingBuilder
instanceKlass com/google/inject/binder/ConstantBindingBuilder
instanceKlass com/google/inject/binder/AnnotatedElementBuilder
instanceKlass com/google/inject/binder/AnnotatedConstantBindingBuilder
instanceKlass com/google/inject/binder/AnnotatedBindingBuilder
instanceKlass com/google/inject/binder/LinkedBindingBuilder
instanceKlass com/google/inject/binder/ScopedBindingBuilder
instanceKlass com/google/inject/spi/Elements$RecordingBinder
instanceKlass com/google/inject/PrivateBinder
instanceKlass com/google/inject/Binding
instanceKlass com/google/inject/spi/DefaultBindingTargetVisitor
instanceKlass com/google/inject/Binder
instanceKlass com/google/inject/spi/BindingTargetVisitor
instanceKlass com/google/inject/spi/Elements
instanceKlass com/google/inject/internal/InjectorShell$RootModule
instanceKlass com/google/common/collect/ListMultimap
instanceKlass com/google/inject/internal/InjectorBindingData
instanceKlass java/util/concurrent/atomic/AtomicReferenceArray
instanceKlass com/google/common/cache/LocalCache$LoadingValueReference
instanceKlass com/google/common/cache/Weigher
instanceKlass com/google/common/base/Predicate
instanceKlass com/google/common/base/Equivalence
instanceKlass java/util/function/BiPredicate
instanceKlass com/google/common/base/MoreObjects
instanceKlass com/google/common/cache/LocalCache$1
instanceKlass com/google/common/cache/ReferenceEntry
instanceKlass com/google/common/cache/CacheLoader
instanceKlass com/google/common/cache/LocalCache$LocalManualCache
instanceKlass com/google/common/cache/RemovalListener
instanceKlass com/google/common/cache/LocalCache$ValueReference
instanceKlass com/google/common/cache/CacheBuilder$2
instanceKlass com/google/common/cache/CacheStats
instanceKlass com/google/common/base/Suppliers$SupplierOfInstance
instanceKlass com/google/common/base/Suppliers
instanceKlass com/google/common/cache/CacheBuilder$1
instanceKlass com/google/common/cache/AbstractCache$StatsCounter
instanceKlass com/google/common/cache/LoadingCache
instanceKlass com/google/common/cache/Cache
instanceKlass com/google/common/base/Supplier
instanceKlass com/google/common/cache/CacheBuilder
instanceKlass com/google/inject/internal/WeakKeySet
instanceKlass com/google/common/collect/Sets
instanceKlass com/google/inject/internal/InjectorJitBindingData
instanceKlass com/google/inject/internal/ProcessedBindingData
instanceKlass com/google/inject/spi/Element
instanceKlass com/google/inject/spi/DefaultElementVisitor
instanceKlass com/google/inject/spi/ElementVisitor
instanceKlass com/google/inject/internal/InjectorShell$Builder
instanceKlass com/google/common/collect/Lists
instanceKlass com/google/common/collect/AbstractMapEntry
instanceKlass com/google/common/collect/LinkedHashMultimap$ValueSetLink
instanceKlass com/google/common/collect/CollectPreconditions
instanceKlass com/google/common/collect/Platform
instanceKlass com/google/common/collect/Multiset
instanceKlass com/google/common/collect/AbstractMultimap
instanceKlass com/google/common/collect/SetMultimap
instanceKlass com/google/common/collect/BiMap
instanceKlass com/google/common/collect/Maps$EntryTransformer
instanceKlass com/google/common/base/Converter
instanceKlass com/google/common/collect/ImmutableMap
instanceKlass com/google/common/base/Function
instanceKlass com/google/common/collect/SortedMapDifference
instanceKlass com/google/common/collect/MapDifference
instanceKlass com/google/common/collect/Maps
instanceKlass com/google/inject/internal/CycleDetectingLock
instanceKlass com/google/common/collect/Multimap
instanceKlass com/google/inject/internal/CycleDetectingLock$CycleDetectingLockFactory
instanceKlass com/google/inject/internal/Initializable
instanceKlass com/google/inject/internal/Initializer
instanceKlass com/google/common/collect/PeekingIterator
instanceKlass com/google/common/collect/UnmodifiableIterator
instanceKlass com/google/common/collect/Iterators
instanceKlass com/google/common/collect/ImmutableCollection$Builder
instanceKlass com/google/common/collect/ImmutableSet$SetBuilderImpl
instanceKlass com/google/inject/internal/util/SourceProvider
instanceKlass com/google/inject/spi/ErrorDetail
instanceKlass com/google/inject/internal/Errors
instanceKlass java/util/concurrent/TimeUnit$1
instanceKlass com/google/inject/internal/util/ContinuousStopwatch
instanceKlass com/google/inject/internal/InternalInjectorCreator
instanceKlass com/google/inject/Guice
instanceKlass org/mule/dx/platform/internal/os/OsModuleFilter$1
instanceKlass org/mule/dx/platform/api/maven/MavenDependencyModelBuilder
instanceKlass org/mule/dx/platform/api/MavenClientFactory
instanceKlass org/mule/maven/client/api/MavenClient
instanceKlass com/google/inject/TypeLiteral
instanceKlass com/mule/api/contribution/api/governance/ruleset/splitter/RulesetSplitter
instanceKlass org/mule/dx/platform/api/utils/eventbus/IEventBus
instanceKlass org/mule/weave/extension/api/extension/indexer/IndexerExtension
instanceKlass org/mule/weave/extension/api/extension/WeaveProjectExtension
instanceKlass org/mule/contribution/runtime/instance/util/WrapperAndPIDFileResolver
instanceKlass com/mule/api/contribution/common/Generated
instanceKlass org/mule/dx/platform/api/os/Windows
instanceKlass org/mule/dx/platform/api/os/Linux
instanceKlass org/mule/dx/platform/api/os/MacOS
instanceKlass org/pf4j/ExtensionWrapper
instanceKlass org/pf4j/ExtensionDescriptor
instanceKlass org/pf4j/Extension
instanceKlass java/io/FilePermissionCollection$1
instanceKlass java/net/URLClassLoader$1
instanceKlass org/pf4j/processor/ExtensionStorage
instanceKlass java/net/URLClassLoader$2
instanceKlass org/pf4j/PluginClassLoader$1
instanceKlass com/google/inject/AbstractModule
instanceKlass com/google/inject/Module
instanceKlass org/pf4j/ExtensionPoint
instanceKlass org/mule/dx/platform/internal/os/OsDetect
instanceKlass org/mule/dx/platform/internal/os/OsModuleFilter
instanceKlass org/mule/dx/platform/internal/InjectorFactory
instanceKlass com/github/zafarkhaja/semver/expr/GreaterOrEqual
instanceKlass com/github/zafarkhaja/semver/expr/CompositeExpression
instanceKlass com/github/zafarkhaja/semver/expr/CompositeExpression$Helper
instanceKlass com/github/zafarkhaja/semver/util/Stream$1
instanceKlass com/github/zafarkhaja/semver/expr/Lexer$Token
instanceKlass java/lang/invoke/MethodHandle$1
instanceKlass com/github/zafarkhaja/semver/expr/Lexer
instanceKlass com/github/zafarkhaja/semver/expr/Expression
instanceKlass com/github/zafarkhaja/semver/expr/ExpressionParser
instanceKlass com/github/zafarkhaja/semver/MetadataVersion
instanceKlass com/github/zafarkhaja/semver/NormalVersion
instanceKlass com/github/zafarkhaja/semver/util/Stream
instanceKlass com/github/zafarkhaja/semver/util/Stream$ElementType
instanceKlass com/github/zafarkhaja/semver/VersionParser
instanceKlass com/github/zafarkhaja/semver/Parser
instanceKlass com/github/zafarkhaja/semver/Version$BuildAwareOrder
instanceKlass com/github/zafarkhaja/semver/Version
instanceKlass org/pf4j/DependencyResolver$Result
instanceKlass org/pf4j/util/DirectedGraph
instanceKlass org/pf4j/PluginDependency
instanceKlass org/pf4j/PluginWrapper
instanceKlass org/pf4j/ClassLoadingStrategy
instanceKlass org/pf4j/util/StringUtils
instanceKlass org/pf4j/Plugin
instanceKlass org/pf4j/DefaultPluginDescriptor
instanceKlass sun/nio/ch/FileChannelImpl$Closer
instanceKlass sun/nio/ch/NativeDispatcher
instanceKlass sun/nio/ch/NativeThreadSet
instanceKlass java/util/stream/SortedOps
instanceKlass com/google/common/base/CommonPattern
instanceKlass com/google/common/base/Platform$JdkPatternCompiler
instanceKlass java/util/logging/Logger$SystemLoggerHelper$1
instanceKlass java/util/logging/Logger$SystemLoggerHelper
instanceKlass com/google/common/base/PatternCompiler
instanceKlass com/google/common/base/Platform
instanceKlass com/google/common/base/Preconditions
instanceKlass com/google/common/base/Ticker
instanceKlass com/google/common/base/Stopwatch
instanceKlass org/pf4j/DependencyResolver
instanceKlass org/pf4j/DefaultVersionManager
instanceKlass org/pf4j/JarPluginLoader
instanceKlass org/pf4j/PluginClasspath
instanceKlass org/pf4j/BasePluginLoader
instanceKlass org/pf4j/CompoundPluginLoader
instanceKlass org/apache/logging/log4j/core/layout/ByteBufferDestinationHelper
instanceKlass org/apache/logging/log4j/core/layout/TextEncoderHelper
instanceKlass java/time/Instant
instanceKlass java/time/Clock
instanceKlass java/time/InstantSource
instanceKlass org/apache/logging/log4j/core/impl/ContextDataFactory
instanceKlass org/apache/logging/log4j/message/SimpleMessage
instanceKlass org/apache/logging/log4j/core/impl/MutableLogEvent
instanceKlass java/time/LocalTime
instanceKlass java/time/LocalDate
instanceKlass java/time/chrono/ChronoLocalDate
instanceKlass java/time/zone/ZoneOffsetTransition
instanceKlass java/time/LocalDateTime
instanceKlass java/time/chrono/ChronoLocalDateTime
instanceKlass java/time/temporal/TemporalAdjuster
instanceKlass java/time/temporal/Temporal
instanceKlass java/time/zone/ZoneOffsetTransitionRule
instanceKlass java/time/zone/ZoneRules
instanceKlass java/time/zone/Ser
instanceKlass java/io/Externalizable
instanceKlass java/time/zone/ZoneRulesProvider$1
instanceKlass java/time/zone/ZoneRulesProvider
instanceKlass java/time/Period
instanceKlass java/time/chrono/ChronoPeriod
instanceKlass java/time/format/DateTimeFormatterBuilder$TextPrinterParser
instanceKlass java/time/format/DateTimeTextProvider$1
instanceKlass java/time/format/DateTimeTextProvider
instanceKlass java/time/format/DateTimeTextProvider$LocaleStore
instanceKlass java/time/format/DateTimeFormatterBuilder$InstantPrinterParser
instanceKlass java/time/format/DateTimeFormatterBuilder$StringLiteralPrinterParser
instanceKlass java/time/format/DateTimeFormatterBuilder$ZoneIdPrinterParser
instanceKlass java/time/format/DateTimeFormatterBuilder$OffsetIdPrinterParser
instanceKlass java/time/format/DecimalStyle
instanceKlass java/time/format/DateTimeFormatterBuilder$CompositePrinterParser
instanceKlass java/time/chrono/AbstractChronology
instanceKlass java/time/chrono/Chronology
instanceKlass java/time/format/DateTimeFormatterBuilder$CharLiteralPrinterParser
instanceKlass java/time/format/DateTimeFormatterBuilder$NumberPrinterParser
instanceKlass java/time/format/DateTimeFormatterBuilder$DateTimePrinterParser
instanceKlass java/time/temporal/JulianFields
instanceKlass java/time/temporal/IsoFields
instanceKlass java/time/temporal/ValueRange
instanceKlass java/time/temporal/TemporalUnit
instanceKlass java/time/temporal/TemporalField
instanceKlass java/time/ZoneId
instanceKlass java/time/temporal/TemporalQuery
instanceKlass java/time/format/DateTimeFormatterBuilder
instanceKlass java/time/format/DateTimeFormatter
instanceKlass org/apache/logging/log4j/message/ParameterFormatter
instanceKlass org/apache/logging/log4j/message/ReusableParameterizedMessage
instanceKlass org/apache/logging/log4j/message/Clearable
instanceKlass org/apache/logging/log4j/message/ParameterVisitable
instanceKlass org/apache/logging/log4j/message/ReusableMessage
instanceKlass java/nio/file/FileVisitor
instanceKlass org/pf4j/util/FileUtils
instanceKlass sun/nio/fs/WindowsPath$1
instanceKlass org/pf4j/DefaultPluginStatusProvider
instanceKlass org/pf4j/AbstractExtensionFinder
instanceKlass org/pf4j/DefaultExtensionFinder
instanceKlass org/pf4j/PluginDescriptor
instanceKlass org/pf4j/ManifestPluginDescriptorFinder
instanceKlass org/pf4j/CompoundPluginDescriptorFinder
instanceKlass org/pf4j/DefaultExtensionFactory
instanceKlass org/pf4j/DefaultPluginFactory
instanceKlass org/pf4j/util/ExtensionFileFilter
instanceKlass java/util/function/BooleanSupplier
instanceKlass org/pf4j/util/NameFileFilter
instanceKlass org/pf4j/util/HiddenFilter
instanceKlass org/pf4j/util/OrFileFilter
instanceKlass org/pf4j/util/NotFileFilter
instanceKlass org/pf4j/util/DirectoryFileFilter
instanceKlass org/pf4j/util/AndFileFilter
instanceKlass java/util/function/ToLongFunction
instanceKlass java/io/FileFilter
instanceKlass org/pf4j/BasePluginRepository
instanceKlass org/pf4j/CompoundPluginRepository
instanceKlass org/pf4j/PluginFactory
instanceKlass org/pf4j/ExtensionFactory
instanceKlass org/pf4j/PluginRepository
instanceKlass org/pf4j/VersionManager
instanceKlass org/pf4j/PluginStatusProvider
instanceKlass org/pf4j/ExtensionFinder
instanceKlass org/pf4j/PluginDescriptorFinder
instanceKlass org/pf4j/PluginStateListener
instanceKlass org/pf4j/PluginLoader
instanceKlass org/pf4j/AbstractPluginManager
instanceKlass org/mule/dx/platform/internal/PluginManagerFactory
instanceKlass sun/nio/fs/WindowsDirectoryStream
instanceKlass java/nio/file/DirectoryStream
instanceKlass sun/nio/fs/WindowsChannelFactory$Flags
instanceKlass sun/nio/fs/WindowsChannelFactory$1
instanceKlass sun/nio/fs/WindowsChannelFactory
instanceKlass org/apache/logging/log4j/core/util/NameUtil
instanceKlass org/apache/logging/log4j/core/Logger$PrivateConfig
instanceKlass org/slf4j/spi/LoggingEventBuilder
instanceKlass org/apache/logging/slf4j/Log4jLogger
instanceKlass org/slf4j/spi/LocationAwareLogger
instanceKlass org/apache/logging/log4j/core/util/DefaultShutdownCallbackRegistry$RegisteredCancellable
instanceKlass org/apache/logging/log4j/core/LoggerContext$1
instanceKlass org/apache/logging/log4j/core/util/ExecutorServices
instanceKlass org/apache/logging/log4j/core/impl/Log4jLogEvent
instanceKlass org/apache/logging/log4j/core/jmx/AppenderAdmin
instanceKlass org/apache/logging/log4j/core/jmx/AppenderAdminMBean
instanceKlass org/apache/logging/log4j/core/jmx/LoggerConfigAdmin
instanceKlass org/apache/logging/log4j/core/jmx/LoggerConfigAdminMBean
instanceKlass org/apache/logging/log4j/core/jmx/ContextSelectorAdmin
instanceKlass org/apache/logging/log4j/core/jmx/ContextSelectorAdminMBean
instanceKlass org/apache/logging/log4j/status/StatusData
instanceKlass org/apache/logging/log4j/core/jmx/StatusLoggerAdminMBean
instanceKlass java/beans/PropertyChangeListener
instanceKlass org/apache/logging/log4j/core/jmx/LoggerContextAdminMBean
instanceKlass com/sun/jmx/mbeanserver/Repository$ObjectNamePattern
instanceKlass java/time/Duration
instanceKlass java/time/temporal/TemporalAmount
instanceKlass jdk/management/jfr/FlightRecorderMXBeanImpl$MXBeanListener
instanceKlass jdk/jfr/FlightRecorderListener
instanceKlass jdk/jfr/FlightRecorder
instanceKlass jdk/jfr/Recording
instanceKlass javax/management/NotificationFilter
instanceKlass javax/management/NotificationListener
instanceKlass javax/management/StandardMBean$MBeanInfoSafeAction
instanceKlass jdk/jfr/internal/management/StreamManager
instanceKlass jdk/management/jfr/EventTypeInfo
instanceKlass jdk/management/jfr/ConfigurationInfo
instanceKlass jdk/management/jfr/RecordingInfo
instanceKlass sun/reflect/generics/tree/VoidDescriptor
instanceKlass sun/reflect/generics/tree/LongSignature
instanceKlass jdk/management/jfr/SettingDescriptorInfo$1
instanceKlass jdk/management/jfr/SettingDescriptorInfo
instanceKlass sun/management/ManagementFactoryHelper$1
instanceKlass java/lang/management/BufferPoolMXBean
instanceKlass sun/nio/ch/FileChannelImpl$2
instanceKlass sun/nio/ch/FileChannelImpl$1
instanceKlass sun/nio/ch/IOUtil
instanceKlass java/nio/channels/spi/AbstractInterruptibleChannel
instanceKlass java/nio/channels/InterruptibleChannel
instanceKlass java/nio/channels/ScatteringByteChannel
instanceKlass java/nio/channels/GatheringByteChannel
instanceKlass java/nio/channels/SeekableByteChannel
instanceKlass java/nio/channels/ByteChannel
instanceKlass java/nio/channels/WritableByteChannel
instanceKlass java/nio/channels/ReadableByteChannel
instanceKlass java/nio/channels/Channel
instanceKlass jdk/internal/misc/VM$BufferPoolsHolder
instanceKlass com/sun/management/VMOption
instanceKlass com/sun/management/internal/HotSpotDiagnostic
instanceKlass com/sun/management/HotSpotDiagnosticMXBean
instanceKlass com/sun/management/GcInfo
instanceKlass javax/management/openmbean/CompositeDataView
instanceKlass java/util/stream/AbstractSpinedBuffer
instanceKlass java/util/stream/Node$Builder
instanceKlass java/util/stream/Node$OfDouble
instanceKlass java/util/stream/Node$OfLong
instanceKlass java/util/stream/Node$OfInt
instanceKlass java/util/stream/Node$OfPrimitive
instanceKlass java/util/stream/Nodes$EmptyNode
instanceKlass java/util/stream/Node
instanceKlass java/util/stream/Nodes
instanceKlass java/util/function/IntFunction
instanceKlass java/lang/StringLatin1$LinesSpliterator
instanceKlass java/util/Formattable
instanceKlass com/sun/management/internal/DiagnosticCommandImpl$Wrapper
instanceKlass jdk/jfr/internal/dcmd/AbstractDCmd
instanceKlass com/sun/management/internal/DiagnosticCommandArgumentInfo
instanceKlass com/sun/management/internal/DiagnosticCommandInfo
instanceKlass com/sun/management/internal/DiagnosticCommandImpl$OperationInfoComparator
instanceKlass sun/management/ClassLoadingImpl
instanceKlass java/lang/management/ClassLoadingMXBean
instanceKlass javax/management/MBeanInfo$ArrayGettersSafeAction
instanceKlass javax/management/openmbean/OpenMBeanOperationInfo
instanceKlass java/util/logging/LogManager$4
instanceKlass jdk/internal/logger/BootstrapLogger$BootstrapExecutors
instanceKlass sun/security/util/SecurityConstants
instanceKlass jdk/internal/logger/LoggerFinderLoader
instanceKlass java/util/stream/Streams
instanceKlass java/util/stream/Stream$Builder
instanceKlass java/util/stream/Streams$AbstractStreamBuilderImpl
instanceKlass java/util/Hashtable$Enumerator
instanceKlass java/util/Collections$3
instanceKlass java/util/logging/LogManager$LoggerContext$1
instanceKlass java/util/logging/LogManager$VisitedLoggers
instanceKlass java/util/logging/Logger$ConfigurationData
instanceKlass java/util/logging/Logger$LoggerBundle
instanceKlass java/util/logging/Handler
instanceKlass java/util/logging/LogManager$2
instanceKlass java/util/logging/Logging
instanceKlass java/util/logging/LogManager$LoggingProviderAccess
instanceKlass java/util/Collections$SynchronizedMap
instanceKlass java/util/logging/LogManager$LogNode
instanceKlass java/util/logging/LogManager$LoggerContext
instanceKlass java/util/logging/LogManager$1
instanceKlass java/util/logging/Level
instanceKlass java/util/logging/LoggingMXBean
instanceKlass java/util/logging/Logger
instanceKlass sun/management/ManagementFactoryHelper$PlatformLoggingImpl
instanceKlass java/lang/management/PlatformLoggingMXBean
instanceKlass sun/management/CompilationImpl
instanceKlass java/lang/management/CompilationMXBean
instanceKlass sun/management/VMManagementImpl$1
instanceKlass java/lang/management/MemoryUsage
instanceKlass sun/management/Sensor
instanceKlass sun/management/MemoryPoolImpl
instanceKlass java/lang/management/MemoryPoolMXBean
instanceKlass com/sun/management/GarbageCollectorMXBean
instanceKlass java/lang/management/GarbageCollectorMXBean
instanceKlass java/lang/management/MemoryManagerMXBean
instanceKlass java/lang/management/MemoryMXBean
instanceKlass javax/management/DescriptorKey
instanceKlass sun/management/BaseOperatingSystemImpl
instanceKlass com/sun/management/OperatingSystemMXBean
instanceKlass java/lang/management/OperatingSystemMXBean
instanceKlass com/sun/jmx/mbeanserver/PerInterface$MethodAndSig
instanceKlass java/lang/management/LockInfo
instanceKlass java/lang/management/ThreadInfo
instanceKlass sun/management/ThreadImpl
instanceKlass com/sun/management/ThreadMXBean
instanceKlass java/lang/management/ThreadMXBean
instanceKlass com/sun/jmx/mbeanserver/WeakIdentityHashMap
instanceKlass com/sun/jmx/mbeanserver/MXBeanLookup
instanceKlass com/sun/jmx/mbeanserver/PerInterface$InitMaps
instanceKlass com/sun/jmx/mbeanserver/PerInterface
instanceKlass javax/management/openmbean/OpenMBeanAttributeInfo
instanceKlass javax/management/openmbean/OpenMBeanParameterInfo
instanceKlass com/sun/jmx/mbeanserver/MBeanIntrospector$MBeanInfoMaker
instanceKlass com/sun/jmx/mbeanserver/MBeanAnalyzer$MBeanVisitor
instanceKlass sun/reflect/generics/tree/TypeVariableSignature
instanceKlass sun/reflect/generics/tree/MethodTypeSignature
instanceKlass com/sun/jmx/mbeanserver/MBeanAnalyzer$AttrMethods
instanceKlass com/sun/jmx/mbeanserver/MXBeanMapping
instanceKlass javax/management/openmbean/TabularData
instanceKlass javax/management/openmbean/CompositeData
instanceKlass javax/management/openmbean/OpenType
instanceKlass com/sun/jmx/mbeanserver/MXBeanMappingFactory
instanceKlass com/sun/jmx/mbeanserver/ConvertingMethod
instanceKlass com/sun/jmx/mbeanserver/MBeanAnalyzer$MethodOrder
instanceKlass com/sun/jmx/mbeanserver/MBeanAnalyzer
instanceKlass com/sun/jmx/mbeanserver/MBeanIntrospector
instanceKlass javax/management/MXBean
instanceKlass com/sun/jmx/mbeanserver/MBeanSupport
instanceKlass com/sun/jmx/mbeanserver/DescriptorCache
instanceKlass javax/management/JMX
instanceKlass javax/management/StandardMBean
instanceKlass java/util/AbstractMap$SimpleImmutableEntry
instanceKlass com/sun/jmx/mbeanserver/JmxMBeanServer$3
instanceKlass javax/management/ObjectInstance
instanceKlass com/sun/jmx/mbeanserver/NamedObject
instanceKlass com/sun/jmx/interceptor/DefaultMBeanServerInterceptor$ResourceContext$1
instanceKlass com/sun/jmx/interceptor/DefaultMBeanServerInterceptor$ResourceContext
instanceKlass com/sun/jmx/mbeanserver/Repository$RegistrationContext
instanceKlass com/sun/jmx/mbeanserver/DynamicMBean2
instanceKlass sun/util/logging/PlatformLogger
instanceKlass sun/util/logging/PlatformLogger$ConfigurableBridge$LoggerConfiguration
instanceKlass jdk/internal/logger/BootstrapLogger$RedirectedLoggers
instanceKlass com/sun/jmx/defaults/JmxProperties
instanceKlass com/sun/jmx/mbeanserver/Introspector
instanceKlass com/sun/jmx/mbeanserver/JmxMBeanServer$2
instanceKlass com/sun/jmx/interceptor/DefaultMBeanServerInterceptor
instanceKlass com/sun/jmx/interceptor/MBeanServerInterceptor
instanceKlass com/sun/jmx/mbeanserver/Repository
instanceKlass com/sun/jmx/mbeanserver/JmxMBeanServer$1
instanceKlass com/sun/jmx/mbeanserver/SecureClassLoaderRepository
instanceKlass com/sun/jmx/mbeanserver/MBeanInstantiator
instanceKlass com/sun/jmx/mbeanserver/ClassLoaderRepositorySupport$LoaderEntry
instanceKlass com/sun/jmx/mbeanserver/ClassLoaderRepositorySupport
instanceKlass com/sun/jmx/mbeanserver/ModifiableClassLoaderRepository
instanceKlass javax/management/loading/ClassLoaderRepository
instanceKlass javax/management/ImmutableDescriptor
instanceKlass javax/management/Descriptor
instanceKlass jdk/internal/logger/LazyLoggers$LazyLoggerAccessor
instanceKlass jdk/internal/logger/LazyLoggers$LoggerAccessor
instanceKlass jdk/internal/logger/AbstractLoggerWrapper
instanceKlass sun/util/logging/internal/LoggingProviderImpl$LogManagerAccess
instanceKlass jdk/internal/logger/BootstrapLogger$DetectBackend$1
instanceKlass jdk/internal/logger/BootstrapLogger$DetectBackend
instanceKlass jdk/internal/logger/BootstrapLogger
instanceKlass sun/util/logging/PlatformLogger$ConfigurableBridge
instanceKlass sun/util/logging/PlatformLogger$Bridge
instanceKlass jdk/internal/logger/DefaultLoggerFinder$1
instanceKlass java/lang/System$LoggerFinder
instanceKlass jdk/internal/logger/LazyLoggers$LazyLoggerFactories
instanceKlass jdk/internal/logger/LazyLoggers$1
instanceKlass jdk/internal/logger/LazyLoggers
instanceKlass com/sun/jmx/remote/util/ClassLogger
instanceKlass java/lang/System$Logger
instanceKlass javax/management/NotificationBroadcasterSupport$1
instanceKlass javax/management/NotificationBroadcasterSupport
instanceKlass java/util/ComparableTimSort
instanceKlass javax/management/ObjectName$Property
instanceKlass javax/management/ObjectName
instanceKlass javax/management/QueryExp
instanceKlass com/sun/jmx/mbeanserver/Util
instanceKlass javax/management/MBeanInfo
instanceKlass javax/management/MBeanFeatureInfo
instanceKlass javax/management/DescriptorRead
instanceKlass javax/management/MBeanServerDelegate
instanceKlass javax/management/MBeanServerDelegateMBean
instanceKlass javax/management/MBeanRegistration
instanceKlass com/sun/jmx/mbeanserver/JmxMBeanServer
instanceKlass com/sun/jmx/mbeanserver/SunJmxMBeanServer
instanceKlass javax/management/MBeanServer
instanceKlass javax/management/MBeanServerConnection
instanceKlass javax/management/MBeanServerBuilder
instanceKlass com/sun/jmx/mbeanserver/GetPropertyAction
instanceKlass javax/management/MBeanServerFactory
instanceKlass java/util/concurrent/ThreadPoolExecutor$AbortPolicy
instanceKlass java/util/concurrent/RejectedExecutionHandler
instanceKlass java/util/concurrent/AbstractExecutorService
instanceKlass org/apache/logging/log4j/core/util/Log4jThreadFactory
instanceKlass org/apache/logging/log4j/core/jmx/Server
instanceKlass java/util/EventObject
instanceKlass org/apache/logging/log4j/core/config/Loggers
instanceKlass java/util/concurrent/atomic/AtomicBoolean
instanceKlass org/apache/logging/log4j/core/config/AwaitCompletionReliabilityStrategy
instanceKlass org/apache/logging/log4j/core/config/ReliabilityStrategyFactory
instanceKlass org/apache/logging/log4j/core/config/LoggerConfig$LevelAndRefs
instanceKlass org/apache/logging/log4j/core/config/LoggerConfig$RootLogger$Builder
instanceKlass java/lang/Short$ShortCache
instanceKlass java/lang/Byte$ByteCache
instanceKlass org/apache/logging/log4j/core/config/plugins/PluginAttribute
instanceKlass org/apache/logging/log4j/core/config/plugins/PluginFactory
instanceKlass sun/nio/fs/WindowsSecurityDescriptor
instanceKlass java/nio/file/attribute/FileAttribute
instanceKlass org/apache/logging/log4j/core/appender/ConfigurationFactoryData
instanceKlass org/apache/logging/log4j/core/appender/FileManager$FileManagerFactory
instanceKlass org/apache/logging/log4j/core/lookup/DefaultLookupResult
instanceKlass org/apache/logging/log4j/core/util/Assert
instanceKlass org/apache/logging/log4j/core/config/plugins/validation/validators/RequiredValidator
instanceKlass org/apache/logging/log4j/core/config/plugins/validation/ConstraintValidator
instanceKlass org/apache/logging/log4j/util/EnglishEnums
instanceKlass org/apache/logging/log4j/core/config/plugins/convert/EnumConverter
instanceKlass org/apache/logging/log4j/core/config/plugins/validation/constraints/Required
instanceKlass java/lang/Deprecated
instanceKlass org/apache/logging/log4j/core/filter/AbstractFilterable$Builder
instanceKlass org/apache/logging/log4j/core/util/datetime/FastDateParser$StrategyAndWidth
instanceKlass org/apache/logging/log4j/core/util/datetime/FastDateParser$StrategyParser
instanceKlass sun/util/locale/Extension
instanceKlass java/lang/Character$CharacterCache
instanceKlass sun/util/locale/LocaleExtensions
instanceKlass org/apache/logging/log4j/core/util/datetime/FastDateParser$Strategy
instanceKlass org/apache/logging/log4j/core/util/datetime/FastDateParser
instanceKlass org/apache/logging/log4j/core/util/datetime/FastDatePrinter$TwoDigitNumberField
instanceKlass org/apache/logging/log4j/core/util/datetime/FastDatePrinter$TwoDigitMonthField
instanceKlass org/apache/logging/log4j/core/util/datetime/FastDatePrinter$CharacterLiteral
instanceKlass org/apache/logging/log4j/core/util/datetime/FastDatePrinter$PaddedNumberField
instanceKlass sun/util/resources/Bundles$2
instanceKlass java/util/ArrayList$SubList$1
instanceKlass sun/util/resources/LocaleData$LocaleDataResourceBundleProvider
instanceKlass java/util/spi/ResourceBundleProvider
instanceKlass java/text/DateFormatSymbols
instanceKlass org/apache/logging/log4j/core/util/datetime/FastDatePrinter$NumberRule
instanceKlass org/apache/logging/log4j/core/util/datetime/FastDatePrinter$Rule
instanceKlass org/apache/logging/log4j/core/util/datetime/FastDatePrinter
instanceKlass org/apache/logging/log4j/core/util/datetime/FormatCache$MultipartKey
instanceKlass org/apache/logging/log4j/core/util/datetime/FormatCache
instanceKlass org/apache/logging/log4j/core/util/datetime/Format
instanceKlass org/apache/logging/log4j/core/util/datetime/DatePrinter
instanceKlass org/apache/logging/log4j/core/util/datetime/DateParser
instanceKlass org/apache/logging/log4j/core/config/plugins/validation/Constraint
instanceKlass org/apache/logging/log4j/core/config/plugins/validation/ConstraintValidators
instanceKlass org/apache/logging/log4j/core/config/plugins/PluginConfiguration
instanceKlass org/apache/logging/log4j/core/config/plugins/PluginElement
instanceKlass jdk/internal/reflect/UnsafeFieldAccessorFactory
instanceKlass org/apache/logging/log4j/util/StringBuilders
instanceKlass org/apache/logging/log4j/core/appender/rolling/action/Duration
instanceKlass org/apache/logging/log4j/core/util/CronExpression
instanceKlass java/lang/reflect/WildcardType
instanceKlass sun/reflect/generics/tree/Wildcard
instanceKlass sun/reflect/generics/tree/BottomSignature
instanceKlass sun/reflect/generics/tree/CharSignature
instanceKlass sun/reflect/generics/tree/ArrayTypeSignature
instanceKlass sun/reflect/generics/tree/ByteSignature
instanceKlass sun/reflect/generics/reflectiveObjects/LazyReflectiveObjectGenerator
instanceKlass sun/reflect/generics/reflectiveObjects/ParameterizedTypeImpl
instanceKlass java/lang/reflect/ParameterizedType
instanceKlass sun/reflect/generics/tree/ClassSignature
instanceKlass sun/reflect/generics/tree/Signature
instanceKlass sun/reflect/generics/tree/FormalTypeParameter
instanceKlass java/lang/reflect/TypeVariable
instanceKlass sun/reflect/generics/repository/AbstractRepository
instanceKlass org/apache/logging/log4j/core/config/plugins/convert/TypeConverterRegistry
instanceKlass org/apache/logging/log4j/core/config/plugins/convert/TypeConverters
instanceKlass org/apache/logging/log4j/core/config/plugins/visitors/AbstractPluginVisitor
instanceKlass org/apache/logging/log4j/core/config/plugins/visitors/PluginVisitor
instanceKlass org/apache/logging/log4j/core/config/plugins/visitors/PluginVisitors
instanceKlass org/apache/logging/log4j/core/config/plugins/PluginVisitorStrategy
instanceKlass org/apache/logging/log4j/core/config/plugins/PluginBuilderAttribute
instanceKlass org/apache/logging/log4j/core/util/TypeUtil
instanceKlass org/apache/logging/log4j/core/config/plugins/PluginBuilderFactory
instanceKlass org/apache/logging/log4j/core/config/plugins/util/PluginBuilder
instanceKlass org/apache/logging/log4j/core/config/plugins/PluginAliases
instanceKlass org/apache/logging/log4j/core/config/Scheduled
instanceKlass com/sun/org/apache/xerces/internal/dom/CharacterDataImpl$1
instanceKlass org/w3c/dom/Text
instanceKlass org/w3c/dom/CharacterData
instanceKlass java/util/Formatter$FixedString
instanceKlass java/util/Formatter$Flags
instanceKlass java/util/Formatter$FormatSpecifier
instanceKlass java/util/Formatter$FormatString
instanceKlass java/util/Formatter$Conversion
instanceKlass java/util/regex/CharPredicates
instanceKlass java/util/Formatter
instanceKlass org/apache/logging/log4j/core/Version
instanceKlass java/net/InetAddress$CachedLocalHost
instanceKlass java/net/InetAddress$CachedAddresses
instanceKlass sun/net/InetAddressCachePolicy$2
instanceKlass sun/net/InetAddressCachePolicy$1
instanceKlass sun/net/InetAddressCachePolicy
instanceKlass java/net/Inet6Address$Inet6AddressHolder
instanceKlass java/net/InetAddress$NameServiceAddresses
instanceKlass java/net/InetAddress$Addresses
instanceKlass java/net/InetAddress$PlatformNameService
instanceKlass java/net/InetAddress$NameService
instanceKlass java/net/Inet6AddressImpl
instanceKlass java/net/InetAddressImpl
instanceKlass java/net/InetAddressImplFactory
instanceKlass java/net/InetAddress$InetAddressHolder
instanceKlass java/net/InetAddress$1
instanceKlass jdk/internal/access/JavaNetInetAddressAccess
instanceKlass java/net/InetAddress
instanceKlass org/apache/logging/log4j/core/util/NetUtils
instanceKlass java/util/concurrent/LinkedBlockingQueue$Itr
instanceKlass org/apache/logging/log4j/status/StatusConsoleListener
instanceKlass org/apache/logging/log4j/status/StatusListener
instanceKlass java/util/EventListener
instanceKlass org/apache/logging/log4j/core/config/status/StatusConfiguration
instanceKlass org/w3c/dom/Attr
instanceKlass com/sun/org/apache/xerces/internal/dom/NamedNodeMapImpl
instanceKlass org/w3c/dom/NamedNodeMap
instanceKlass com/sun/org/apache/xerces/internal/dom/DeferredDocumentImpl$RefCount
instanceKlass com/sun/org/apache/xerces/internal/dom/NodeListCache
instanceKlass org/w3c/dom/TypeInfo
instanceKlass org/w3c/dom/ElementTraversal
instanceKlass org/w3c/dom/Element
instanceKlass org/w3c/dom/DocumentType
instanceKlass com/sun/org/apache/xerces/internal/dom/NodeImpl
instanceKlass org/w3c/dom/events/EventTarget
instanceKlass org/w3c/dom/NodeList
instanceKlass org/w3c/dom/Document
instanceKlass org/w3c/dom/ranges/DocumentRange
instanceKlass org/w3c/dom/events/DocumentEvent
instanceKlass org/w3c/dom/traversal/DocumentTraversal
instanceKlass com/sun/org/apache/xerces/internal/dom/DeferredNode
instanceKlass org/w3c/dom/Node
instanceKlass com/sun/org/apache/xerces/internal/impl/Constants$ArrayEnumeration
instanceKlass com/sun/org/apache/xerces/internal/impl/Constants
instanceKlass com/sun/org/apache/xerces/internal/util/IntStack
instanceKlass com/sun/org/apache/xerces/internal/xinclude/XIncludeMessageFormatter
instanceKlass com/sun/org/apache/xerces/internal/util/XMLLocatorWrapper
instanceKlass com/sun/org/apache/xerces/internal/util/XMLSymbols
instanceKlass com/sun/org/apache/xerces/internal/xinclude/XIncludeHandler
instanceKlass com/sun/org/apache/xerces/internal/util/XMLChar
instanceKlass com/sun/xml/internal/stream/Entity
instanceKlass com/sun/xml/internal/stream/util/BufferAllocator
instanceKlass com/sun/xml/internal/stream/util/ThreadLocalBufferAllocator
instanceKlass com/sun/org/apache/xerces/internal/impl/XMLEntityManager$EncodingInfo
instanceKlass com/sun/org/apache/xerces/internal/util/URI
instanceKlass com/sun/org/apache/xerces/internal/utils/XMLLimitAnalyzer
instanceKlass com/sun/org/apache/xerces/internal/xni/parser/XMLInputSource
instanceKlass com/sun/org/apache/xerces/internal/util/FeatureState
instanceKlass com/sun/org/apache/xerces/internal/util/PropertyState
instanceKlass com/sun/org/apache/xerces/internal/impl/msg/XMLMessageFormatter
instanceKlass com/sun/org/apache/xerces/internal/util/MessageFormatter
instanceKlass com/sun/org/apache/xerces/internal/impl/XMLVersionDetector
instanceKlass com/sun/org/apache/xerces/internal/impl/validation/ValidationManager
instanceKlass com/sun/org/apache/xerces/internal/impl/dv/dtd/NMTOKENDatatypeValidator
instanceKlass com/sun/org/apache/xerces/internal/impl/dv/dtd/NOTATIONDatatypeValidator
instanceKlass com/sun/org/apache/xerces/internal/impl/dv/dtd/ENTITYDatatypeValidator
instanceKlass com/sun/org/apache/xerces/internal/impl/dv/dtd/ListDatatypeValidator
instanceKlass com/sun/org/apache/xerces/internal/impl/dv/dtd/IDREFDatatypeValidator
instanceKlass com/sun/org/apache/xerces/internal/impl/dv/dtd/IDDatatypeValidator
instanceKlass com/sun/org/apache/xerces/internal/impl/dv/dtd/StringDatatypeValidator
instanceKlass com/sun/org/apache/xerces/internal/impl/dv/DatatypeValidator
instanceKlass com/sun/org/apache/xerces/internal/impl/dv/DTDDVFactory
instanceKlass com/sun/org/apache/xerces/internal/impl/dtd/DTDGrammarBucket
instanceKlass com/sun/org/apache/xerces/internal/impl/dtd/XMLAttributeDecl
instanceKlass com/sun/org/apache/xerces/internal/impl/dtd/XMLSimpleType
instanceKlass com/sun/org/apache/xerces/internal/impl/dtd/XMLElementDecl
instanceKlass com/sun/org/apache/xerces/internal/impl/validation/ValidationState
instanceKlass com/sun/org/apache/xerces/internal/impl/dv/ValidationContext
instanceKlass com/sun/org/apache/xerces/internal/impl/dtd/XMLDTDValidator
instanceKlass com/sun/org/apache/xerces/internal/impl/RevalidationHandler
instanceKlass com/sun/org/apache/xerces/internal/impl/dtd/XMLDTDValidatorFilter
instanceKlass com/sun/org/apache/xerces/internal/xni/parser/XMLDocumentFilter
instanceKlass com/sun/org/apache/xerces/internal/impl/dtd/XMLEntityDecl
instanceKlass com/sun/org/apache/xerces/internal/impl/dtd/XMLDTDProcessor
instanceKlass com/sun/org/apache/xerces/internal/xni/parser/XMLDTDContentModelFilter
instanceKlass com/sun/org/apache/xerces/internal/xni/parser/XMLDTDFilter
instanceKlass com/sun/org/apache/xerces/internal/xni/parser/XMLDTDScanner
instanceKlass com/sun/org/apache/xerces/internal/xni/parser/XMLDTDContentModelSource
instanceKlass com/sun/org/apache/xerces/internal/xni/parser/XMLDTDSource
instanceKlass com/sun/org/apache/xerces/internal/xni/grammars/XMLDTDDescription
instanceKlass com/sun/org/apache/xerces/internal/xni/grammars/XMLGrammarDescription
instanceKlass com/sun/org/apache/xerces/internal/impl/XMLDocumentScannerImpl$TrailingMiscDriver
instanceKlass com/sun/org/apache/xerces/internal/impl/XMLDocumentScannerImpl$PrologDriver
instanceKlass com/sun/org/apache/xerces/internal/impl/XMLDocumentScannerImpl$XMLDeclDriver
instanceKlass com/sun/org/apache/xerces/internal/util/NamespaceSupport
instanceKlass com/sun/org/apache/xerces/internal/xni/NamespaceContext
instanceKlass com/sun/org/apache/xerces/internal/util/XMLAttributesImpl$Attribute
instanceKlass com/sun/org/apache/xerces/internal/util/XMLAttributesImpl
instanceKlass com/sun/org/apache/xerces/internal/xni/XMLAttributes
instanceKlass com/sun/org/apache/xerces/internal/impl/XMLDocumentFragmentScannerImpl$FragmentContentDriver
instanceKlass com/sun/org/apache/xerces/internal/impl/XMLDocumentFragmentScannerImpl$Driver
instanceKlass com/sun/org/apache/xerces/internal/impl/XMLDocumentFragmentScannerImpl$ElementStack2
instanceKlass com/sun/org/apache/xerces/internal/xni/QName
instanceKlass com/sun/org/apache/xerces/internal/impl/XMLDocumentFragmentScannerImpl$ElementStack
instanceKlass com/sun/org/apache/xerces/internal/xni/XMLString
instanceKlass com/sun/org/apache/xerces/internal/impl/XMLScanner
instanceKlass com/sun/xml/internal/stream/XMLBufferListener
instanceKlass com/sun/org/apache/xerces/internal/impl/XMLEntityHandler
instanceKlass com/sun/org/apache/xerces/internal/xni/parser/XMLDocumentScanner
instanceKlass com/sun/org/apache/xerces/internal/xni/parser/XMLDocumentSource
instanceKlass com/sun/org/apache/xerces/internal/impl/XMLErrorReporter
instanceKlass com/sun/org/apache/xerces/internal/impl/XMLEntityScanner
instanceKlass com/sun/org/apache/xerces/internal/xni/XMLLocator
instanceKlass com/sun/xml/internal/stream/XMLEntityStorage
instanceKlass com/sun/org/apache/xerces/internal/util/AugmentationsImpl$AugmentationsItemsContainer
instanceKlass com/sun/org/apache/xerces/internal/util/AugmentationsImpl
instanceKlass com/sun/org/apache/xerces/internal/xni/Augmentations
instanceKlass com/sun/org/apache/xerces/internal/util/XMLResourceIdentifierImpl
instanceKlass com/sun/org/apache/xerces/internal/xni/XMLResourceIdentifier
instanceKlass com/sun/org/apache/xerces/internal/impl/XMLEntityManager
instanceKlass com/sun/org/apache/xerces/internal/xni/parser/XMLEntityResolver
instanceKlass com/sun/org/apache/xerces/internal/xni/parser/XMLComponent
instanceKlass com/sun/org/apache/xerces/internal/util/SymbolTable$Entry
instanceKlass com/sun/org/apache/xerces/internal/util/SymbolTable
instanceKlass jdk/xml/internal/JdkConstants
instanceKlass javax/xml/parsers/SAXParserFactory
instanceKlass jdk/xml/internal/JdkXmlUtils
instanceKlass com/sun/org/apache/xerces/internal/util/ParserConfigurationSettings
instanceKlass com/sun/org/apache/xerces/internal/parsers/XML11Configurable
instanceKlass com/sun/org/apache/xerces/internal/xni/parser/XMLPullParserConfiguration
instanceKlass com/sun/org/apache/xerces/internal/xni/parser/XMLParserConfiguration
instanceKlass com/sun/org/apache/xerces/internal/xni/parser/XMLComponentManager
instanceKlass com/sun/org/apache/xerces/internal/parsers/XMLParser
instanceKlass com/sun/org/apache/xerces/internal/xni/XMLDTDContentModelHandler
instanceKlass com/sun/org/apache/xerces/internal/xni/XMLDTDHandler
instanceKlass com/sun/org/apache/xerces/internal/xni/XMLDocumentHandler
instanceKlass javax/xml/parsers/DocumentBuilder
instanceKlass com/sun/org/apache/xerces/internal/jaxp/JAXPConstants
instanceKlass com/sun/org/apache/xerces/internal/utils/XMLSecurityPropertyManager
instanceKlass com/sun/org/apache/xerces/internal/utils/XMLSecurityManager
instanceKlass javax/xml/parsers/FactoryFinder$1
instanceKlass java/lang/invoke/LambdaFormEditor$1
instanceKlass java/lang/invoke/MethodHandles$1
instanceKlass java/lang/Long$LongCache
instanceKlass jdk/xml/internal/SecuritySupport
instanceKlass javax/xml/parsers/FactoryFinder
instanceKlass javax/xml/parsers/DocumentBuilderFactory
instanceKlass org/xml/sax/InputSource
instanceKlass org/apache/logging/log4j/core/util/Closer
instanceKlass org/apache/logging/log4j/core/config/plugins/util/ResolverUtil
instanceKlass javax/xml/transform/Source
instanceKlass org/apache/logging/log4j/core/config/Reconfigurable
instanceKlass org/apache/logging/log4j/core/util/Source
instanceKlass org/apache/logging/log4j/core/net/UrlConnectionFactory
instanceKlass org/apache/logging/log4j/core/util/FileUtils
instanceKlass org/apache/logging/log4j/core/util/BasicAuthorizationProvider
instanceKlass com/fasterxml/jackson/core/JsonParser
instanceKlass com/fasterxml/jackson/databind/JsonSerializable$Base
instanceKlass com/fasterxml/jackson/databind/JsonSerializable
instanceKlass com/fasterxml/jackson/core/TreeNode
instanceKlass com/fasterxml/jackson/core/TreeCodec
instanceKlass com/fasterxml/jackson/core/Versioned
instanceKlass org/apache/logging/log4j/core/config/Order
instanceKlass java/util/TimSort
instanceKlass java/util/Arrays$LegacyMergeSort
instanceKlass org/apache/logging/log4j/core/config/OrderComparator
instanceKlass org/apache/logging/log4j/core/util/AuthorizationProvider
instanceKlass org/apache/logging/log4j/core/config/builder/api/ConfigurationBuilder
instanceKlass org/apache/logging/log4j/core/appender/DefaultErrorHandler
instanceKlass org/apache/logging/log4j/core/appender/ConsoleAppender$FactoryData
instanceKlass org/apache/logging/log4j/core/appender/ConsoleAppender$ConsoleManagerFactory
instanceKlass org/apache/logging/log4j/core/layout/ByteBufferDestination
instanceKlass org/apache/logging/log4j/core/ErrorHandler
instanceKlass org/apache/logging/log4j/core/layout/PatternLayout$PatternFormatterPatternSerializer
instanceKlass org/apache/logging/log4j/core/pattern/PlainTextRenderer
instanceKlass org/apache/logging/log4j/core/impl/ThrowableFormatOptions
instanceKlass org/apache/logging/log4j/core/pattern/PatternFormatter
instanceKlass org/apache/logging/log4j/core/pattern/TextRenderer
instanceKlass org/apache/logging/log4j/core/util/Integers
instanceKlass org/apache/logging/log4j/core/pattern/NameAbbreviator
instanceKlass org/apache/logging/log4j/core/util/OptionConverter
instanceKlass sun/util/calendar/CalendarUtils
instanceKlass sun/util/calendar/CalendarDate
instanceKlass sun/util/resources/Bundles$CacheKeyReference
instanceKlass java/util/ResourceBundle$ResourceBundleProviderHelper
instanceKlass sun/util/resources/Bundles$CacheKey
instanceKlass java/util/ResourceBundle$1
instanceKlass jdk/internal/access/JavaUtilResourceBundleAccess
instanceKlass sun/util/resources/Bundles
instanceKlass sun/util/resources/LocaleData$LocaleDataStrategy
instanceKlass sun/util/resources/Bundles$Strategy
instanceKlass sun/util/resources/LocaleData$1
instanceKlass sun/util/resources/LocaleData
instanceKlass sun/util/locale/provider/LocaleResources
instanceKlass java/util/LinkedList$Node
instanceKlass java/util/ResourceBundle
instanceKlass java/util/ResourceBundle$Control
instanceKlass sun/util/locale/provider/CalendarDataUtility$CalendarWeekParameterGetter
instanceKlass sun/util/locale/provider/LocaleServiceProviderPool$LocalizedObjectGetter
instanceKlass sun/util/locale/provider/LocaleServiceProviderPool
instanceKlass java/util/Locale$Builder
instanceKlass sun/util/locale/provider/CalendarDataUtility
instanceKlass sun/util/calendar/CalendarSystem$GregorianHolder
instanceKlass sun/util/calendar/CalendarSystem
instanceKlass java/util/Calendar$Builder
instanceKlass java/util/StringTokenizer
instanceKlass sun/util/locale/provider/AvailableLanguageTags
instanceKlass sun/util/resources/cldr/provider/CLDRLocaleDataMetaInfo
instanceKlass jdk/internal/module/ModulePatcher$PatchedModuleReader
instanceKlass sun/util/locale/InternalLocaleBuilder$CaseInsensitiveChar
instanceKlass sun/util/locale/InternalLocaleBuilder
instanceKlass sun/util/locale/StringTokenIterator
instanceKlass sun/util/locale/ParseStatus
instanceKlass sun/util/locale/LanguageTag
instanceKlass sun/util/cldr/CLDRBaseLocaleDataMetaInfo
instanceKlass sun/util/locale/provider/LocaleDataMetaInfo
instanceKlass sun/util/locale/provider/ResourceBundleBasedAdapter
instanceKlass sun/util/locale/provider/LocaleProviderAdapter$1
instanceKlass sun/util/locale/provider/LocaleProviderAdapter
instanceKlass java/util/spi/LocaleServiceProvider
instanceKlass java/util/Calendar
instanceKlass sun/util/calendar/ZoneInfoFile$ZoneOffsetTransitionRule
instanceKlass sun/util/calendar/ZoneInfoFile$1
instanceKlass sun/util/calendar/ZoneInfoFile
instanceKlass java/util/TimeZone
instanceKlass java/util/Date
instanceKlass org/apache/logging/log4j/core/pattern/DatePatternConverter$CachedTime
instanceKlass org/apache/logging/log4j/core/time/MutableInstant
instanceKlass java/time/temporal/TemporalAccessor
instanceKlass org/apache/logging/log4j/core/util/datetime/FixedDateFormat
instanceKlass org/apache/logging/log4j/core/time/Instant
instanceKlass org/apache/logging/log4j/core/pattern/DatePatternConverter$Formatter
instanceKlass org/apache/logging/log4j/core/pattern/PatternParser$1
instanceKlass org/apache/logging/log4j/core/pattern/FormattingInfo
instanceKlass jdk/internal/reflect/ClassDefiner$1
instanceKlass jdk/internal/reflect/ClassDefiner
instanceKlass jdk/internal/reflect/MethodAccessorGenerator$1
instanceKlass jdk/internal/reflect/Label$PatchInfo
instanceKlass jdk/internal/reflect/Label
instanceKlass jdk/internal/reflect/UTF8
instanceKlass jdk/internal/reflect/ClassFileAssembler
instanceKlass jdk/internal/reflect/ByteVectorImpl
instanceKlass jdk/internal/reflect/ByteVector
instanceKlass jdk/internal/reflect/ByteVectorFactory
instanceKlass jdk/internal/reflect/AccessorGenerator
instanceKlass jdk/internal/reflect/ClassFileConstants
instanceKlass java/lang/Class$AnnotationData
instanceKlass java/lang/annotation/Target
instanceKlass java/lang/reflect/Proxy$ProxyBuilder$1
instanceKlass jdk/internal/org/objectweb/asm/Edge
instanceKlass java/lang/reflect/ProxyGenerator$PrimitiveTypeInfo
instanceKlass java/util/StringJoiner
instanceKlass java/lang/reflect/ProxyGenerator$ProxyMethod
instanceKlass jdk/internal/module/Checks
instanceKlass java/lang/module/ModuleDescriptor$Builder
instanceKlass java/lang/reflect/Proxy$ProxyBuilder
instanceKlass java/lang/reflect/Proxy
instanceKlass sun/reflect/annotation/AnnotationInvocationHandler
instanceKlass java/lang/reflect/InvocationHandler
instanceKlass sun/reflect/annotation/AnnotationParser$1
instanceKlass java/lang/annotation/Documented
instanceKlass java/lang/annotation/Inherited
instanceKlass java/lang/annotation/Retention
instanceKlass sun/reflect/annotation/ExceptionProxy
instanceKlass sun/reflect/annotation/AnnotationType$1
instanceKlass sun/reflect/annotation/AnnotationType
instanceKlass java/lang/reflect/GenericArrayType
instanceKlass org/apache/logging/log4j/core/config/plugins/Plugin
instanceKlass sun/reflect/generics/visitor/Reifier
instanceKlass sun/reflect/generics/visitor/TypeTreeVisitor
instanceKlass sun/reflect/generics/factory/CoreReflectionFactory
instanceKlass sun/reflect/generics/factory/GenericsFactory
instanceKlass sun/reflect/generics/scope/AbstractScope
instanceKlass sun/reflect/generics/scope/Scope
instanceKlass sun/reflect/generics/tree/ClassTypeSignature
instanceKlass sun/reflect/generics/tree/SimpleClassTypeSignature
instanceKlass sun/reflect/generics/tree/FieldTypeSignature
instanceKlass sun/reflect/generics/tree/BaseType
instanceKlass sun/reflect/generics/tree/TypeSignature
instanceKlass sun/reflect/generics/tree/ReturnType
instanceKlass sun/reflect/generics/tree/TypeArgument
instanceKlass sun/reflect/generics/tree/TypeTree
instanceKlass sun/reflect/generics/tree/Tree
instanceKlass sun/reflect/generics/parser/SignatureParser
instanceKlass org/apache/logging/log4j/core/pattern/ConverterKeys
instanceKlass org/apache/logging/log4j/core/pattern/PatternParser
instanceKlass org/apache/logging/log4j/core/layout/StringBuilderEncoder
instanceKlass org/apache/logging/log4j/core/layout/PatternLayout$PatternSerializer
instanceKlass org/apache/logging/log4j/core/layout/AbstractStringLayout$Serializer
instanceKlass org/apache/logging/log4j/core/layout/PatternLayout$SerializerBuilder
instanceKlass org/apache/logging/log4j/core/layout/PatternLayout$Builder
instanceKlass org/apache/logging/log4j/core/layout/AbstractStringLayout$Serializer2
instanceKlass org/apache/logging/log4j/spi/LoggerRegistry$ConcurrentMapFactory
instanceKlass org/apache/logging/log4j/spi/LoggerRegistry$MapFactory
instanceKlass org/apache/logging/log4j/spi/LoggerRegistry
instanceKlass org/apache/logging/log4j/core/config/Node
instanceKlass org/apache/logging/log4j/core/util/DummyNanoClock
instanceKlass org/apache/logging/log4j/core/util/WatchEventService
instanceKlass java/util/UUID
instanceKlass org/apache/logging/log4j/core/util/WatchManager$LocalUUID
instanceKlass java/util/concurrent/Future
instanceKlass java/util/concurrent/ScheduledExecutorService
instanceKlass java/util/concurrent/ExecutorService
instanceKlass java/util/concurrent/Executor
instanceKlass org/apache/logging/log4j/core/config/DefaultReliabilityStrategy
instanceKlass org/apache/logging/log4j/core/config/LocationAwareReliabilityStrategy
instanceKlass sun/reflect/misc/ReflectUtil
instanceKlass java/util/concurrent/atomic/AtomicReferenceFieldUpdater$AtomicReferenceFieldUpdaterImpl$1
instanceKlass java/util/concurrent/atomic/AtomicReferenceFieldUpdater
instanceKlass org/apache/logging/log4j/core/config/AppenderControlArraySet
instanceKlass org/apache/logging/log4j/core/util/SystemClock
instanceKlass org/apache/logging/log4j/core/time/PreciseClock
instanceKlass org/apache/logging/log4j/core/util/Clock
instanceKlass org/apache/logging/log4j/core/util/ClockFactory
instanceKlass org/apache/logging/log4j/core/impl/ReusableLogEventFactory
instanceKlass org/apache/logging/log4j/core/impl/LogEventFactory
instanceKlass org/apache/logging/log4j/core/impl/LocationAwareLogEventFactory
instanceKlass org/apache/logging/log4j/core/config/ReliabilityStrategy
instanceKlass org/apache/logging/log4j/core/LogEvent
instanceKlass java/util/DualPivotQuicksort
instanceKlass org/apache/logging/log4j/core/lookup/StrMatcher
instanceKlass sun/management/Util
instanceKlass java/util/Collections$2
instanceKlass sun/management/RuntimeImpl
instanceKlass java/util/stream/ReduceOps$2ReducingSink
instanceKlass java/util/Collections$1
instanceKlass jdk/management/jfr/internal/FlightRecorderMXBeanProvider$SingleMBeanComponent
instanceKlass jdk/management/jfr/FlightRecorderMXBean
instanceKlass java/lang/management/DefaultPlatformMBeanProvider$11
instanceKlass java/lang/management/DefaultPlatformMBeanProvider$10
instanceKlass java/lang/management/DefaultPlatformMBeanProvider$9
instanceKlass java/util/logging/LogManager
instanceKlass sun/management/ManagementFactoryHelper$LoggingMXBeanAccess$1
instanceKlass sun/management/ManagementFactoryHelper$LoggingMXBeanAccess
instanceKlass java/lang/management/DefaultPlatformMBeanProvider$8
instanceKlass java/lang/management/DefaultPlatformMBeanProvider$7
instanceKlass java/lang/management/DefaultPlatformMBeanProvider$6
instanceKlass java/lang/management/DefaultPlatformMBeanProvider$5
instanceKlass java/lang/management/DefaultPlatformMBeanProvider$4
instanceKlass java/lang/management/DefaultPlatformMBeanProvider$3
instanceKlass java/lang/management/DefaultPlatformMBeanProvider$2
instanceKlass java/lang/management/DefaultPlatformMBeanProvider$1
instanceKlass java/util/concurrent/Callable
instanceKlass com/sun/management/internal/PlatformMBeanProviderImpl$5
instanceKlass sun/management/VMManagementImpl
instanceKlass sun/management/VMManagement
instanceKlass sun/management/ManagementFactoryHelper
instanceKlass sun/management/NotificationEmitterSupport
instanceKlass javax/management/NotificationEmitter
instanceKlass javax/management/NotificationBroadcaster
instanceKlass com/sun/management/DiagnosticCommandMBean
instanceKlass javax/management/DynamicMBean
instanceKlass com/sun/management/internal/PlatformMBeanProviderImpl$4
instanceKlass com/sun/management/internal/PlatformMBeanProviderImpl$3
instanceKlass com/sun/management/internal/PlatformMBeanProviderImpl$2
instanceKlass java/util/function/BiConsumer
instanceKlass java/util/stream/Collectors$CollectorImpl
instanceKlass java/util/stream/Collector
instanceKlass java/util/stream/Collectors
instanceKlass com/sun/management/internal/PlatformMBeanProviderImpl$1
instanceKlass sun/management/spi/PlatformMBeanProvider$PlatformComponent
instanceKlass sun/management/spi/PlatformMBeanProvider
instanceKlass java/security/Security$2
instanceKlass jdk/internal/access/JavaSecurityPropertiesAccess
instanceKlass java/io/FileInputStream$1
instanceKlass java/util/Properties$LineReader
instanceKlass java/security/Security$1
instanceKlass java/security/Security
instanceKlass sun/security/util/SecurityProperties
instanceKlass sun/security/util/FilePermCompat
instanceKlass java/io/FilePermission$1
instanceKlass jdk/internal/access/JavaIOFilePermissionAccess
instanceKlass java/lang/management/ManagementFactory$PlatformMBeanFinder$1
instanceKlass java/lang/management/ManagementFactory$PlatformMBeanFinder
instanceKlass java/lang/management/RuntimeMXBean
instanceKlass java/lang/management/PlatformManagedObject
instanceKlass java/lang/management/ManagementFactory
instanceKlass org/apache/logging/log4j/core/net/JndiManager$JndiManagerFactory
instanceKlass javax/naming/Context
instanceKlass org/apache/logging/log4j/core/appender/ManagerFactory
instanceKlass org/apache/logging/log4j/core/appender/AbstractManager
instanceKlass org/apache/logging/log4j/core/impl/ThreadContextDataProvider
instanceKlass org/apache/logging/log4j/core/util/ContextDataProvider
instanceKlass java/util/concurrent/ConcurrentLinkedDeque$Node
instanceKlass org/apache/logging/log4j/core/impl/ThreadContextDataInjector
instanceKlass org/apache/logging/log4j/core/impl/ThreadContextDataInjector$ForCopyOnWriteThreadContextMap
instanceKlass org/apache/logging/log4j/spi/DefaultThreadContextStack
instanceKlass org/apache/logging/log4j/spi/DefaultThreadContextMap
instanceKlass org/apache/logging/log4j/spi/GarbageFreeSortedArrayThreadContextMap
instanceKlass java/io/ObjectInputFilter$FilterInfo
instanceKlass org/apache/logging/log4j/util/internal/DefaultObjectInputFilter
instanceKlass java/io/ObjectInputStream$GetField
instanceKlass java/io/ObjectInputFilter
instanceKlass java/io/ObjectInputValidation
instanceKlass java/lang/PublicMethods
instanceKlass org/apache/logging/log4j/util/TriConsumer
instanceKlass java/io/ObjectStreamConstants
instanceKlass java/io/ObjectInput
instanceKlass org/apache/logging/log4j/util/SortedArrayStringMap
instanceKlass org/apache/logging/log4j/util/IndexedStringMap
instanceKlass org/apache/logging/log4j/util/IndexedReadOnlyStringMap
instanceKlass org/apache/logging/log4j/util/StringMap
instanceKlass org/apache/logging/log4j/util/ReadOnlyStringMap
instanceKlass org/apache/logging/log4j/spi/CopyOnWriteSortedArrayThreadContextMap
instanceKlass org/apache/logging/log4j/spi/CopyOnWrite
instanceKlass org/apache/logging/log4j/spi/ObjectThreadContextMap
instanceKlass org/apache/logging/log4j/spi/CleanableThreadContextMap
instanceKlass org/apache/logging/log4j/spi/ThreadContextMap2
instanceKlass org/apache/logging/log4j/spi/ReadOnlyThreadContextMap
instanceKlass org/apache/logging/log4j/spi/ThreadContextMapFactory
instanceKlass org/apache/logging/log4j/ThreadContext$EmptyIterator
instanceKlass org/apache/logging/log4j/spi/ThreadContextMap
instanceKlass org/apache/logging/log4j/spi/ThreadContextStack
instanceKlass org/apache/logging/log4j/ThreadContext$ContextStack
instanceKlass org/apache/logging/log4j/ThreadContext
instanceKlass org/apache/logging/log4j/core/ContextDataInjector
instanceKlass org/apache/logging/log4j/core/impl/ContextDataInjectorFactory
instanceKlass org/apache/logging/log4j/core/util/ReflectionUtil
instanceKlass java/util/concurrent/CopyOnWriteArrayList$COWIterator
instanceKlass org/apache/logging/log4j/util/Supplier
instanceKlass org/apache/logging/log4j/core/util/AbstractWatcher
instanceKlass org/apache/logging/log4j/core/config/plugins/convert/TypeConverters$UuidConverter
instanceKlass org/apache/logging/log4j/core/config/plugins/convert/TypeConverters$UrlConverter
instanceKlass org/apache/logging/log4j/core/config/plugins/convert/TypeConverters$UriConverter
instanceKlass org/apache/logging/log4j/core/config/plugins/convert/TypeConverters$StringConverter
instanceKlass org/apache/logging/log4j/core/config/plugins/convert/TypeConverters$ShortConverter
instanceKlass org/apache/logging/log4j/core/config/plugins/convert/TypeConverters$SecurityProviderConverter
instanceKlass org/apache/logging/log4j/core/config/plugins/convert/TypeConverters$PatternConverter
instanceKlass org/apache/logging/log4j/core/config/plugins/convert/TypeConverters$PathConverter
instanceKlass org/apache/logging/log4j/core/config/plugins/convert/TypeConverters$LongConverter
instanceKlass org/apache/logging/log4j/core/config/plugins/convert/TypeConverters$LevelConverter
instanceKlass org/apache/logging/log4j/core/config/plugins/convert/TypeConverters$IntegerConverter
instanceKlass org/apache/logging/log4j/core/config/plugins/convert/TypeConverters$InetAddressConverter
instanceKlass org/apache/logging/log4j/core/config/plugins/convert/TypeConverters$FloatConverter
instanceKlass org/apache/logging/log4j/core/config/plugins/convert/TypeConverters$FileConverter
instanceKlass org/apache/logging/log4j/core/config/plugins/convert/TypeConverters$DurationConverter
instanceKlass org/apache/logging/log4j/core/config/plugins/convert/TypeConverters$DoubleConverter
instanceKlass org/apache/logging/log4j/core/config/plugins/convert/TypeConverters$CronExpressionConverter
instanceKlass org/apache/logging/log4j/core/config/plugins/convert/TypeConverters$ClassConverter
instanceKlass org/apache/logging/log4j/core/config/plugins/convert/TypeConverters$CharsetConverter
instanceKlass org/apache/logging/log4j/core/config/plugins/convert/TypeConverters$CharArrayConverter
instanceKlass org/apache/logging/log4j/core/config/plugins/convert/TypeConverters$CharacterConverter
instanceKlass org/apache/logging/log4j/core/config/plugins/convert/TypeConverters$ByteArrayConverter
instanceKlass org/apache/logging/log4j/core/config/plugins/convert/TypeConverters$ByteConverter
instanceKlass org/apache/logging/log4j/core/config/plugins/convert/TypeConverters$BooleanConverter
instanceKlass org/apache/logging/log4j/core/config/plugins/convert/TypeConverters$BigIntegerConverter
instanceKlass org/apache/logging/log4j/core/config/plugins/convert/TypeConverters$BigDecimalConverter
instanceKlass org/apache/logging/log4j/core/config/plugins/convert/TypeConverter
instanceKlass org/apache/logging/log4j/core/lookup/UpperLookup
instanceKlass org/apache/logging/log4j/core/lookup/StructuredDataLookup
instanceKlass org/apache/logging/log4j/core/lookup/LowerLookup
instanceKlass org/apache/logging/log4j/core/lookup/MapLookup
instanceKlass org/apache/logging/log4j/core/lookup/DateLookup
instanceKlass org/apache/logging/log4j/core/lookup/ContextMapLookup
instanceKlass org/apache/logging/log4j/core/pattern/FileDatePatternConverter
instanceKlass org/apache/logging/log4j/core/config/arbiters/SystemPropertyArbiter
instanceKlass org/apache/logging/log4j/core/net/ssl/SslConfiguration
instanceKlass org/apache/logging/log4j/core/appender/rolling/action/PathSortByModificationTime
instanceKlass org/apache/logging/log4j/core/appender/rolling/action/PathSorter
instanceKlass org/apache/logging/log4j/core/net/SocketPerformancePreferences
instanceKlass org/apache/logging/log4j/core/net/SocketOptions
instanceKlass org/apache/logging/log4j/core/util/Builder
instanceKlass org/apache/logging/log4j/core/net/SocketAddress
instanceKlass org/apache/logging/log4j/core/config/arbiters/SelectArbiter
instanceKlass org/apache/logging/log4j/core/config/ScriptsPlugin
instanceKlass org/apache/logging/log4j/core/layout/ScriptPatternSelector
instanceKlass org/apache/logging/log4j/core/appender/rolling/action/ScriptCondition
instanceKlass org/apache/logging/log4j/core/config/arbiters/ScriptArbiter
instanceKlass org/apache/logging/log4j/core/script/AbstractScript
instanceKlass org/apache/logging/log4j/core/appender/routing/Routes
instanceKlass org/apache/logging/log4j/core/appender/routing/Route
instanceKlass org/apache/logging/log4j/core/pattern/RegexReplacement
instanceKlass org/apache/logging/log4j/core/appender/rewrite/PropertiesRewritePolicy
instanceKlass org/apache/logging/log4j/core/config/PropertiesPlugin
instanceKlass org/apache/logging/log4j/core/layout/PatternMatch
instanceKlass org/apache/logging/log4j/core/net/MulticastDnsAdvertiser
instanceKlass org/apache/logging/log4j/core/layout/MarkerPatternSelector
instanceKlass org/apache/logging/log4j/core/appender/rewrite/MapRewritePolicy
instanceKlass org/apache/logging/log4j/core/config/LoggersPlugin
instanceKlass org/apache/logging/log4j/core/appender/rewrite/LoggerNameLevelRewritePolicy
instanceKlass org/apache/logging/log4j/core/appender/rewrite/RewritePolicy
instanceKlass org/apache/logging/log4j/core/layout/LoggerFields
instanceKlass org/apache/logging/log4j/core/async/LinkedTransferQueueFactory
instanceKlass org/apache/logging/log4j/core/layout/LevelPatternSelector
instanceKlass org/apache/logging/log4j/core/layout/PatternSelector
instanceKlass org/apache/logging/log4j/core/util/KeyValuePair
instanceKlass org/apache/logging/log4j/core/net/ssl/StoreConfiguration
instanceKlass org/apache/logging/log4j/core/async/JCToolsBlockingQueueFactory
instanceKlass org/apache/logging/log4j/core/appender/rolling/action/IfNot
instanceKlass org/apache/logging/log4j/core/appender/rolling/action/IfLastModified
instanceKlass org/apache/logging/log4j/core/appender/rolling/action/IfFileName
instanceKlass org/apache/logging/log4j/core/appender/rolling/action/IfAny
instanceKlass org/apache/logging/log4j/core/appender/rolling/action/IfAll
instanceKlass org/apache/logging/log4j/core/appender/rolling/action/IfAccumulatedFileSize
instanceKlass org/apache/logging/log4j/core/appender/rolling/action/IfAccumulatedFileCount
instanceKlass org/apache/logging/log4j/core/appender/rolling/action/PathCondition
instanceKlass org/apache/logging/log4j/core/appender/routing/PurgePolicy
instanceKlass org/apache/logging/log4j/core/appender/FailoversPlugin
instanceKlass org/apache/logging/log4j/core/async/DisruptorBlockingQueueFactory
instanceKlass org/apache/logging/log4j/core/appender/rolling/DirectFileRolloverStrategy
instanceKlass org/apache/logging/log4j/core/appender/rolling/action/AbstractAction
instanceKlass org/apache/logging/log4j/core/appender/rolling/action/Action
instanceKlass org/apache/logging/log4j/core/appender/rolling/AbstractRolloverStrategy
instanceKlass org/apache/logging/log4j/core/appender/rolling/RolloverStrategy
instanceKlass org/apache/logging/log4j/core/config/arbiters/DefaultArbiter
instanceKlass org/apache/logging/log4j/core/config/CustomLevels
instanceKlass org/apache/logging/log4j/core/config/CustomLevelConfig
instanceKlass org/apache/logging/log4j/core/layout/AbstractLayout
instanceKlass org/apache/logging/log4j/core/StringLayout
instanceKlass org/apache/logging/log4j/core/appender/rolling/TriggeringPolicy
instanceKlass org/apache/logging/log4j/core/appender/db/jdbc/ConnectionSource
instanceKlass org/apache/logging/log4j/core/appender/db/ColumnMapping
instanceKlass org/apache/logging/log4j/core/appender/db/jdbc/ColumnConfig
instanceKlass org/apache/logging/log4j/core/config/arbiters/ClassArbiter
instanceKlass org/apache/logging/log4j/core/config/arbiters/Arbiter
instanceKlass org/apache/logging/log4j/core/async/AsyncWaitStrategyFactoryConfig
instanceKlass org/apache/logging/log4j/core/async/ArrayBlockingQueueFactory
instanceKlass org/apache/logging/log4j/core/async/BlockingQueueFactory
instanceKlass org/apache/logging/log4j/core/appender/AppenderSet
instanceKlass org/apache/logging/log4j/core/config/AppendersPlugin
instanceKlass org/apache/logging/log4j/core/config/AppenderRef
instanceKlass org/apache/logging/log4j/core/pattern/AnsiConverter
instanceKlass org/apache/logging/log4j/core/pattern/ArrayPatternConverter
instanceKlass org/apache/logging/log4j/core/impl/LocationAware
instanceKlass org/apache/logging/log4j/core/pattern/AbstractPatternConverter
instanceKlass org/apache/logging/log4j/core/pattern/PatternConverter
instanceKlass org/apache/logging/log4j/core/config/plugins/util/PluginType
instanceKlass org/apache/logging/log4j/core/config/builder/api/ConfigurationBuilderFactory
instanceKlass org/apache/logging/log4j/core/config/plugins/processor/PluginEntry
instanceKlass jdk/internal/misc/ScopedMemoryAccess$Scope
instanceKlass org/apache/logging/log4j/core/config/plugins/processor/PluginCache
instanceKlass org/apache/logging/log4j/core/config/plugins/util/ResolverUtil$Test
instanceKlass org/apache/logging/log4j/core/config/plugins/util/PluginRegistry
instanceKlass org/apache/logging/log4j/core/config/plugins/util/PluginManager
instanceKlass org/apache/logging/log4j/core/lookup/PropertiesLookup
instanceKlass org/apache/logging/log4j/core/lookup/LookupResult
instanceKlass org/apache/logging/log4j/core/lookup/AbstractLookup
instanceKlass org/apache/logging/log4j/core/config/LoggerContextAware
instanceKlass org/apache/logging/log4j/core/config/DefaultAdvertiser
instanceKlass org/apache/logging/log4j/core/config/Property
instanceKlass org/apache/logging/log4j/core/config/ConfigurationSource
instanceKlass org/apache/logging/log4j/core/util/NanoClock
instanceKlass org/apache/logging/log4j/core/net/Advertiser
instanceKlass org/apache/logging/log4j/core/Appender
instanceKlass org/apache/logging/log4j/core/Layout
instanceKlass org/apache/logging/log4j/core/layout/Encoder
instanceKlass org/apache/logging/log4j/core/lookup/StrLookup
instanceKlass org/apache/logging/log4j/core/util/Watcher
instanceKlass org/apache/logging/log4j/core/async/AsyncLoggerConfigDelegate
instanceKlass org/apache/logging/log4j/core/lookup/StrSubstitutor
instanceKlass org/apache/logging/log4j/core/config/ConfigurationAware
instanceKlass org/apache/logging/log4j/core/Filter
instanceKlass org/apache/logging/log4j/core/AbstractLifeCycle
instanceKlass org/apache/logging/log4j/spi/LoggerContextShutdownEnabled
instanceKlass org/apache/logging/log4j/core/config/ConfigurationListener
instanceKlass org/apache/logging/log4j/spi/Terminable
instanceKlass java/util/stream/WhileOps$DropWhileSink
instanceKlass java/util/stream/WhileOps$DropWhileOp
instanceKlass java/util/stream/WhileOps
instanceKlass java/lang/StackStreamFactory$FrameBuffer
instanceKlass java/lang/StackStreamFactory$1
instanceKlass java/lang/StackStreamFactory
instanceKlass org/apache/logging/log4j/util/StackLocator
instanceKlass org/apache/logging/log4j/util/StackLocatorUtil
instanceKlass org/apache/logging/log4j/internal/LogManagerStatus
instanceKlass java/lang/Shutdown$Lock
instanceKlass java/lang/Shutdown
instanceKlass java/lang/ApplicationShutdownHooks$1
instanceKlass java/lang/ApplicationShutdownHooks
instanceKlass java/util/concurrent/Executors$DefaultThreadFactory
instanceKlass java/util/concurrent/Executors
instanceKlass org/apache/logging/log4j/core/util/Cancellable
instanceKlass org/apache/logging/log4j/core/util/DefaultShutdownCallbackRegistry
instanceKlass org/apache/logging/log4j/core/LifeCycle2
instanceKlass java/util/concurrent/atomic/AtomicReference
instanceKlass org/apache/logging/log4j/core/selector/ClassLoaderContextSelector
instanceKlass org/apache/logging/log4j/core/util/Loader
instanceKlass org/apache/logging/log4j/core/util/Constants
instanceKlass org/apache/logging/log4j/core/config/Configuration
instanceKlass org/apache/logging/log4j/core/filter/Filterable
instanceKlass org/apache/logging/log4j/core/LifeCycle
instanceKlass org/apache/logging/log4j/spi/LoggerContext
instanceKlass org/apache/logging/log4j/core/selector/ContextSelector
instanceKlass org/apache/logging/log4j/core/impl/Log4jContextFactory
instanceKlass org/apache/logging/log4j/core/util/ShutdownCallbackRegistry
instanceKlass org/apache/logging/log4j/spi/Provider
instanceKlass org/apache/logging/log4j/util/ProviderUtil
instanceKlass org/apache/logging/log4j/spi/LoggerContextFactory
instanceKlass org/apache/logging/log4j/LogManager
instanceKlass org/apache/logging/slf4j/Log4jMDCAdapter$ThreadLocalMapOfStacks
instanceKlass org/apache/logging/slf4j/Log4jMDCAdapter
instanceKlass org/apache/logging/log4j/spi/AbstractLoggerAdapter
instanceKlass org/apache/logging/log4j/spi/LoggerContextShutdownAware
instanceKlass org/apache/logging/log4j/spi/LoggerAdapter
instanceKlass java/text/Format
instanceKlass java/util/RegularEnumSet$EnumSetIterator
instanceKlass org/apache/logging/log4j/util/Strings
instanceKlass org/apache/logging/log4j/Level
instanceKlass java/util/concurrent/ConcurrentLinkedQueue$Node
instanceKlass java/util/concurrent/locks/ReentrantReadWriteLock$WriteLock
instanceKlass java/util/concurrent/locks/ReentrantReadWriteLock$ReadLock
instanceKlass java/util/concurrent/locks/ReentrantReadWriteLock
instanceKlass org/apache/logging/log4j/message/EntryMessage
instanceKlass org/apache/logging/log4j/message/ExitMessage
instanceKlass org/apache/logging/log4j/message/FlowMessage
instanceKlass org/apache/logging/log4j/status/SimpleLoggerFactory
instanceKlass org/apache/logging/log4j/internal/DefaultLogBuilder
instanceKlass org/apache/logging/log4j/BridgeAware
instanceKlass org/apache/logging/log4j/message/DefaultFlowMessageFactory
instanceKlass org/apache/logging/log4j/message/FlowMessageFactory
instanceKlass java/util/regex/Pattern$1
instanceKlass java/util/concurrent/ConcurrentSkipListMap$Iter
instanceKlass java/util/regex/IntHashSet
instanceKlass java/util/regex/Matcher
instanceKlass java/util/regex/MatchResult
instanceKlass java/util/regex/Pattern$TreeInfo
instanceKlass java/util/regex/Pattern$BitClass
instanceKlass java/util/regex/Pattern$BmpCharPredicate
instanceKlass java/util/regex/Pattern$CharPredicate
instanceKlass java/util/regex/ASCII
instanceKlass java/util/regex/Pattern$Node
instanceKlass java/util/regex/Pattern
instanceKlass org/apache/logging/log4j/util/PropertySource$Util
instanceKlass java/util/HashMap$HashMapSpliterator
instanceKlass java/lang/ProcessEnvironment$CheckedEntry
instanceKlass java/lang/ProcessEnvironment$CheckedEntrySet$1
instanceKlass java/lang/ProcessEnvironment$EntryComparator
instanceKlass java/lang/ProcessEnvironment$NameComparator
instanceKlass java/util/Collections$UnmodifiableCollection$1
instanceKlass java/util/concurrent/ConcurrentHashMap$MapEntry
instanceKlass java/util/stream/ReduceOps$Box
instanceKlass java/util/stream/ReduceOps$AccumulatingSink
instanceKlass java/util/stream/ReduceOps$ReduceOp
instanceKlass java/util/stream/ReduceOps
instanceKlass java/util/function/BinaryOperator
instanceKlass java/util/concurrent/ConcurrentSkipListMap$CSLMSpliterator
instanceKlass org/apache/logging/log4j/util/SystemPropertiesPropertySource
instanceKlass org/apache/logging/log4j/util/EnvironmentPropertySource
instanceKlass java/util/stream/ForEachOps$ForEachOp
instanceKlass java/util/stream/ForEachOps
instanceKlass java/util/stream/Sink$ChainedReference
instanceKlass java/util/stream/FindOps$FindOp
instanceKlass java/util/stream/TerminalOp
instanceKlass java/util/stream/FindOps$FindSink
instanceKlass java/util/stream/TerminalSink
instanceKlass java/util/stream/Sink
instanceKlass java/util/stream/FindOps
instanceKlass java/util/function/Predicate
instanceKlass java/util/ArrayList$ArrayListSpliterator
instanceKlass org/osgi/framework/BundleReference
instanceKlass org/osgi/framework/Bundle
instanceKlass org/osgi/framework/connect/FrameworkUtilHelper
instanceKlass org/osgi/framework/Filter
instanceKlass org/osgi/framework/FrameworkUtil
instanceKlass org/apache/logging/log4j/util/OsgiServiceLocator
instanceKlass java/lang/invoke/MethodHandleImpl$ArrayAccessor
instanceKlass java/lang/invoke/MethodHandleImpl$2
instanceKlass java/lang/invoke/MethodHandleImpl$LoopClauses
instanceKlass java/lang/invoke/MethodHandleImpl$CasesHolder
instanceKlass java/lang/invoke/MethodHandleImpl$BindCaller
instanceKlass org/apache/logging/log4j/util/ServiceLoaderUtil$ServiceLoaderSpliterator
instanceKlass org/apache/logging/log4j/util/ServiceLoaderUtil
instanceKlass java/util/concurrent/atomic/Striped64$1
instanceKlass jdk/internal/util/random/RandomSupport
instanceKlass java/util/Random
instanceKlass java/util/random/RandomGenerator
instanceKlass java/lang/invoke/VarHandle$AccessDescriptor
instanceKlass java/util/Collections$SynchronizedCollection
instanceKlass java/util/Properties$EntrySet
instanceKlass org/apache/logging/log4j/util/BiConsumer
instanceKlass java/util/concurrent/ConcurrentSkipListMap$Node
instanceKlass java/lang/invoke/VarForm
instanceKlass java/lang/invoke/VarHandleGuards
instanceKlass jdk/internal/util/Preconditions$1
instanceKlass java/lang/invoke/VarHandle$1
instanceKlass java/lang/ClassValue$Version
instanceKlass java/lang/ClassValue$Identity
instanceKlass java/lang/ClassValue
instanceKlass java/lang/invoke/VarHandles
instanceKlass java/util/concurrent/ConcurrentSkipListMap$Index
instanceKlass java/util/concurrent/ConcurrentNavigableMap
instanceKlass org/apache/logging/log4j/util/PropertySource$Comparator
instanceKlass org/apache/logging/log4j/util/PropertiesUtil$Environment
instanceKlass org/apache/logging/log4j/util/LoaderUtil$ThreadContextClassLoaderGetter
instanceKlass org/apache/logging/log4j/util/LoaderUtil
instanceKlass org/apache/logging/log4j/util/PropertiesPropertySource
instanceKlass org/apache/logging/log4j/util/PropertySource
instanceKlass org/apache/logging/log4j/util/PropertiesUtil
instanceKlass org/apache/logging/log4j/util/Constants
instanceKlass org/apache/logging/log4j/message/AbstractMessageFactory
instanceKlass org/apache/logging/log4j/message/ReusableMessageFactory
instanceKlass org/apache/logging/log4j/MarkerManager$Log4jMarker
instanceKlass org/apache/logging/log4j/util/StringBuilderFormattable
instanceKlass org/apache/logging/log4j/Marker
instanceKlass org/apache/logging/log4j/MarkerManager
instanceKlass java/util/concurrent/locks/ReadWriteLock
instanceKlass org/apache/logging/log4j/LogBuilder
instanceKlass org/apache/logging/log4j/message/Message
instanceKlass org/apache/logging/log4j/message/MessageFactory2
instanceKlass org/apache/logging/log4j/message/MessageFactory
instanceKlass org/apache/logging/log4j/spi/AbstractLogger
instanceKlass org/apache/logging/log4j/spi/LocationAwareLogger
instanceKlass org/apache/logging/log4j/spi/ExtendedLogger
instanceKlass org/apache/logging/log4j/Logger
instanceKlass org/apache/logging/slf4j/Log4jMarkerFactory
instanceKlass java/util/ServiceLoader$ProviderImpl
instanceKlass java/util/ServiceLoader$Provider
instanceKlass java/util/ServiceLoader$1
instanceKlass org/apache/logging/slf4j/SLF4JServiceProvider
instanceKlass java/util/LinkedHashMap$LinkedHashIterator
instanceKlass java/nio/charset/CoderResult
instanceKlass java/io/Reader
instanceKlass java/lang/Readable
instanceKlass sun/net/www/MessageHeader
instanceKlass sun/net/www/protocol/jar/JarFileFactory
instanceKlass sun/net/www/protocol/jar/URLJarFile$URLJarFileCloseController
instanceKlass java/net/URLConnection
instanceKlass jdk/internal/loader/URLClassPath$1
instanceKlass java/lang/CompoundEnumeration
instanceKlass jdk/internal/loader/BuiltinClassLoader$1
instanceKlass java/util/Collections$EmptyEnumeration
instanceKlass java/util/Collections$EmptyIterator
instanceKlass jdk/internal/jimage/ImageLocation
instanceKlass jdk/internal/jimage/decompressor/Decompressor
instanceKlass jdk/internal/jimage/ImageStringsReader
instanceKlass jdk/internal/jimage/ImageStrings
instanceKlass jdk/internal/jimage/ImageHeader
instanceKlass jdk/internal/jimage/NativeImageBuffer$1
instanceKlass jdk/internal/jimage/NativeImageBuffer
instanceKlass jdk/internal/jimage/BasicImageReader$1
instanceKlass jdk/internal/jimage/BasicImageReader
instanceKlass jdk/internal/jimage/ImageReader
instanceKlass jdk/internal/jimage/ImageReaderFactory$1
instanceKlass java/net/URI$Parser
instanceKlass java/nio/file/FileSystems$DefaultFileSystemHolder$1
instanceKlass java/nio/file/FileSystems$DefaultFileSystemHolder
instanceKlass java/nio/file/FileSystems
instanceKlass java/nio/file/Paths
instanceKlass jdk/internal/jimage/ImageReaderFactory
instanceKlass jdk/internal/module/SystemModuleFinders$SystemImage
instanceKlass jdk/internal/module/SystemModuleFinders$SystemModuleReader
instanceKlass java/lang/module/ModuleReader
instanceKlass jdk/internal/loader/BuiltinClassLoader$5
instanceKlass jdk/internal/loader/BuiltinClassLoader$2
instanceKlass jdk/internal/module/Resources
instanceKlass java/util/ServiceLoader$3
instanceKlass java/util/ServiceLoader$2
instanceKlass java/util/ServiceLoader$LazyClassPathLookupIterator
instanceKlass java/util/Spliterators$1Adapter
instanceKlass java/util/function/Consumer
instanceKlass sun/reflect/annotation/AnnotationParser
instanceKlass java/lang/Class$3
instanceKlass java/util/EnumMap$1
instanceKlass java/util/stream/StreamOpFlag$MaskBuilder
instanceKlass java/util/stream/Stream
instanceKlass java/util/stream/BaseStream
instanceKlass java/util/stream/PipelineHelper
instanceKlass java/util/stream/StreamSupport
instanceKlass java/util/Spliterators$ArraySpliterator
instanceKlass java/util/Spliterator$OfDouble
instanceKlass java/util/Spliterator$OfLong
instanceKlass java/util/Spliterator$OfInt
instanceKlass java/util/Spliterator$OfPrimitive
instanceKlass java/util/Spliterator
instanceKlass java/util/Spliterators$EmptySpliterator
instanceKlass java/util/Spliterators
instanceKlass java/util/ServiceLoader$ModuleServicesLookupIterator
instanceKlass java/util/ServiceLoader
instanceKlass org/slf4j/helpers/Util
instanceKlass org/slf4j/helpers/NOPMDCAdapter
instanceKlass org/slf4j/helpers/NOPLoggerFactory
instanceKlass org/slf4j/helpers/NOP_FallbackServiceProvider
instanceKlass org/slf4j/helpers/ThreadLocalMapOfStacks
instanceKlass org/slf4j/helpers/BasicMDCAdapter
instanceKlass org/slf4j/Marker
instanceKlass org/slf4j/helpers/BasicMarkerFactory
instanceKlass java/util/concurrent/LinkedBlockingQueue$Node
instanceKlass java/util/concurrent/locks/AbstractQueuedSynchronizer$ConditionObject
instanceKlass java/util/concurrent/locks/Condition
instanceKlass java/util/concurrent/BlockingQueue
instanceKlass org/slf4j/Logger
instanceKlass org/slf4j/helpers/SubstituteLoggerFactory
instanceKlass org/slf4j/spi/MDCAdapter
instanceKlass org/slf4j/IMarkerFactory
instanceKlass org/slf4j/ILoggerFactory
instanceKlass org/slf4j/helpers/SubstituteServiceProvider
instanceKlass org/slf4j/spi/SLF4JServiceProvider
instanceKlass org/slf4j/event/LoggingEvent
instanceKlass org/slf4j/LoggerFactory
instanceKlass java/lang/PublicMethods$Key
instanceKlass java/lang/PublicMethods$MethodList
instanceKlass com/google/inject/Injector
instanceKlass org/pf4j/PluginManager
instanceKlass org/mule/dx/platform/MuleDXLauncher
instanceKlass java/security/SecureClassLoader$DebugHolder
instanceKlass java/security/PermissionCollection
instanceKlass java/security/SecureClassLoader$1
instanceKlass java/security/SecureClassLoader$CodeSourceKey
instanceKlass java/util/zip/Checksum$1
instanceKlass java/util/zip/CRC32
instanceKlass java/util/zip/Checksum
instanceKlass sun/nio/ByteBuffered
instanceKlass java/lang/Package$VersionInfo
instanceKlass java/lang/NamedPackage
instanceKlass jdk/internal/loader/Resource
instanceKlass jdk/internal/util/jar/JarIndex
instanceKlass jdk/internal/loader/FileURLMapper
instanceKlass jdk/internal/loader/URLClassPath$JarLoader$1
instanceKlass jdk/internal/loader/URLClassPath$Loader
instanceKlass jdk/internal/loader/URLClassPath$3
instanceKlass java/security/PrivilegedExceptionAction
instanceKlass sun/net/util/URLUtil
instanceKlass java/io/RandomAccessFile$1
instanceKlass java/util/jar/Attributes$Name
instanceKlass java/util/jar/Attributes
instanceKlass java/security/CodeSigner
instanceKlass java/util/jar/JarVerifier
instanceKlass sun/security/action/GetIntegerAction
instanceKlass sun/security/util/Debug
instanceKlass sun/security/util/SignatureFileVerifier
instanceKlass java/util/zip/ZipFile$InflaterCleanupAction
instanceKlass java/util/zip/Inflater$InflaterZStreamRef
instanceKlass java/util/zip/Inflater
instanceKlass java/util/zip/ZipEntry
instanceKlass java/nio/Bits$1
instanceKlass jdk/internal/misc/VM$BufferPool
instanceKlass java/nio/Bits
instanceKlass sun/nio/ch/DirectBuffer
instanceKlass jdk/internal/perf/PerfCounter$CoreCounters
instanceKlass jdk/internal/perf/Perf
instanceKlass jdk/internal/perf/Perf$GetPerfAction
instanceKlass jdk/internal/perf/PerfCounter
instanceKlass sun/util/locale/LocaleObjectCache
instanceKlass sun/util/locale/BaseLocale$Key
instanceKlass sun/util/locale/LocaleUtils
instanceKlass sun/util/locale/BaseLocale
instanceKlass java/util/Locale
instanceKlass java/nio/file/attribute/FileTime
instanceKlass java/util/TreeMap$PrivateEntryIterator
instanceKlass java/util/TreeMap$Entry
instanceKlass java/util/NavigableMap
instanceKlass java/util/SortedMap
instanceKlass java/util/NavigableSet
instanceKlass java/util/SortedSet
instanceKlass java/util/zip/ZipUtils
instanceKlass java/util/zip/ZipFile$Source$End
instanceKlass java/io/RandomAccessFile$2
instanceKlass jdk/internal/access/JavaIORandomAccessFileAccess
instanceKlass java/io/RandomAccessFile
instanceKlass java/io/DataInput
instanceKlass java/io/DataOutput
instanceKlass sun/nio/fs/WindowsNativeDispatcher$CompletionStatus
instanceKlass sun/nio/fs/WindowsNativeDispatcher$AclInformation
instanceKlass sun/nio/fs/WindowsNativeDispatcher$Account
instanceKlass sun/nio/fs/WindowsNativeDispatcher$DiskFreeSpace
instanceKlass sun/nio/fs/WindowsNativeDispatcher$VolumeInformation
instanceKlass sun/nio/fs/WindowsNativeDispatcher$FirstStream
instanceKlass sun/nio/fs/WindowsNativeDispatcher$FirstFile
instanceKlass java/util/Enumeration
instanceKlass java/util/concurrent/ConcurrentHashMap$Traverser
instanceKlass java/util/concurrent/ConcurrentHashMap$CollectionView
instanceKlass jdk/internal/loader/NativeLibraries$NativeLibraryImpl
instanceKlass jdk/internal/loader/NativeLibrary
instanceKlass java/util/ArrayDeque$DeqIterator
instanceKlass jdk/internal/loader/NativeLibraries$1
instanceKlass jdk/internal/loader/NativeLibraries$LibraryPaths
instanceKlass sun/nio/fs/WindowsNativeDispatcher
instanceKlass sun/nio/fs/NativeBuffer$Deallocator
instanceKlass sun/nio/fs/NativeBuffer
instanceKlass java/lang/ThreadLocal$ThreadLocalMap
instanceKlass sun/nio/fs/NativeBuffers
instanceKlass sun/nio/fs/WindowsFileAttributes
instanceKlass java/nio/file/attribute/DosFileAttributes
instanceKlass sun/nio/fs/AbstractBasicFileAttributeView
instanceKlass sun/nio/fs/DynamicFileAttributeView
instanceKlass sun/nio/fs/WindowsFileAttributeViews
instanceKlass sun/nio/fs/Util
instanceKlass java/nio/file/attribute/BasicFileAttributeView
instanceKlass java/nio/file/attribute/FileAttributeView
instanceKlass java/nio/file/attribute/AttributeView
instanceKlass java/nio/file/Files
instanceKlass java/nio/file/CopyOption
instanceKlass java/nio/file/attribute/BasicFileAttributes
instanceKlass sun/nio/fs/WindowsPath
instanceKlass java/nio/file/Path
instanceKlass java/nio/file/Watchable
instanceKlass java/util/zip/ZipFile$Source$Key
instanceKlass sun/nio/fs/WindowsPathParser$Result
instanceKlass sun/nio/fs/WindowsPathParser
instanceKlass java/util/Collections$UnmodifiableCollection
instanceKlass java/util/Arrays$ArrayItr
instanceKlass java/nio/file/FileSystem
instanceKlass java/nio/file/OpenOption
instanceKlass java/nio/file/spi/FileSystemProvider
instanceKlass sun/nio/fs/DefaultFileSystemProvider
instanceKlass java/util/zip/ZipFile$Source
instanceKlass java/util/zip/ZipCoder
instanceKlass java/util/zip/ZipFile$CleanableResource
instanceKlass java/lang/Runtime$Version
instanceKlass java/util/jar/JavaUtilJarAccessImpl
instanceKlass jdk/internal/access/JavaUtilJarAccess
instanceKlass java/util/zip/ZipFile$1
instanceKlass jdk/internal/access/JavaUtilZipFileAccess
instanceKlass java/util/zip/ZipFile
instanceKlass java/util/zip/ZipConstants
instanceKlass java/lang/StringCoding
instanceKlass sun/nio/cs/ArrayDecoder
instanceKlass java/nio/charset/CharsetDecoder
instanceKlass sun/launcher/LauncherHelper
instanceKlass java/lang/invoke/StringConcatFactory$3
instanceKlass java/lang/invoke/StringConcatFactory$2
instanceKlass java/lang/invoke/StringConcatFactory$1
instanceKlass java/lang/invoke/StringConcatFactory
instanceKlass java/util/function/BiFunction
instanceKlass java/lang/WeakPairMap$Pair$Lookup
instanceKlass java/lang/WeakPairMap$Pair
instanceKlass java/lang/WeakPairMap
instanceKlass java/lang/Module$ReflectionData
instanceKlass java/lang/ref/Cleaner$Cleanable
instanceKlass jdk/internal/ref/CleanerImpl
instanceKlass java/lang/ref/Cleaner$1
instanceKlass java/lang/ref/Cleaner
instanceKlass jdk/internal/ref/CleanerFactory$1
instanceKlass java/util/concurrent/ThreadFactory
instanceKlass jdk/internal/ref/CleanerFactory
instanceKlass jdk/internal/org/objectweb/asm/FieldVisitor
instanceKlass java/util/ArrayList$Itr
instanceKlass java/lang/invoke/InvokerBytecodeGenerator$ClassData
instanceKlass jdk/internal/org/objectweb/asm/Frame
instanceKlass java/lang/invoke/LambdaFormBuffer
instanceKlass java/lang/invoke/LambdaFormEditor$TransformKey
instanceKlass java/lang/invoke/LambdaFormEditor
instanceKlass sun/invoke/util/Wrapper$1
instanceKlass java/lang/invoke/DelegatingMethodHandle$Holder
instanceKlass java/lang/invoke/DirectMethodHandle$2
instanceKlass sun/invoke/empty/Empty
instanceKlass sun/invoke/util/VerifyType
instanceKlass java/lang/invoke/ClassSpecializer$Factory
instanceKlass java/lang/invoke/ClassSpecializer$SpeciesData
instanceKlass java/lang/invoke/ClassSpecializer$1
instanceKlass java/lang/invoke/ClassSpecializer
instanceKlass java/lang/invoke/InnerClassLambdaMetafactory$1
instanceKlass java/lang/invoke/MethodHandles$Lookup$ClassDefiner
instanceKlass jdk/internal/org/objectweb/asm/ClassReader
instanceKlass java/lang/invoke/MethodHandles$Lookup$ClassFile
instanceKlass jdk/internal/org/objectweb/asm/AnnotationVisitor
instanceKlass jdk/internal/org/objectweb/asm/Attribute
instanceKlass jdk/internal/org/objectweb/asm/Handler
instanceKlass jdk/internal/org/objectweb/asm/Label
instanceKlass jdk/internal/org/objectweb/asm/MethodVisitor
instanceKlass java/lang/invoke/LambdaProxyClassArchive
instanceKlass jdk/internal/org/objectweb/asm/ByteVector
instanceKlass jdk/internal/org/objectweb/asm/Symbol
instanceKlass jdk/internal/org/objectweb/asm/SymbolTable
instanceKlass jdk/internal/org/objectweb/asm/ClassVisitor
instanceKlass java/lang/invoke/InfoFromMemberName
instanceKlass java/lang/invoke/MethodHandleInfo
instanceKlass jdk/internal/org/objectweb/asm/ConstantDynamic
instanceKlass sun/invoke/util/BytecodeDescriptor
instanceKlass jdk/internal/org/objectweb/asm/Handle
instanceKlass sun/security/action/GetBooleanAction
instanceKlass jdk/internal/org/objectweb/asm/Type
instanceKlass java/lang/invoke/AbstractValidatingLambdaMetafactory
instanceKlass java/lang/invoke/MethodHandleImpl$1
instanceKlass jdk/internal/access/JavaLangInvokeAccess
instanceKlass java/lang/invoke/Invokers$Holder
instanceKlass java/lang/invoke/BootstrapMethodInvoker
instanceKlass java/lang/invoke/InvokerBytecodeGenerator$2
instanceKlass java/lang/invoke/InvokerBytecodeGenerator
instanceKlass java/lang/invoke/LambdaForm$Holder
instanceKlass java/lang/invoke/LambdaForm$Name
instanceKlass java/lang/reflect/Array
instanceKlass java/lang/invoke/Invokers
instanceKlass java/lang/invoke/MethodHandleImpl
instanceKlass sun/invoke/util/ValueConversions
instanceKlass java/lang/invoke/DirectMethodHandle$Holder
instanceKlass java/lang/invoke/LambdaForm$NamedFunction
instanceKlass sun/invoke/util/Wrapper$Format
instanceKlass java/lang/invoke/MethodTypeForm
instanceKlass java/lang/Void
instanceKlass java/lang/invoke/MethodType$ConcurrentWeakInternSet
instanceKlass java/lang/invoke/LambdaMetafactory
instanceKlass java/lang/ModuleLayer$Controller
instanceKlass java/util/concurrent/CopyOnWriteArrayList
instanceKlass jdk/internal/module/ServicesCatalog$ServiceProvider
instanceKlass jdk/internal/loader/AbstractClassLoaderValue$Memoizer
instanceKlass java/util/ImmutableCollections$ListItr
instanceKlass java/util/ListIterator
instanceKlass java/lang/ModuleLayer
instanceKlass jdk/internal/module/ModuleLoaderMap$Modules
instanceKlass jdk/internal/module/ModuleLoaderMap$Mapper
instanceKlass java/util/function/Function
instanceKlass jdk/internal/module/ModuleLoaderMap
instanceKlass java/util/AbstractMap$1$1
instanceKlass java/lang/module/ResolvedModule
instanceKlass java/lang/module/Configuration
instanceKlass jdk/internal/loader/BuiltinClassLoader$LoadedModule
instanceKlass jdk/internal/loader/AbstractClassLoaderValue
instanceKlass jdk/internal/module/ServicesCatalog
instanceKlass jdk/internal/util/Preconditions
instanceKlass sun/net/util/IPAddressUtil
instanceKlass java/net/URLStreamHandler
instanceKlass java/util/HexFormat
instanceKlass sun/net/www/ParseUtil
instanceKlass java/net/URL$3
instanceKlass jdk/internal/access/JavaNetURLAccess
instanceKlass java/net/URL$DefaultFactory
instanceKlass java/net/URLStreamHandlerFactory
instanceKlass jdk/internal/loader/URLClassPath
instanceKlass java/security/Principal
instanceKlass java/security/ProtectionDomain$Key
instanceKlass java/security/ProtectionDomain$JavaSecurityAccessImpl
instanceKlass jdk/internal/access/JavaSecurityAccess
instanceKlass java/lang/ClassLoader$ParallelLoaders
instanceKlass java/security/cert/Certificate
instanceKlass jdk/internal/loader/ArchivedClassLoaders
instanceKlass java/util/Deque
instanceKlass java/util/Queue
instanceKlass jdk/internal/loader/ClassLoaderHelper
instanceKlass jdk/internal/loader/NativeLibraries
instanceKlass jdk/internal/loader/BootLoader
instanceKlass java/util/Optional
instanceKlass jdk/internal/module/SystemModuleFinders$SystemModuleFinder
instanceKlass java/lang/module/ModuleFinder
instanceKlass jdk/internal/module/SystemModuleFinders$3
instanceKlass jdk/internal/module/ModuleHashes$HashSupplier
instanceKlass jdk/internal/module/SystemModuleFinders$2
instanceKlass java/util/function/Supplier
instanceKlass java/lang/module/ModuleReference
instanceKlass jdk/internal/module/ModuleResolution
instanceKlass java/util/Collections$UnmodifiableMap
instanceKlass jdk/internal/module/ModuleHashes$Builder
instanceKlass jdk/internal/module/ModuleHashes
instanceKlass jdk/internal/module/ModuleTarget
instanceKlass java/util/ImmutableCollections$Set12$1
instanceKlass java/lang/Enum
instanceKlass java/lang/module/ModuleDescriptor$Version
instanceKlass java/lang/module/ModuleDescriptor$Provides
instanceKlass java/lang/module/ModuleDescriptor$Opens
instanceKlass java/util/ImmutableCollections$SetN$SetNIterator
instanceKlass java/lang/module/ModuleDescriptor$Exports
instanceKlass java/lang/module/ModuleDescriptor$Requires
instanceKlass jdk/internal/module/Builder
instanceKlass jdk/internal/module/SystemModules$default
instanceKlass jdk/internal/module/SystemModules
instanceKlass jdk/internal/module/SystemModulesMap
instanceKlass java/net/URI$1
instanceKlass jdk/internal/access/JavaNetUriAccess
instanceKlass java/net/URI
instanceKlass jdk/internal/module/SystemModuleFinders
instanceKlass jdk/internal/module/ArchivedModuleGraph
instanceKlass jdk/internal/module/ArchivedBootLayer
instanceKlass jdk/internal/module/ModuleBootstrap$Counters
instanceKlass jdk/internal/module/ModulePatcher
instanceKlass java/io/FileSystem
instanceKlass java/io/DefaultFileSystem
instanceKlass java/io/File
instanceKlass java/lang/module/ModuleDescriptor$1
instanceKlass jdk/internal/access/JavaLangModuleAccess
instanceKlass sun/invoke/util/VerifyAccess
instanceKlass java/lang/module/ModuleDescriptor
instanceKlass jdk/internal/module/ModuleBootstrap
instanceKlass java/lang/invoke/MethodHandleStatics
instanceKlass java/util/Collections
instanceKlass sun/io/Win32ErrorMode
instanceKlass jdk/internal/misc/OSEnvironment
instanceKlass jdk/internal/misc/Signal$NativeHandler
instanceKlass java/util/Hashtable$Entry
instanceKlass jdk/internal/misc/Signal
instanceKlass java/lang/Terminator$1
instanceKlass jdk/internal/misc/Signal$Handler
instanceKlass java/lang/Terminator
instanceKlass java/nio/ByteOrder
instanceKlass java/nio/Buffer$1
instanceKlass jdk/internal/access/JavaNioAccess
instanceKlass jdk/internal/misc/ScopedMemoryAccess
instanceKlass java/nio/charset/CodingErrorAction
instanceKlass sun/nio/cs/SingleByte
instanceKlass java/lang/StringUTF16
instanceKlass sun/nio/cs/MS1252$Holder
instanceKlass sun/nio/cs/ArrayEncoder
instanceKlass java/nio/charset/CharsetEncoder
instanceKlass java/lang/reflect/Modifier
instanceKlass java/lang/Class$1
instanceKlass java/lang/Class$Atomic
instanceKlass java/lang/Class$ReflectionData
instanceKlass jdk/internal/util/ArraysSupport
instanceKlass java/nio/charset/StandardCharsets
instanceKlass sun/nio/cs/HistoricallyNamedCharset
instanceKlass sun/security/action/GetPropertyAction
instanceKlass java/lang/ThreadLocal
instanceKlass java/nio/charset/spi/CharsetProvider
instanceKlass java/nio/charset/Charset
instanceKlass java/io/Writer
instanceKlass java/io/OutputStream
instanceKlass java/io/Flushable
instanceKlass java/io/FileDescriptor$1
instanceKlass jdk/internal/access/JavaIOFileDescriptorAccess
instanceKlass java/io/FileDescriptor
instanceKlass jdk/internal/util/StaticProperty
instanceKlass java/util/HashMap$HashIterator
instanceKlass java/lang/Integer$IntegerCache
instanceKlass java/lang/CharacterData
instanceKlass java/util/Arrays
instanceKlass java/lang/VersionProps
instanceKlass java/lang/StringConcatHelper
instanceKlass jdk/internal/util/SystemProps$Raw
instanceKlass jdk/internal/misc/VM
instanceKlass jdk/internal/util/SystemProps
instanceKlass java/lang/System$2
instanceKlass jdk/internal/access/JavaLangAccess
instanceKlass java/lang/ref/Reference$1
instanceKlass jdk/internal/access/JavaLangRefAccess
instanceKlass java/lang/ref/ReferenceQueue$Lock
instanceKlass java/lang/ref/ReferenceQueue
instanceKlass jdk/internal/reflect/ReflectionFactory
instanceKlass jdk/internal/reflect/ReflectionFactory$GetReflectionFactoryAction
instanceKlass java/security/PrivilegedAction
instanceKlass java/util/concurrent/locks/LockSupport
instanceKlass java/util/concurrent/ConcurrentHashMap$Node
instanceKlass java/util/concurrent/ConcurrentHashMap$CounterCell
instanceKlass java/util/concurrent/locks/ReentrantLock
instanceKlass java/util/concurrent/locks/Lock
instanceKlass java/lang/Runtime
instanceKlass java/util/HashMap$Node
instanceKlass java/util/KeyValueHolder
instanceKlass java/util/Map$Entry
instanceKlass java/util/ImmutableCollections$MapN$MapNIterator
instanceKlass java/lang/Math
instanceKlass jdk/internal/reflect/Reflection
instanceKlass java/lang/invoke/MethodHandles$Lookup
instanceKlass java/lang/StringLatin1
instanceKlass java/security/Permission
instanceKlass java/security/Guard
instanceKlass java/lang/invoke/MemberName$Factory
instanceKlass java/lang/invoke/MethodHandles
instanceKlass jdk/internal/access/SharedSecrets
instanceKlass java/lang/reflect/ReflectAccess
instanceKlass jdk/internal/access/JavaLangReflectAccess
instanceKlass java/util/ImmutableCollections
instanceKlass java/util/Objects
instanceKlass java/util/Set
instanceKlass jdk/internal/misc/CDS
instanceKlass java/lang/Module$ArchivedData
instanceKlass java/lang/String$CaseInsensitiveComparator
instanceKlass java/util/Comparator
instanceKlass java/io/ObjectStreamField
instanceKlass jdk/internal/vm/vector/VectorSupport$VectorPayload
instanceKlass jdk/internal/vm/vector/VectorSupport
instanceKlass java/lang/reflect/RecordComponent
instanceKlass java/util/Iterator
instanceKlass java/lang/Number
instanceKlass java/lang/Character
instanceKlass java/lang/Boolean
instanceKlass java/util/concurrent/locks/AbstractOwnableSynchronizer
instanceKlass java/lang/LiveStackFrame
instanceKlass java/lang/StackFrameInfo
instanceKlass java/lang/StackWalker$StackFrame
instanceKlass java/lang/StackStreamFactory$AbstractStackWalker
instanceKlass java/lang/StackWalker
instanceKlass java/nio/Buffer
instanceKlass java/lang/StackTraceElement
instanceKlass java/util/RandomAccess
instanceKlass java/util/List
instanceKlass java/util/AbstractCollection
instanceKlass java/util/Collection
instanceKlass java/lang/Iterable
instanceKlass java/util/concurrent/ConcurrentMap
instanceKlass java/util/AbstractMap
instanceKlass java/security/CodeSource
instanceKlass jdk/internal/loader/ClassLoaders
instanceKlass java/util/jar/Manifest
instanceKlass java/net/URL
instanceKlass java/io/InputStream
instanceKlass java/io/Closeable
instanceKlass java/lang/AutoCloseable
instanceKlass jdk/internal/module/Modules
instanceKlass jdk/internal/misc/Unsafe
instanceKlass jdk/internal/misc/UnsafeConstants
instanceKlass java/lang/AbstractStringBuilder
instanceKlass java/lang/Appendable
instanceKlass java/lang/AssertionStatusDirectives
instanceKlass java/lang/invoke/MethodHandleNatives$CallSiteContext
instanceKlass jdk/internal/invoke/NativeEntryPoint
instanceKlass java/lang/invoke/CallSite
instanceKlass java/lang/invoke/MethodType
instanceKlass java/lang/invoke/TypeDescriptor$OfMethod
instanceKlass java/lang/invoke/LambdaForm
instanceKlass java/lang/invoke/MethodHandleNatives
instanceKlass java/lang/invoke/ResolvedMethodName
instanceKlass java/lang/invoke/MemberName
instanceKlass java/lang/invoke/VarHandle
instanceKlass java/lang/invoke/MethodHandle
instanceKlass jdk/internal/reflect/CallerSensitive
instanceKlass java/lang/annotation/Annotation
instanceKlass jdk/internal/reflect/FieldAccessor
instanceKlass jdk/internal/reflect/ConstantPool
instanceKlass jdk/internal/reflect/ConstructorAccessor
instanceKlass jdk/internal/reflect/MethodAccessor
instanceKlass jdk/internal/reflect/MagicAccessorImpl
instanceKlass java/lang/reflect/Parameter
instanceKlass java/lang/reflect/Member
instanceKlass java/lang/reflect/AccessibleObject
instanceKlass java/lang/Module
instanceKlass java/util/Map
instanceKlass java/util/Dictionary
instanceKlass java/lang/ThreadGroup
instanceKlass java/lang/Thread$UncaughtExceptionHandler
instanceKlass java/lang/Thread
instanceKlass java/lang/Runnable
instanceKlass java/lang/ref/Reference
instanceKlass java/lang/Record
instanceKlass java/security/AccessController
instanceKlass java/security/AccessControlContext
instanceKlass java/security/ProtectionDomain
instanceKlass java/lang/SecurityManager
instanceKlass java/lang/Throwable
instanceKlass java/lang/System
instanceKlass java/lang/ClassLoader
instanceKlass java/lang/Cloneable
instanceKlass java/lang/Class
instanceKlass java/lang/invoke/TypeDescriptor$OfField
instanceKlass java/lang/invoke/TypeDescriptor
instanceKlass java/lang/reflect/Type
instanceKlass java/lang/reflect/GenericDeclaration
instanceKlass java/lang/reflect/AnnotatedElement
instanceKlass java/lang/String
instanceKlass java/lang/constant/ConstantDesc
instanceKlass java/lang/constant/Constable
instanceKlass java/lang/CharSequence
instanceKlass java/lang/Comparable
instanceKlass java/io/Serializable
ciInstanceKlass java/lang/Object 1 1 92 7 1 10 12 1 1 10 7 12 1 1 1 10 7 12 1 1 1 10 12 1 1 8 1 10 12 1 1 10 7 12 1 1 1 10 12 1 10 12 1 1 100 1 8 1 10 12 1 3 8 1 100 1 5 0 1 1 1 1 1 1 1 1 1 1 1 1 1 1 1 1 7 1 1 1 7 1 1 1 1 1 1 1 7 1 1 1 1 1 1 1
ciInstanceKlass java/lang/Class 1 1 1611 10 7 12 1 1 1 9 7 12 1 1 1 9 12 1 1 7 1 10 10 12 1 1 8 1 10 12 1 8 1 8 1 10 12 1 1 10 12 1 1 10 12 1 10 10 12 1 10 12 1 1 10 12 1 1 10 7 12 1 1 10 12 1 10 12 1 10 12 1 8 1 10 12 1 8 1 10 12 1 8 1 8 1 10 12 1 1 10 7 12 1 1 1 18 12 1 1 11 7 12 1 1 1 8 1 8 1 8 1 10 7 12 1 1 1 11 12 1 1 7 1 8 1 10 12 1 11 100 12 1 1 1 10 12 1 1 11 8 1 18 8 1 10 12 1 10 7 12 1 1 10 7 12 1 1 1 10 12 1 1 10 7 12 1 1 1 9 100 12 1 1 1 10 100 12 1 1 1 10 7 12 1 1 1 10 12 1 1 18 12 1 1 10 7 12 1 1 1 10 7 12 1 1 10 12 1 1 10 7 1 100 1 10 12 1 1 9 12 1 1 100 1 8 1 10 12 1 10 12 1 1 10 12 1 1 10 7 12 1 1 1 7 1 10 12 1 7 1 100 1 10 10 12 1 1 10 12 1 1 100 1 10 100 12 1 1 1 10 12 1 1 10 12 1 1 9 12 1 1 10 12 1 10 12 1 10 12 1 1 9 12 1 1 9 12 1 1 10 12 1 1 10 7 1 10 12 1 10 12 1 10 12 1 1 10 9 12 1 10 12 1 8 1 10 12 1 1 10 12 1 1 10 12 1 10 12 1 1 10 12 1 1 10 12 1 1 9 7 12 1 1 1 10 7 12 1 1 10 12 10 12 1 10 12 1 1 10 100 12 1 1 10 12 1 10 12 1 1 10 100 12 1 1 1 10 12 1 10 12 1 1 10 12 1 10 12 1 10 12 1 1 10 7 1 10 10 10 12 1 1 10 12 1 1 10 12 10 12 1 1 100 1 8 1 10 10 12 1 1 10 12 1 100 1 11 12 1 10 100 12 1 1 10 12 1 10 12 1 10 100 12 1 1 10 10 12 1 1 8 1 10 12 1 10 12 1 1 8 1 9 12 1 10 12 1 10 12 1 10 12 1 10 12 100 1 9 12 1 10 12 1 9 12 1 10 12 1 10 12 1 10 12 1 10 10 12 1 10 12 1 10 12 1 10 12 1 10 12 1 10 12 1 100 1 10 12 1 10 12 1 1 10 12 1 1 10 12 1 1 10 12 1 1 10 12 1 1 10 12 1 1 7 1 10 10 12 1 1 10 12 1 1 10 12 1 1 10 10 12 1 10 12 1 1 10 12 1 1 10 12 1 1 10 12 1 1 7 1 10 10 12 11 100 12 1 1 10 12 1 1 10 12 1 10 100 12 1 1 1 10 12 1 1 10 10 12 1 1 100 1 10 10 12 1 1 10 100 12 1 1 1 100 1 100 1 10 12 1 1 10 12 1 10 10 12 1 1 10 12 1 10 12 1 10 12 1 10 100 12 1 1 1 11 7 12 1 1 10 12 1 10 12 1 9 12 1 10 12 1 1 10 12 1 9 12 1 1 100 1 10 9 12 1 1 10 12 100 1 10 12 1 9 12 1 10 100 12 1 1 1 10 12 1 10 12 1 10 100 12 1 1 1 10 12 1 10 12 10 12 1 1 100 1 10 8 1 10 12 1 11 11 12 1 1 11 7 12 1 1 11 12 1 8 1 10 12 1 10 12 1 1 9 12 1 9 12 1 1 10 7 12 1 1 9 12 1 10 12 1 1 10 10 12 1 10 7 12 1 1 1 10 7 12 1 1 10 7 12 1 1 9 12 1 1 10 12 1 9 12 1 10 12 1 10 12 1 1 9 12 1 1 9 12 1 10 12 1 10 12 1 1 9 12 1 100 1 10 10 12 1 1 7 1 10 12 1 1 100 11 100 1 9 12 1 1 9 12 1 100 1 10 12 1 9 12 1 1 9 12 1 10 12 1 10 12 1 1 9 12 1 7 1 10 10 12 1 1 10 10 12 1 1 10 12 10 10 12 1 9 12 1 10 12 1 1 10 7 12 1 1 1 10 12 1 1 10 12 1 8 10 7 8 1 18 8 1 8 1 10 12 1 9 12 1 9 12 1 1 10 12 1 7 1 7 1 10 12 1 9 12 1 1 7 1 10 10 12 1 10 7 1 9 12 1 8 1 10 12 1 7 1 10 12 1 10 12 1 1 9 12 1 100 1 8 1 10 7 1 4 10 10 12 11 7 12 1 1 1 10 12 1 7 1 10 12 1 1 10 8 1 8 1 10 12 1 1 9 7 12 1 1 11 12 7 1 11 7 12 1 1 9 12 1 10 100 12 1 1 1 10 7 12 1 1 10 12 1 1 9 12 1 9 10 12 1 1 10 12 1 1 10 12 1 1 10 12 1 1 10 12 1 1 11 12 1 7 1 11 12 1 10 7 12 1 1 1 10 12 1 7 1 11 12 1 10 7 12 1 1 1 10 12 1 10 11 12 1 11 12 1 1 10 12 1 10 12 1 1 9 12 1 1 9 7 12 1 1 10 12 1 10 7 12 1 1 1 10 12 1 1 10 12 1 10 12 1 10 12 1 10 7 12 1 1 1 10 12 1 8 1 10 12 1 10 12 1 10 12 1 10 100 12 1 1 1 11 100 12 1 1 1 10 12 1 1 10 12 1 18 12 1 1 11 12 1 1 18 11 12 1 18 12 1 11 12 1 10 12 1 1 10 12 1 10 12 1 10 12 10 12 1 8 1 10 12 1 7 1 9 12 1 1 100 1 100 1 100 1 100 1 100 1 1 1 3 1 3 1 3 1 1 1 1 1 1 1 5 0 1 1 1 1 1 1 1 1 1 1 1 1 1 1 1 1 1 1 1 1 1 1 1 100 1 1 1 1 1 1 1 100 1 1 1 1 1 1 100 1 1 1 1 1 1 1 1 1 1 1 1 1 1 1 1 1 1 1 1 1 1 1 1 1 1 1 1 1 1 1 1 1 1 1 1 1 1 100 1 1 1 1 1 1 1 1 1 1 1 1 1 1 1 1 1 1 1 1 1 1 1 1 1 1 1 1 100 1 1 1 1 1 1 1 1 1 1 1 1 1 1 1 1 1 1 1 1 1 1 1 1 1 1 1 1 1 1 1 1 1 1 1 1 1 1 1 1 1 1 1 1 1 1 1 1 1 1 1 1 1 100 1 100 1 1 1 1 1 1 1 1 1 1 1 1 1 1 1 1 1 1 1 1 1 1 1 1 1 1 1 1 1 1 1 1 1 1 1 1 1 1 1 1 1 1 1 1 1 1 1 1 1 1 1 1 1 1 1 1 1 1 1 1 1 1 1 100 1 1 1 1 1 1 1 1 1 1 1 1 1 1 1 1 1 1 1 1 1 1 1 1 1 1 1 1 1 1 1 1 1 1 1 1 1 1 1 1 1 1 1 1 1 1 1 1 1 1 1 1 1 1 1 1 1 1 1 1 1 1 1 1 1 1 1 1 15 10 7 12 1 1 1 16 15 10 12 16 15 11 12 16 1 16 15 16 15 10 12 16 16 15 10 12 16 15 16 1 15 10 12 16 1 1 1 1 1 1 1 1 100 1 1 100 1 100 1 1 100 1 100 1 1
staticfield java/lang/Class EMPTY_CLASS_ARRAY [Ljava/lang/Class; 0 [Ljava/lang/Class;
staticfield java/lang/Class serialPersistentFields [Ljava/io/ObjectStreamField; 0 [Ljava/io/ObjectStreamField;
ciInstanceKlass java/io/Serializable 1 0 7 100 1 100 1 1 1
instanceKlass jdk/internal/vm/vector/VectorSupport$VectorShuffle
instanceKlass jdk/internal/vm/vector/VectorSupport$VectorMask
instanceKlass jdk/internal/vm/vector/VectorSupport$Vector
ciInstanceKlass jdk/internal/vm/vector/VectorSupport$VectorPayload 0 0 32 10 100 12 1 1 1 9 100 12 1 1 1 10 100 12 1 1 1 1 1 1 1 1 1 1 1 1 1 1 1 1
ciInstanceKlass jdk/internal/vm/vector/VectorSupport$VectorShuffle 0 0 28 10 100 12 1 1 1 100 1 1 1 1 1 1 1 1 1 1 1 1 1 1 1 100 1 1 1 1
ciInstanceKlass jdk/internal/vm/vector/VectorSupport$VectorMask 0 0 28 10 100 12 1 1 1 100 1 1 1 1 1 1 1 1 1 1 1 1 1 1 1 100 1 1 1 1
ciInstanceKlass jdk/internal/vm/vector/VectorSupport$Vector 0 0 28 10 100 12 1 1 1 100 1 1 1 1 1 1 1 1 1 1 1 1 1 1 1 100 1 1 1 1
ciInstanceKlass jdk/internal/vm/vector/VectorSupport 0 0 487 100 1 10 100 12 1 1 1 9 12 1 1 10 12 1 1 100 1 10 12 1 11 100 12 1 1 1 11 100 12 1 1 1 11 100 12 1 1 11 100 12 1 1 1 11 100 1 100 1 10 12 1 1 11 100 12 1 1 11 100 12 1 1 100 1 11 100 12 1 1 11 100 12 1 1 11 100 12 1 1 1 11 100 12 1 1 1 11 100 12 1 1 1 11 100 12 1 1 1 100 1 10 12 1 1 11 100 12 1 1 100 1 11 100 12 1 1 11 100 12 1 1 11 100 12 1 1 11 100 1 100 1 9 12 1 1 10 100 12 1 1 11 100 12 1 1 10 12 1 1 10 100 12 1 1 1 10 12 1 10 12 1 1 10 12 1 1 1 1 1 3 1 3 1 3 1 3 1 3 1 3 1 3 1 3 1 3 1 3 1 3 1 3 1 3 1 3 1 3 1 3 1 3 1 3 1 3 1 3 1 3 1 3 1 3 1 3 1 3 1 3 1 3 1 3 1 3 1 3 1 3 1 3 1 3 1 3 1 3 1 3 1 3 1 3 1 3 1 1 1 1 1 3 1 1 1 1 1 1 3 1 1 1 1 1 1 1 1 1 1 1 1 1 1 1 1 1 1 1 1 1 1 1 1 1 1 1 1 1 1 1 1 1 1 1 1 1 1 1 1 1 1 1 1 1 1 1 1 1 1 1 1 1 1 1 1 1 1 1 1 1 1 1 1 1 1 1 1 1 1 1 1 1 1 1 1 1 1 1 1 1 1 1 1 1 1 1 1 1 1 1 1 1 1 1 1 1 1 1 1 1 1 1 1 1 1 1 1 1 1 1 1 1 1 1 1 1 1 1 1 1 1 1 1 1 1 1 1 1 1 1 1 1 1 1 1 1 1 1 1 1 1 1 1 1 1 1 1 1 1 1 1 1 1 1 1 1 1 1 1 1 1 1 1 1 1 1 1 1 1 1 1 1 1 1 1 1 1 1 1 1 1 1 1 1 1 1 1 1 1 1 1 1 1 1 1 1 1 1 100 1 100 1 1 1 1 1 1 1 1 1 1 1 1 1 1 1 1 1 1 1 1 1 1 1 1
ciInstanceKlass java/lang/reflect/RecordComponent 0 0 196 10 100 12 1 1 1 9 100 12 1 1 1 9 12 1 1 9 12 1 10 12 1 1 10 12 1 1 10 100 12 1 1 1 10 12 1 1 9 12 1 1 10 12 1 1 10 12 1 1 10 12 1 10 100 12 1 1 10 100 12 1 1 9 12 1 1 10 100 12 1 1 1 11 100 12 1 1 1 10 9 100 12 1 1 1 10 100 12 1 1 1 9 12 1 1 10 100 12 1 1 1 10 12 1 1 11 100 12 1 1 10 100 12 1 1 100 1 9 12 1 9 12 1 1 9 12 1 10 100 12 1 1 1 10 12 1 1 10 12 1 1 100 1 10 10 12 1 10 12 1 1 8 1 10 12 1 10 12 1 9 12 1 100 1 1 1 1 1 1 1 1 1 1 1 1 1 1 1 1 1 1 1 1 1 1 100 1 1 1 1 1 1 100 1 1
ciInstanceKlass java/util/Iterator 1 1 53 100 1 8 1 10 12 1 1 10 7 12 1 1 1 11 7 12 1 1 1 11 12 1 1 11 7 12 1 1 1 100 1 1 1 1 1 1 1 1 1 1 1 1 1 1 1 1 1 1 1 1 1
ciInstanceKlass java/lang/System 1 1 803 10 100 12 1 1 1 9 7 12 1 1 1 10 12 1 10 12 1 1 10 12 1 1 10 12 1 9 12 1 1 10 7 12 1 1 1 11 100 12 1 1 1 10 100 12 1 1 1 10 12 1 1 10 12 1 1 100 1 8 1 10 12 1 10 100 12 1 1 1 10 7 12 1 1 1 18 12 1 1 10 100 12 1 1 1 100 1 10 12 1 1 10 100 12 1 1 1 10 12 1 10 7 12 1 1 1 9 100 12 1 1 1 10 100 12 1 1 1 11 7 12 1 1 1 10 12 1 1 10 7 12 1 1 1 100 1 10 10 12 1 1 8 1 10 12 1 8 1 10 12 1 9 12 1 1 8 1 10 7 12 1 1 1 10 12 1 1 100 1 8 1 10 9 12 1 1 8 1 10 12 1 1 10 100 12 1 1 1 8 1 10 12 1 100 1 10 12 1 8 1 10 12 1 10 12 1 1 100 1 10 12 10 12 1 9 12 1 1 9 12 1 1 10 7 12 1 1 1 10 7 12 1 1 1 10 12 1 1 10 12 1 10 12 1 10 7 12 1 1 1 10 12 1 100 1 100 1 8 1 10 12 1 10 12 1 1 7 1 10 12 1 100 1 8 1 10 10 12 1 100 1 8 1 10 8 1 10 7 12 1 1 8 1 10 12 100 1 8 1 10 10 12 1 1 10 7 12 1 1 1 100 1 18 12 1 100 1 9 100 12 1 1 1 10 12 1 100 1 10 12 1 1 10 12 1 1 10 7 12 1 1 1 10 12 1 1 10 12 1 10 12 1 10 12 1 1 10 12 1 7 1 10 12 1 10 12 1 100 1 10 12 1 10 7 12 1 1 1 100 1 8 1 10 9 12 1 9 12 1 10 12 1 10 100 12 1 1 10 12 1 10 12 1 1 8 1 10 12 1 1 8 1 11 12 1 10 12 11 12 1 1 11 7 12 1 1 1 11 7 12 1 1 11 12 1 1 7 1 11 12 1 10 12 1 8 1 10 12 1 1 8 1 8 1 8 1 8 1 11 12 1 10 12 1 10 12 1 10 12 1 10 7 12 1 1 8 1 7 1 9 7 12 1 1 1 10 12 1 7 1 9 12 10 9 12 7 1 10 12 8 1 10 12 1 1 8 1 10 7 12 1 1 10 12 1 10 7 12 1 1 1 10 12 1 1 10 7 12 1 1 1 10 12 10 7 12 1 1 1 9 12 1 1 100 1 8 1 10 12 1 1 10 7 12 1 1 1 7 1 10 12 1 1 8 1 10 8 1 8 1 8 1 8 1 10 10 7 12 1 1 10 12 1 1 10 12 1 1 10 12 1 1 10 12 1 10 100 12 1 1 1 10 100 1 8 1 10 10 10 12 1 1 10 12 1 1 8 1 10 12 1 8 1 10 12 1 10 12 1 1 7 1 10 10 12 1 10 12 1 9 12 1 1 1 3 1 3 1 1 1 1 1 1 1 1 1 1 1 1 100 1 1 100 1 1 1 1 1 1 1 1 1 1 1 100 1 100 1 1 1 1 1 1 1 1 1 1 1 1 1 1 1 1 1 1 1 1 1 1 1 1 1 1 1 1 1 1 1 1 1 1 1 1 1 1 1 1 1 1 1 1 1 1 1 1 1 1 1 1 1 1 1 1 1 1 100 1 1 1 1 1 1 1 1 1 1 1 1 1 1 1 1 1 1 1 1 1 1 1 1 1 1 1 1 1 1 1 1 1 100 1 1 15 10 100 12 1 1 1 16 15 10 12 1 1 16 15 10 12 16 1 1 1 1 1 1 1 100 1 100 1 1
staticfield java/lang/System in Ljava/io/InputStream; java/io/BufferedInputStream
staticfield java/lang/System out Ljava/io/PrintStream; java/io/PrintStream
staticfield java/lang/System err Ljava/io/PrintStream; java/io/PrintStream
instanceKlass jdk/internal/reflect/DelegatingClassLoader
instanceKlass java/security/SecureClassLoader
ciInstanceKlass java/lang/ClassLoader 1 1 1098 9 7 12 1 1 1 10 7 12 1 1 1 9 12 1 1 10 7 12 1 1 1 7 1 10 12 1 1 10 12 1 1 9 12 1 1 10 12 1 1 100 1 10 12 1 10 12 1 1 10 7 12 1 1 1 100 1 8 1 10 12 1 10 7 12 1 1 1 10 100 12 1 10 7 1 10 7 1 7 1 7 1 10 12 1 10 12 1 9 12 1 1 10 10 7 12 1 1 1 9 12 1 1 9 12 1 9 12 1 1 9 12 1 9 12 1 1 9 12 1 1 7 1 10 12 1 9 12 1 1 10 12 1 1 10 7 12 1 1 1 9 12 1 9 12 1 1 9 12 1 10 12 1 1 9 12 10 12 1 1 7 1 10 8 1 10 12 1 1 10 12 1 10 7 1 7 1 10 12 1 1 10 7 12 1 1 1 8 1 10 12 1 10 12 1 10 12 1 1 10 12 1 1 10 12 1 1 10 12 1 1 10 12 1 1 10 12 1 7 1 10 12 1 10 100 12 1 1 1 10 12 1 1 10 12 1 10 12 1 10 12 1 10 12 1 10 12 1 1 10 10 12 1 10 12 1 10 100 12 1 1 10 12 1 1 10 12 1 1 10 12 1 100 1 10 12 1 100 1 10 12 1 10 100 12 1 1 1 10 10 12 1 1 10 12 1 1 100 1 8 1 10 8 1 10 12 1 10 12 1 100 1 8 1 10 12 1 1 10 12 1 1 10 10 12 1 1 10 12 1 1 10 12 1 1 10 7 1 10 12 1 1 10 12 1 1 10 12 1 1 10 12 1 1 10 12 1 1 10 12 1 1 10 12 1 10 7 12 1 1 1 10 12 1 10 12 1 10 12 1 1 10 12 1 10 12 1 10 12 1 10 12 1 1 10 12 1 10 12 1 1 8 1 9 12 1 10 12 1 1 8 1 8 1 10 7 12 1 1 100 1 10 10 12 10 12 1 10 12 1 10 12 1 10 12 1 1 10 7 12 1 1 10 12 1 10 7 1 7 1 10 12 1 1 10 12 1 10 7 1 10 12 1 100 1 18 12 1 10 100 12 1 1 1 10 100 12 1 1 1 10 7 12 1 1 10 12 1 1 10 12 1 10 12 1 1 100 1 10 12 1 10 12 1 1 10 7 12 1 1 10 12 1 8 1 100 1 10 10 12 1 9 12 1 10 7 12 1 1 10 12 1 100 1 8 1 10 12 1 10 8 1 8 1 10 12 1 1 10 12 1 1 10 12 1 1 10 100 12 1 1 1 100 1 100 1 10 12 1 1 100 1 100 1 10 100 12 1 1 10 12 1 10 12 1 1 10 12 1 10 12 1 1 10 12 1 1 9 100 12 1 1 1 10 12 1 1 10 12 1 10 12 1 10 12 1 1 10 12 1 8 1 10 12 1 7 1 18 12 1 1 10 12 1 1 10 12 1 10 12 1 10 12 1 8 1 10 12 1 10 12 1 18 12 1 11 100 12 1 1 1 100 1 10 12 1 1 10 12 1 10 11 12 1 1 10 18 10 12 1 1 11 100 12 1 18 12 1 11 12 1 1 10 12 10 12 1 1 10 12 1 1 100 1 8 1 10 10 12 1 8 1 8 1 10 100 12 1 1 10 12 1 100 1 10 10 12 1 8 1 8 1 8 1 10 12 1 10 12 1 1 10 12 1 10 100 12 1 1 1 11 100 12 1 1 100 1 10 11 10 12 1 10 12 1 10 12 1 1 9 100 12 1 1 9 12 1 1 9 12 9 12 1 9 12 1 9 12 1 8 10 12 1 1 10 7 12 1 1 1 10 12 1 1 10 12 1 1 10 12 1 10 10 12 1 11 12 1 1 10 100 12 1 1 1 100 1 10 12 1 10 12 1 10 12 1 1 1 1 1 1 1 1 1 1 1 1 1 1 1 1 1 1 1 1 1 1 1 1 1 1 1 1 100 1 1 1 1 1 1 1 1 1 1 1 1 1 1 1 1 1 1 1 1 1 100 1 1 1 1 1 1 1 1 1 1 100 1 1 1 1 1 1 1 1 1 1 1 1 1 1 1 1 1 1 1 1 1 1 1 1 1 1 1 1 1 1 1 1 1 1 1 1 1 1 1 1 1 100 1 1 1 1 1 1 1 1 1 1 1 1 1 1 1 1 1 1 100 1 1 1 1 1 1 1 1 1 1 1 1 1 1 1 1 1 1 1 1 1 1 1 1 1 1 1 1 1 1 1 1 1 1 1 1 1 1 1 1 1 1 1 1 1 1 1 1 1 1 1 100 1 1 1 1 1 1 1 1 1 1 1 1 1 1 1 1 1 1 1 1 1 1 1 1 1 1 1 1 1 1 1 1 1 1 1 1 1 1 1 1 1 1 1 1 1 1 15 10 100 12 1 1 1 16 1 15 10 12 16 1 16 15 10 12 16 1 16 1 15 10 12 16 15 10 12 16 15 10 12 16 1 1 100 1 100 1 1
staticfield java/lang/ClassLoader nocerts [Ljava/security/cert/Certificate; 0 [Ljava/security/cert/Certificate;
staticfield java/lang/ClassLoader $assertionsDisabled Z 1
ciInstanceKlass jdk/internal/reflect/DelegatingClassLoader 1 1 18 10 7 12 1 1 1 100 1 1 1 1 1 1 1 1 1 1
instanceKlass java/net/URLClassLoader
instanceKlass jdk/internal/loader/BuiltinClassLoader
ciInstanceKlass java/security/SecureClassLoader 1 1 102 10 7 12 1 1 1 7 1 10 12 1 9 7 12 1 1 1 10 12 1 10 12 1 10 12 1 1 10 12 1 1 10 12 1 7 1 10 7 1 10 12 1 7 1 10 12 1 11 7 12 1 1 1 7 1 11 12 1 10 12 1 1 1 1 1 1 1 1 1 1 1 1 1 1 1 1 1 1 1 1 1 1 1 1 1 1 1 1 1 1 1 1 1 1 1 1 100 1 1 1 1
instanceKlass jdk/internal/loader/ClassLoaders$BootClassLoader
instanceKlass jdk/internal/loader/ClassLoaders$PlatformClassLoader
instanceKlass jdk/internal/loader/ClassLoaders$AppClassLoader
ciInstanceKlass jdk/internal/loader/BuiltinClassLoader 1 1 737 9 7 12 1 1 1 10 7 12 1 1 1 10 7 12 1 1 1 9 12 1 1 9 12 1 1 7 1 10 12 1 9 12 1 10 12 1 9 12 1 10 7 12 1 1 1 10 7 12 1 1 1 10 7 12 1 1 1 11 7 12 1 1 1 100 1 100 1 10 10 12 1 1 8 1 10 12 1 10 12 7 1 10 12 1 10 12 1 1 11 7 12 1 1 1 11 7 12 1 1 1 11 12 1 1 7 1 8 1 8 1 10 9 12 1 1 10 7 12 1 1 11 12 1 1 10 12 1 1 10 12 1 1 10 12 1 1 10 7 12 1 1 1 10 12 1 10 100 12 1 1 1 10 12 1 1 11 7 12 1 1 1 10 7 12 1 1 100 1 10 7 12 1 1 1 10 12 1 100 1 8 1 10 12 1 1 10 8 1 10 12 1 1 10 12 1 1 10 12 1 1 11 7 12 1 1 11 12 1 7 1 10 11 12 1 1 11 10 12 1 1 7 1 10 12 1 10 7 12 1 10 12 1 7 1 10 12 1 10 7 12 1 1 1 100 1 10 12 1 1 11 12 1 100 1 100 1 10 12 1 10 12 1 1 100 1 100 1 10 12 1 10 12 1 18 12 1 1 10 12 1 10 12 1 1 18 100 1 10 7 12 1 1 1 7 1 10 10 12 1 1 10 12 1 1 10 12 1 1 10 12 1 9 12 1 1 100 1 10 10 12 1 1 10 12 1 1 10 12 1 10 12 10 12 1 1 10 12 1 1 10 12 1 1 10 12 1 10 12 1 1 18 12 1 7 1 10 12 1 1 10 12 1 10 12 1 1 10 12 1 100 1 10 12 1 7 1 10 12 1 10 7 12 1 1 1 10 12 1 11 12 1 7 1 10 12 1 7 1 100 1 10 12 1 10 12 1 11 12 1 1 10 12 1 1 10 12 1 1 10 12 1 1 10 12 1 1 10 12 1 10 12 1 10 12 1 10 12 1 8 1 10 12 1 1 10 7 12 1 1 10 12 1 100 1 8 1 8 1 10 10 12 1 8 1 8 1 10 7 12 1 1 1 11 7 12 1 1 1 9 7 12 1 1 1 10 7 12 1 1 1 9 12 1 9 12 1 9 12 1 9 12 1 9 12 1 9 12 1 10 7 12 1 1 1 8 1 10 12 1 7 1 10 12 1 1 10 12 1 7 1 10 11 12 1 1 10 12 10 12 1 10 12 1 100 1 10 12 1 10 12 1 10 10 12 1 10 7 12 1 1 8 1 10 7 12 1 1 10 12 1 1 1 1 1 1 1 1 1 1 1 1 1 1 1 1 1 1 1 1 1 1 1 1 1 1 1 1 1 1 1 1 1 1 1 1 1 1 1 1 1 1 1 1 1 1 1 1 1 1 1 1 1 1 1 1 100 1 1 1 1 1 1 1 1 1 1 1 1 1 1 1 1 1 1 100 1 100 1 1 1 1 1 1 1 1 1 1 1 1 1 1 1 1 1 1 1 1 1 1 1 1 1 1 1 1 1 1 1 1 1 1 1 1 1 1 1 1 1 1 1 1 1 1 1 1 1 1 1 100 1 1 15 10 100 12 1 1 1 16 15 10 12 16 15 10 12 16 15 10 12 16 1 1 1 100 1 1 1 1 1 100 1 100 1 1
staticfield jdk/internal/loader/BuiltinClassLoader packageToModule Ljava/util/Map; java/util/concurrent/ConcurrentHashMap
staticfield jdk/internal/loader/BuiltinClassLoader $assertionsDisabled Z 1
ciInstanceKlass java/security/AccessController 1 1 295 10 100 12 1 1 1 10 7 12 1 1 1 10 7 12 1 1 1 10 12 1 1 10 12 1 1 10 7 12 1 1 1 10 12 1 1 10 12 1 10 12 1 1 10 12 1 100 1 8 1 10 12 1 10 12 1 10 12 1 1 10 12 1 7 1 7 1 10 12 1 1 10 12 1 10 12 1 10 12 1 1 10 7 12 1 1 1 10 12 1 1 9 100 12 1 1 1 10 100 12 1 1 1 10 12 1 10 12 1 9 100 12 1 1 1 10 12 1 10 12 1 1 9 12 1 1 10 100 1 10 11 7 12 1 1 1 10 7 12 1 1 11 7 1 100 1 10 12 1 10 12 1 10 12 1 8 1 10 12 1 1 8 1 10 100 12 1 1 1 8 1 100 1 10 10 12 1 1 10 12 1 10 7 12 1 1 1 10 12 1 8 1 10 100 12 1 1 8 1 8 1 10 12 1 8 1 10 12 1 10 12 1 1 10 12 1 1 1 1 1 1 1 1 1 1 1 1 1 1 1 1 1 1 1 1 1 1 1 1 1 1 1 1 100 1 1 1 1 1 1 1 1 1 1 1 1 1 1 1 1 1 1 1 1 1 1 1 1 1 1 1 1 1 1 1 1 1 1 100 1 100 1 1 1 1 1 1 1 1 1 3 1 1 1
staticfield java/security/AccessController $assertionsDisabled Z 1
instanceKlass jdk/internal/reflect/GeneratedConstructorAccessor34
instanceKlass jdk/internal/reflect/GeneratedConstructorAccessor33
instanceKlass jdk/internal/reflect/GeneratedConstructorAccessor32
instanceKlass jdk/internal/reflect/GeneratedConstructorAccessor31
instanceKlass jdk/internal/reflect/GeneratedConstructorAccessor30
instanceKlass jdk/internal/reflect/GeneratedConstructorAccessor29
instanceKlass jdk/internal/reflect/GeneratedConstructorAccessor28
instanceKlass jdk/internal/reflect/GeneratedConstructorAccessor27
instanceKlass jdk/internal/reflect/GeneratedConstructorAccessor26
instanceKlass jdk/internal/reflect/GeneratedConstructorAccessor25
instanceKlass jdk/internal/reflect/GeneratedConstructorAccessor24
instanceKlass jdk/internal/reflect/GeneratedConstructorAccessor23
instanceKlass jdk/internal/reflect/GeneratedConstructorAccessor22
instanceKlass jdk/internal/reflect/GeneratedConstructorAccessor21
instanceKlass jdk/internal/reflect/GeneratedConstructorAccessor20
instanceKlass jdk/internal/reflect/GeneratedConstructorAccessor19
instanceKlass jdk/internal/reflect/GeneratedConstructorAccessor18
instanceKlass jdk/internal/reflect/GeneratedConstructorAccessor17
instanceKlass jdk/internal/reflect/GeneratedConstructorAccessor16
instanceKlass jdk/internal/reflect/GeneratedConstructorAccessor15
instanceKlass jdk/internal/reflect/GeneratedConstructorAccessor14
instanceKlass jdk/internal/reflect/GeneratedConstructorAccessor13
instanceKlass jdk/internal/reflect/GeneratedConstructorAccessor12
instanceKlass jdk/internal/reflect/GeneratedConstructorAccessor11
instanceKlass jdk/internal/reflect/GeneratedConstructorAccessor10
instanceKlass jdk/internal/reflect/GeneratedConstructorAccessor9
instanceKlass jdk/internal/reflect/GeneratedConstructorAccessor8
instanceKlass jdk/internal/reflect/GeneratedConstructorAccessor7
instanceKlass jdk/internal/reflect/GeneratedConstructorAccessor6
instanceKlass jdk/internal/reflect/GeneratedConstructorAccessor5
instanceKlass jdk/internal/reflect/GeneratedConstructorAccessor4
instanceKlass jdk/internal/reflect/GeneratedConstructorAccessor3
instanceKlass jdk/internal/reflect/GeneratedConstructorAccessor2
instanceKlass jdk/internal/reflect/BootstrapConstructorAccessorImpl
instanceKlass jdk/internal/reflect/GeneratedConstructorAccessor1
instanceKlass jdk/internal/reflect/DelegatingConstructorAccessorImpl
instanceKlass jdk/internal/reflect/NativeConstructorAccessorImpl
ciInstanceKlass jdk/internal/reflect/ConstructorAccessorImpl 1 1 27 10 7 12 1 1 1 100 1 100 1 1 1 1 1 1 1 1 1 100 1 100 1 100 1 1 1
instanceKlass jdk/internal/reflect/FieldAccessorImpl
instanceKlass jdk/internal/reflect/ConstructorAccessorImpl
instanceKlass jdk/internal/reflect/MethodAccessorImpl
ciInstanceKlass jdk/internal/reflect/MagicAccessorImpl 1 1 16 10 7 12 1 1 1 100 1 1 1 1 1 1 1 1
instanceKlass jdk/internal/reflect/GeneratedMethodAccessor12
instanceKlass jdk/internal/reflect/GeneratedMethodAccessor11
instanceKlass jdk/internal/reflect/GeneratedMethodAccessor10
instanceKlass jdk/internal/reflect/GeneratedMethodAccessor9
instanceKlass jdk/internal/reflect/GeneratedMethodAccessor8
instanceKlass jdk/internal/reflect/GeneratedMethodAccessor7
instanceKlass jdk/internal/reflect/GeneratedMethodAccessor6
instanceKlass jdk/internal/reflect/GeneratedMethodAccessor5
instanceKlass jdk/internal/reflect/GeneratedMethodAccessor4
instanceKlass jdk/internal/reflect/GeneratedMethodAccessor3
instanceKlass jdk/internal/reflect/GeneratedMethodAccessor2
instanceKlass jdk/internal/reflect/GeneratedMethodAccessor1
instanceKlass jdk/internal/reflect/DelegatingMethodAccessorImpl
instanceKlass jdk/internal/reflect/NativeMethodAccessorImpl
ciInstanceKlass jdk/internal/reflect/MethodAccessorImpl 1 1 25 10 7 12 1 1 1 100 1 100 1 1 1 1 1 1 1 1 1 100 1 100 1 1 1
ciInstanceKlass java/lang/Module 1 1 959 10 7 12 1 1 1 9 7 12 1 1 1 10 7 12 1 1 1 9 12 1 9 12 1 1 9 12 1 1 10 12 1 1 10 12 1 10 12 1 1 10 7 12 1 1 1 7 1 10 7 12 1 1 1 10 12 1 1 11 7 12 1 1 1 10 12 1 1 10 7 12 1 1 1 10 12 1 1 10 7 12 1 1 1 9 100 12 1 1 1 10 100 12 1 1 1 10 12 1 8 1 10 7 12 1 1 1 10 7 12 1 1 1 9 12 1 1 9 12 1 1 10 12 1 9 12 1 1 11 12 1 9 7 12 1 1 10 7 12 1 1 1 10 7 12 1 1 1 10 12 1 1 100 1 100 1 10 10 12 1 1 8 1 10 12 1 10 12 10 12 1 10 12 1 1 10 12 1 1 10 12 1 1 9 7 12 1 1 1 10 12 1 1 10 12 1 1 9 12 1 10 12 1 10 12 1 9 12 1 1 11 7 12 1 1 10 12 1 1 9 12 1 9 12 1 10 12 1 10 12 1 100 1 8 1 10 10 12 1 1 10 12 1 8 1 10 12 1 1 8 1 8 1 10 12 1 1 10 12 1 10 12 1 1 18 12 1 1 10 12 1 1 11 12 1 9 12 1 11 12 10 100 12 1 1 100 1 8 1 10 7 1 11 12 1 1 10 12 1 10 12 1 10 12 1 1 11 12 1 1 11 7 12 1 1 11 12 1 1 9 12 1 11 12 1 10 12 1 1 10 12 1 1 9 12 1 10 12 10 7 12 1 1 10 7 12 1 1 10 7 1 18 12 1 1 11 100 12 1 1 1 18 12 1 11 12 1 1 10 100 12 1 1 1 11 12 1 1 10 7 12 1 1 4 7 1 11 12 1 7 1 7 1 10 10 7 12 1 1 1 10 11 7 12 1 8 1 10 10 12 1 1 10 7 12 1 1 10 12 1 10 12 1 7 1 10 12 1 10 11 12 1 1 10 12 10 12 1 1 9 12 1 100 1 10 10 12 1 1 11 100 1 10 12 1 1 11 12 1 10 10 12 1 11 10 12 1 1 10 12 1 1 10 12 1 1 10 7 12 1 1 10 12 1 10 12 1 1 10 10 12 1 1 10 12 1 18 12 1 11 12 1 18 12 1 10 12 1 10 12 1 10 12 7 1 10 12 1 10 12 1 10 12 1 9 12 1 7 1 10 10 10 10 12 1 10 12 1 10 12 1 10 12 1 1 10 12 1 1 10 12 1 9 12 1 18 12 1 1 10 100 12 1 1 1 100 1 8 1 10 12 1 1 10 12 1 1 10 100 12 1 1 100 1 10 12 1 1 100 1 8 1 100 1 10 100 1 100 1 3 10 12 1 100 1 10 12 1 10 12 1 1 10 12 1 1 100 1 10 12 1 10 12 1 1 100 1 100 1 10 12 8 1 10 12 1 1 10 12 1 1 10 7 12 1 1 10 12 1 1 10 12 1 10 12 10 12 1 1 100 1 10 10 12 1 1 10 100 12 1 1 1 100 1 8 1 10 12 1 1 10 100 12 1 1 8 1 10 12 1 8 1 10 12 1 10 12 10 12 1 8 1 10 10 100 12 1 1 7 1 10 10 12 1 10 7 12 1 1 9 12 1 9 12 1 9 12 1 9 12 1 10 12 11 12 1 10 12 1 100 1 1 1 1 1 1 1 1 1 1 1 1 1 1 1 1 100 1 1 1 1 1 1 1 1 1 1 1 1 1 1 1 1 1 1 1 1 1 1 1 1 1 1 1 1 1 1 1 1 1 1 1 1 1 1 1 1 1 1 1 1 1 1 1 1 1 1 1 1 1 1 1 1 1 1 1 1 1 1 1 1 1 1 1 1 1 1 1 1 1 1 1 1 1 1 1 1 1 1 1 100 100 1 1 1 1 1 1 1 1 1 1 1 1 1 1 1 1 1 1 1 1 1 1 1 1 1 1 1 1 1 1 1 1 1 1 100 1 100 1 100 1 1 1 1 1 1 1 1 1 1 1 1 1 1 1 1 1 1 1 1 1 1 1 1 1 1 1 1 15 10 7 12 1 1 1 16 15 10 12 16 16 15 10 12 16 16 15 10 16 1 15 10 12 16 1 15 10 12 16 1 16 15 10 12 16 1 1 1 1 1 1 1 100 1 100 1 1
staticfield java/lang/Module ALL_UNNAMED_MODULE Ljava/lang/Module; java/lang/Module
staticfield java/lang/Module ALL_UNNAMED_MODULE_SET Ljava/util/Set; java/util/ImmutableCollections$Set12
staticfield java/lang/Module EVERYONE_MODULE Ljava/lang/Module; java/lang/Module
staticfield java/lang/Module EVERYONE_SET Ljava/util/Set; java/util/ImmutableCollections$Set12
staticfield java/lang/Module $assertionsDisabled Z 1
instanceKlass org/eclipse/lemminx/services/LimitList
ciInstanceKlass java/util/ArrayList 1 1 492 10 7 12 1 1 1 7 1 9 7 12 1 1 1 9 12 1 100 1 100 1 10 8 1 10 12 1 1 10 12 1 10 12 1 1 10 12 1 9 12 1 11 7 12 1 1 1 9 12 1 1 10 12 1 1 7 10 7 12 1 1 1 9 12 1 10 12 1 10 12 1 1 10 7 12 1 1 1 10 7 12 1 1 1 10 12 1 1 10 12 1 1 10 12 1 1 10 12 1 10 12 1 1 100 1 100 1 10 12 1 10 7 12 1 1 1 10 7 12 1 1 10 12 1 10 12 10 12 1 1 10 12 1 1 10 12 1 1 7 1 10 12 1 1 10 12 1 1 10 12 1 100 1 10 11 12 1 1 11 100 12 1 1 1 11 12 1 10 12 1 10 12 1 10 12 1 1 100 1 10 12 1 1 10 10 12 1 1 10 12 1 8 1 8 1 8 1 8 1 10 12 1 1 10 12 1 1 11 12 1 100 1 10 100 12 1 1 10 12 1 10 12 1 1 10 100 12 1 1 10 12 1 10 100 12 1 1 1 11 100 12 1 1 1 10 12 1 100 1 8 1 10 7 1 10 12 1 7 1 10 12 1 10 12 1 1 7 1 10 12 1 10 12 1 1 11 7 12 1 1 7 1 10 12 1 10 12 1 1 11 7 12 1 1 10 12 1 1 10 12 1 1 10 12 1 1 10 12 1 1 11 100 12 1 1 10 12 1 1 100 1 100 1 100 1 1 1 1 5 0 1 3 1 1 1 1 1 1 1 1 1 1 1 1 1 1 1 1 1 1 1 1 1 1 1 1 1 1 1 1 1 1 1 1 1 1 1 1 1 1 1 1 1 1 1 1 1 1 1 1 1 1 1 1 1 1 1 1 1 1 1 1 1 1 1 1 1 1 1 1 1 1 1 1 1 1 1 1 1 1 1 1 1 1 1 1 1 1 1 1 1 1 1 1 1 1 1 1 100 1 1 1 1 100 1 1 1 1 1 1 1 1 1 1 1 1 1 1 1 1 1 1 1 1 1 1 1 1 1 1 1 1 1 100 1 1 1 1 1 1 1 1 1 1 1 1 1 1 1 1 1 1 100 1 100 1 1 1 1 1 1
staticfield java/util/ArrayList EMPTY_ELEMENTDATA [Ljava/lang/Object; 0 [Ljava/lang/Object;
staticfield java/util/ArrayList DEFAULTCAPACITY_EMPTY_ELEMENTDATA [Ljava/lang/Object; 0 [Ljava/lang/Object;
ciInstanceKlass java/util/concurrent/ConcurrentHashMap 1 1 1210 7 1 7 1 3 10 12 1 1 3 100 1 10 7 12 1 1 1 100 1 10 100 12 1 1 1 100 1 11 12 1 1 11 12 1 11 12 1 1 9 12 1 1 9 12 1 1 9 12 1 10 7 12 1 1 1 7 1 10 12 1 1 10 12 1 1 10 7 12 1 1 1 4 10 12 1 9 12 1 10 12 1 1 100 1 10 5 0 10 12 1 10 12 1 1 5 0 10 12 1 1 10 12 1 9 12 1 1 10 12 1 1 9 12 1 9 12 1 1 10 12 1 1 9 12 1 10 12 1 1 9 12 1 1 10 12 1 1 100 1 10 100 1 10 12 1 10 12 1 1 10 12 1 1 10 12 1 1 10 12 1 10 12 1 1 10 12 1 1 100 1 10 12 1 1 7 1 100 1 8 1 10 12 1 10 12 1 1 10 12 1 1 11 7 12 1 1 10 12 1 1 11 12 1 1 11 7 12 1 1 1 11 7 12 1 1 1 11 12 1 7 1 11 12 1 11 12 1 10 12 1 1 10 12 1 1 9 12 1 1 10 100 12 1 1 1 9 10 12 1 1 9 12 1 10 12 1 1 5 0 9 12 1 1 7 1 10 12 1 9 12 1 1 7 1 10 12 1 9 12 1 7 1 10 100 1 10 10 12 1 1 8 1 10 12 1 10 12 1 1 11 100 1 10 12 1 10 100 12 1 1 1 8 1 10 100 12 1 1 1 8 1 10 12 1 8 1 10 12 1 10 12 1 1 10 100 12 1 1 10 12 1 10 12 1 10 12 1 9 12 1 9 10 12 1 9 12 1 1 11 100 12 1 1 1 11 7 12 1 1 1 100 1 10 12 11 100 12 1 1 10 11 7 12 1 10 12 1 100 1 10 12 1 100 1 10 10 9 7 12 1 1 1 10 12 3 10 7 12 1 1 9 12 1 10 12 1 1 9 12 1 1 9 12 1 10 12 1 1 10 7 12 1 1 9 12 1 9 7 12 1 1 10 12 1 1 10 12 1 3 9 12 1 9 12 1 10 12 1 1 7 1 9 3 9 12 1 100 1 10 12 1 9 12 1 10 12 1 9 12 1 10 12 1 9 12 1 10 100 12 1 1 1 100 10 12 1 100 1 5 0 10 100 12 1 1 100 1 10 12 1 1 10 12 1 10 12 1 100 1 10 12 1 10 100 1 100 1 10 10 12 1 10 100 1 10 12 1 10 100 1 10 12 1 10 100 1 10 12 1 1 100 1 10 12 1 10 10 12 1 100 1 10 12 1 10 10 12 1 100 1 10 12 1 10 100 1 10 12 1 10 100 1 10 12 1 10 100 1 10 12 1 10 100 1 10 12 1 10 100 1 10 12 1 10 100 1 10 12 1 10 100 1 10 12 1 10 100 1 10 10 100 1 10 10 100 1 10 10 100 1 10 12 1 10 100 1 10 12 1 10 100 1 10 12 1 10 100 1 10 12 1 10 100 1 10 12 1 10 100 1 10 10 100 1 10 10 100 1 10 10 100 1 10 12 1 10 100 1 10 12 1 10 100 1 10 12 1 10 100 1 10 12 1 10 100 1 10 12 1 10 10 12 1 10 7 12 1 1 1 10 12 1 7 1 7 1 10 12 1 9 12 1 1 9 12 1 1 10 12 1 1 8 10 12 1 1 8 8 8 8 7 10 12 1 1 10 12 1 100 1 8 1 10 7 1 100 1 100 1 1 1 5 0 1 1 3 1 3 1 1 1 1 3 1 3 1 3 1 1 1 1 1 3 1 3 1 3 1 1 1 1 1 1 1 1 1 1 1 1 1 1 1 1 1 1 1 1 1 1 1 1 1 100 1 1 1 1 1 1 1 1 1 1 1 1 1 1 1 1 1 1 1 1 1 1 1 1 1 1 1 1 1 1 1 1 1 1 1 1 1 1 1 1 1 1 1 1 1 1 1 1 1 1 1 1 1 1 1 1 1 1 1 1 1 1 1 1 1 1 1 1 1 1 1 1 1 1 1 1 1 1 1 1 1 1 1 1 100 1 1 1 1 1 1 1 1 1 1 1 100 1 1 1 1 1 1 1 1 1 1 1 1 1 1 1 1 1 1 1 1 1 1 1 1 1 1 1 1 1 1 1 1 1 1 1 1 1 1 1 1 1 1 1 1 1 1 1 1 1 1 1 1 1 1 1 1 1 1 1 1 1 1 1 1 1 1 1 1 1 1 1 1 1 1 1 1 1 1 1 1 1 1 1 1 1 1 1 1 1 1 1 1 1 1 1 1 1 1 1 1 1 1 1 1 1 1 1 1 1 1 1 1 1 1 1 1 1 1 1 1 1 1 1 1 1 1 1 1 1 1 1 1 1 1 1 1 1 1 1 1 1 1 1 1 1 1 1 1 1 1 1 1 1 1 1 1 1 1 1 1 1 1 1 1 1 1 1 1 1 1 1 1 1 1 1 1 1 1 1 1 1 1 1 1 1 1 1 1 1 1 1 1 1 1 1 1 1 1 1 1 1 1 1 1 1 1 1 1 1 1 1 1 1 1 1 1 1 1 1 1 1 1 1 100 1 100 1 100 1 100 1 100 1 100 1 100 1 100 1 100 1 1 1 1 1 1 1 1 1 1 1 1 1 1 1 1 1 1 1 1 1 1 1 1 1 1 1 1 1 1 1 1 1 1 1 1 1 1 1 1 1 1 1 1 1 1 1 1 1 1 1 1 1 1 1 1 1 1
staticfield java/util/concurrent/ConcurrentHashMap NCPU I 8
staticfield java/util/concurrent/ConcurrentHashMap serialPersistentFields [Ljava/io/ObjectStreamField; 3 [Ljava/io/ObjectStreamField;
staticfield java/util/concurrent/ConcurrentHashMap U Ljdk/internal/misc/Unsafe; jdk/internal/misc/Unsafe
staticfield java/util/concurrent/ConcurrentHashMap SIZECTL J 20
staticfield java/util/concurrent/ConcurrentHashMap TRANSFERINDEX J 32
staticfield java/util/concurrent/ConcurrentHashMap BASECOUNT J 24
staticfield java/util/concurrent/ConcurrentHashMap CELLSBUSY J 36
staticfield java/util/concurrent/ConcurrentHashMap CELLVALUE J 144
staticfield java/util/concurrent/ConcurrentHashMap ABASE I 16
staticfield java/util/concurrent/ConcurrentHashMap ASHIFT I 2
ciInstanceKlass java/lang/String 1 1 1396 10 7 12 1 1 1 8 1 9 7 12 1 1 1 9 12 1 1 9 12 1 1 10 12 1 10 12 1 1 10 12 1 1 9 12 1 1 10 7 12 1 1 1 10 7 1 10 7 12 1 1 1 10 12 1 1 10 12 1 1 10 12 1 10 12 1 1 10 12 1 10 7 12 1 1 1 9 7 12 1 1 1 10 7 12 1 1 1 10 12 1 1 10 12 1 1 10 12 1 1 10 12 1 1 10 12 1 1 9 7 12 1 1 10 12 9 7 12 1 1 3 10 7 12 1 1 1 7 1 11 12 1 1 11 12 1 11 12 1 1 10 100 12 1 1 1 10 12 1 1 9 100 12 1 1 1 10 12 1 1 10 12 1 11 12 1 1 10 12 1 1 10 12 10 12 1 1 10 100 12 1 1 1 10 7 12 1 1 1 10 12 1 1 7 1 100 1 10 12 1 10 12 1 10 12 1 1 100 1 10 12 1 1 100 1 10 12 1 1 10 12 1 1 10 10 12 1 100 1 100 1 7 1 10 12 1 10 12 1 1 10 12 1 1 10 12 1 10 12 1 1 10 12 1 1 10 7 12 1 1 7 1 11 11 12 1 11 12 1 10 12 1 1 10 12 1 10 12 10 12 1 1 10 10 100 12 1 1 1 10 100 12 1 1 10 12 1 1 10 100 12 1 1 10 12 1 10 12 1 1 10 12 1 1 10 12 1 10 12 1 10 12 1 1 100 1 10 12 1 1 10 12 10 12 1 10 12 1 1 10 100 12 1 1 1 10 12 1 10 12 1 1 10 12 1 10 12 1 3 3 10 12 1 10 12 1 1 10 12 1 1 10 12 1 1 10 12 1 10 12 1 1 10 12 1 1 10 12 1 10 12 1 10 12 1 10 12 1 1 10 12 1 10 12 1 10 12 1 10 12 1 10 12 1 10 12 1 10 100 1 10 8 1 10 12 1 1 10 12 1 8 1 10 12 1 1 10 12 10 12 1 8 1 10 10 12 1 1 10 12 1 1 10 12 1 10 12 1 1 10 12 10 100 1 10 10 12 1 10 12 1 10 12 1 10 10 12 1 10 12 1 1 10 12 1 100 1 10 10 12 1 100 1 10 10 12 1 10 12 1 1 10 12 1 10 12 1 1 10 10 12 1 1 10 100 1 10 10 12 1 10 12 1 1 10 12 1 1 10 100 1 10 12 1 10 12 1 10 12 1 10 12 1 1 10 12 1 11 7 1 11 12 10 12 1 10 12 1 1 10 12 1 1 10 10 12 1 10 12 1 9 12 1 1 11 7 12 1 1 1 10 10 12 1 10 12 1 1 10 10 12 1 10 12 1 10 12 1 1 9 12 1 10 12 1 1 10 10 12 1 1 10 12 10 10 12 1 10 12 10 10 12 10 10 12 1 10 12 1 10 12 10 10 12 10 12 1 10 12 10 12 10 10 12 1 10 12 1 1 10 12 1 10 10 12 1 10 7 12 1 1 1 10 12 1 1 10 10 7 12 1 1 1 11 10 12 1 10 12 1 1 10 12 1 1 10 100 12 1 1 1 10 12 1 10 10 12 1 10 12 1 10 12 1 10 100 12 1 1 10 12 1 100 1 100 1 8 1 10 10 10 12 1 8 1 10 12 1 3 3 7 1 10 10 12 1 10 12 1 10 12 1 1 10 12 1 1 11 7 12 1 1 1 7 1 10 12 1 1 10 12 1 10 12 1 1 10 12 1 1 8 1 10 12 1 1 10 12 1 11 100 12 1 1 1 11 100 12 1 1 11 12 1 1 10 12 1 10 12 1 1 10 10 7 12 1 1 1 10 12 1 10 12 1 10 10 12 10 12 1 1 10 10 12 1 10 10 12 1 10 10 12 1 10 10 12 1 10 12 1 1 10 10 12 1 8 1 10 12 1 1 18 12 1 1 11 100 12 1 1 1 7 1 3 18 12 1 18 12 1 8 1 10 100 12 1 1 1 11 12 1 1 10 12 10 10 12 1 10 11 12 1 1 10 12 1 1 11 12 1 18 3 11 10 12 1 11 11 10 12 1 10 12 1 1 8 1 10 12 1 10 12 1 10 12 1 1 10 10 12 1 11 100 12 1 7 1 100 1 10 12 1 7 1 10 10 7 12 1 1 1 100 1 10 7 1 10 10 12 1 10 10 12 1 8 1 10 10 12 1 8 1 8 1 10 12 1 10 12 1 10 10 12 10 100 12 1 1 10 100 12 1 1 10 100 12 1 1 8 1 10 12 1 10 12 1 1 10 10 12 8 1 8 1 10 8 1 8 1 8 1 8 1 10 12 1 10 12 1 8 1 10 100 12 1 1 1 10 12 10 12 1 1 10 12 10 10 12 10 12 7 1 9 12 1 1 7 1 10 100 1 100 1 100 1 100 1 1 1 1 1 1 5 0 1 1 1 1 1 3 1 3 1 1 1 1 1 1 1 1 1 1 1 1 1 1 1 100 1 1 1 100 1 1 1 1 1 1 1 1 1 1 1 1 1 1 1 1 1 1 1 1 1 1 1 1 1 1 1 100 1 1 1 1 1 1 1 1 1 100 1 1 1 1 1 1 1 1 1 1 1 1 1 1 1 1 1 1 1 1 1 1 1 1 1 1 1 1 1 1 1 1 1 1 1 1 1 1 1 1 1 1 1 1 1 1 1 1 1 1 1 1 1 1 1 1 1 1 1 1 1 1 1 1 1 1 1 1 1 1 1 1 1 1 1 1 1 1 1 1 1 1 1 1 1 1 1 1 1 1 1 1 1 1 1 1 1 1 1 1 1 1 1 1 1 1 1 1 1 1 1 1 1 1 1 1 1 1 1 1 1 1 1 1 1 1 1 1 1 1 1 1 1 1 1 1 1 1 1 1 1 1 1 1 1 1 1 1 1 1 1 1 1 1 1 1 1 1 1 1 1 1 1 1 1 1 1 1 1 100 1 1 1 1 1 1 1 1 1 1 1 1 1 1 1 1 1 1 1 1 1 1 1 1 100 1 1 1 1 1 1 1 1 1 1 1 1 1 7 1 1 1 1 1 1 1 1 1 1 1 1 1 1 1 15 10 100 12 1 1 1 16 15 10 12 16 15 10 12 15 10 12 15 10 12 1 1 1 1 100 1 100 1 1 1
staticfield java/lang/String COMPACT_STRINGS Z 1
staticfield java/lang/String serialPersistentFields [Ljava/io/ObjectStreamField; 0 [Ljava/io/ObjectStreamField;
staticfield java/lang/String CASE_INSENSITIVE_ORDER Ljava/util/Comparator; java/lang/String$CaseInsensitiveComparator
ciInstanceKlass java/security/ProtectionDomain 1 1 324 10 7 12 1 1 1 9 7 12 1 1 1 7 1 10 9 12 1 1 9 12 1 1 9 12 1 1 10 7 12 1 1 7 1 9 12 1 9 12 1 1 7 1 9 12 1 1 9 12 1 10 100 12 1 1 10 100 12 1 1 1 10 12 1 1 10 12 1 9 12 1 9 100 12 1 1 10 12 1 1 10 100 1 10 12 1 1 8 1 100 1 8 1 10 12 1 10 10 100 12 1 1 1 10 12 1 1 8 1 11 8 1 10 12 1 8 1 8 1 10 12 1 1 10 12 1 10 12 1 1 10 12 1 8 1 10 12 1 8 1 8 1 10 100 12 1 1 1 9 100 12 1 1 1 10 12 1 1 9 100 12 1 1 1 10 100 12 1 1 1 100 1 100 1 10 12 1 10 100 12 1 1 1 10 100 1 10 12 1 10 12 1 1 11 100 12 1 1 11 12 1 100 1 11 100 12 1 1 1 10 12 1 10 11 12 1 1 11 12 1 1 10 12 1 10 7 12 1 1 10 100 12 1 1 11 12 1 10 12 8 1 8 1 10 7 12 1 1 1 7 1 10 10 7 12 1 1 1 1 1 1 1 1 1 1 100 1 1 100 1 1 1 1 1 1 1 1 1 1 1 1 1 1 1 1 1 1 1 1 1 1 1 1 1 1 1 1 1 1 1 1 1 1 1 1 1 1 1 1 1 1 100 1 1 1 1 1 100 1 1 1 1 1
staticfield java/security/ProtectionDomain filePermCompatInPD Z 0
ciInstanceKlass java/security/CodeSource 1 1 395 10 7 12 1 1 1 9 7 12 1 1 1 9 12 1 1 9 12 1 1 9 12 1 1 10 7 12 1 1 1 9 12 1 1 10 100 12 1 1 10 100 10 100 12 1 1 1 10 100 12 1 1 1 10 12 1 1 100 1 10 10 100 12 1 1 1 10 100 12 1 1 1 10 12 1 1 10 12 1 100 1 10 12 1 1 10 12 1 1 10 12 1 1 10 12 1 10 10 10 12 1 1 10 100 12 1 1 1 10 12 1 10 12 1 10 12 1 8 1 10 12 1 10 12 1 10 12 1 1 10 12 1 8 1 10 12 1 1 10 100 1 10 10 12 1 1 8 1 10 12 1 10 12 1 10 12 1 8 1 8 1 9 12 1 1 100 1 8 1 10 12 1 10 12 1 1 8 1 10 12 1 8 1 8 1 8 1 10 100 12 1 1 10 12 1 1 10 12 1 10 12 1 1 10 12 1 1 10 12 1 1 100 1 100 1 10 12 1 10 12 10 12 1 1 10 100 12 1 1 10 12 1 100 1 10 12 10 8 1 10 12 1 10 12 1 10 12 1 1 100 1 10 12 1 1 100 1 100 1 8 1 8 1 10 10 12 1 1 10 100 12 1 1 1 100 1 10 12 10 12 1 1 11 100 12 1 1 10 10 12 1 11 10 12 1 8 1 100 1 10 12 1 10 12 1 1 10 12 1 11 12 1 1 11 100 1 1 1 1 5 0 1 1 1 1 1 1 1 1 1 1 1 1 1 1 1 1 1 1 1 1 1 1 1 1 1 1 1 1 1 1 1 1 1 1 1 1 1 1 1 1 1 1 1 1 1 1 1 1 1 1 1 1 1 1 1 1 1 1 1 1 1 1 1 1 1 100 1 1 1 1 1 1 1
ciInstanceKlass java/lang/StringBuilder 1 1 409 10 7 12 1 1 1 10 12 1 10 12 1 10 12 1 1 10 7 12 1 1 1 10 7 12 1 1 1 10 12 1 10 12 1 10 12 1 10 12 1 10 12 1 10 12 1 10 12 1 10 12 1 10 12 1 10 12 1 10 12 1 10 12 1 10 12 1 10 12 1 1 10 12 1 10 12 1 1 10 12 1 1 10 12 1 10 12 1 10 12 1 10 12 1 10 12 1 10 12 1 10 12 1 10 12 10 12 1 10 12 1 10 12 1 10 12 1 1 10 12 1 10 12 1 10 12 10 12 1 1 10 12 1 1 9 12 1 1 9 12 1 1 10 7 12 1 1 1 10 100 1 10 100 12 1 1 1 10 12 1 10 12 1 1 10 12 1 1 10 10 12 1 1 10 100 12 1 1 10 12 1 10 12 1 1 100 1 100 1 8 1 10 10 12 1 1 10 12 1 1 10 12 1 10 12 1 10 12 1 10 12 1 10 12 1 10 12 1 10 12 1 10 12 1 10 12 1 10 12 1 10 12 1 10 12 1 10 12 1 10 12 1 10 12 1 1 10 12 1 1 10 12 1 10 12 1 10 12 1 10 12 10 12 10 12 1 10 12 1 10 12 1 10 12 10 12 1 10 12 1 10 12 1 10 12 1 10 12 1 10 12 1 10 12 1 10 12 1 10 12 1 1 10 12 1 10 12 1 1 10 12 1 10 12 1 1 10 12 1 10 12 1 1 10 12 1 10 12 1 10 12 1 10 10 12 1 10 12 1 100 1 100 1 100 1 1 1 1 5 0 1 1 1 1 1 1 1 1 1 1 1 1 1 1 1 1 1 1 1 1 1 1 1 1 1 1 1 1 1 1 1 1 1 1 1 1 1 1 1 1 1 1 1 100 1 1 1 100 1 1 1 1 1 1 1 1 1 1
ciInstanceKlass jdk/internal/loader/ClassLoaders 1 1 183 10 100 12 1 1 1 10 7 12 1 1 1 10 12 1 1 10 100 12 1 1 1 9 7 12 1 1 1 9 12 1 1 9 12 1 1 7 1 11 100 12 1 1 1 100 1 11 12 1 1 11 12 1 1 10 100 12 1 1 1 10 100 12 1 1 1 100 1 100 1 10 7 12 1 1 1 9 12 1 1 10 12 1 1 7 1 10 12 1 1 10 12 1 7 1 8 1 10 7 12 1 1 1 10 12 1 1 7 1 10 12 1 10 12 1 10 12 1 8 1 10 7 12 1 1 8 1 8 1 10 12 1 7 1 10 12 1 10 12 1 10 12 1 1 1 1 1 1 1 1 1 1 1 1 1 1 1 1 1 1 1 1 100 1 1 1 1 1 1 1 1 1 1 1 1 1 1 1 1 1 1 1
staticfield jdk/internal/loader/ClassLoaders JLA Ljdk/internal/access/JavaLangAccess; java/lang/System$2
staticfield jdk/internal/loader/ClassLoaders BOOT_LOADER Ljdk/internal/loader/ClassLoaders$BootClassLoader; jdk/internal/loader/ClassLoaders$BootClassLoader
staticfield jdk/internal/loader/ClassLoaders PLATFORM_LOADER Ljdk/internal/loader/ClassLoaders$PlatformClassLoader; jdk/internal/loader/ClassLoaders$PlatformClassLoader
staticfield jdk/internal/loader/ClassLoaders APP_LOADER Ljdk/internal/loader/ClassLoaders$AppClassLoader; jdk/internal/loader/ClassLoaders$AppClassLoader
ciInstanceKlass jdk/internal/misc/Unsafe 1 1 1285 10 7 12 1 1 1 9 7 12 1 1 1 9 12 1 1 10 12 1 1 10 7 12 1 1 1 10 12 1 1 10 12 1 1 10 12 1 1 10 12 1 1 10 12 1 1 10 12 1 1 10 12 1 1 10 12 1 1 10 12 1 1 10 12 1 1 10 12 1 1 10 12 1 1 10 12 1 1 10 12 1 10 12 1 100 1 10 10 12 1 1 10 12 1 1 5 0 10 12 1 1 10 12 1 1 10 7 12 1 1 1 10 12 1 1 10 12 1 10 12 1 10 12 1 1 10 12 1 1 10 12 1 10 12 1 100 1 100 1 10 8 1 10 12 1 1 10 12 1 8 1 10 12 1 1 10 12 1 10 12 1 10 12 1 1 10 12 1 10 12 1 1 10 12 1 1 10 12 1 10 12 1 10 12 1 10 12 1 1 10 12 1 10 12 1 10 12 1 1 10 12 1 5 0 5 0 5 0 10 12 1 10 12 1 10 12 1 10 12 1 10 12 1 10 12 1 10 12 1 10 12 1 10 12 1 1 10 12 1 10 12 1 100 1 8 1 10 100 1 10 10 12 1 1 10 12 1 1 10 12 1 10 12 1 1 10 12 1 1 10 12 1 10 12 1 1 10 12 1 9 7 12 1 1 9 12 1 100 1 10 10 12 1 1 8 1 10 8 1 8 1 10 12 1 1 9 7 12 1 1 1 9 100 1 9 7 1 9 100 1 9 9 100 1 9 100 1 9 100 1 10 12 1 1 10 12 1 1 10 12 1 1 10 12 1 1 5 0 5 0 9 12 1 1 10 12 1 10 12 1 10 12 1 1 10 12 1 1 10 12 1 8 1 3 10 12 1 1 10 12 1 1 10 12 1 10 12 1 1 10 12 1 1 10 12 1 10 12 1 10 12 1 10 12 1 10 12 1 10 12 1 1 10 12 1 1 10 12 1 10 12 1 10 12 1 10 12 1 10 12 1 10 12 1 1 10 12 1 1 10 12 1 10 12 1 10 12 1 10 12 1 10 12 1 10 12 1 1 10 12 1 1 10 12 1 1 10 12 1 1 10 12 1 10 12 1 10 12 1 10 12 1 10 12 1 10 12 1 10 12 1 1 10 12 1 1 10 12 1 10 12 1 10 12 1 10 12 1 10 12 1 10 12 1 10 12 1 1 10 12 1 1 10 12 1 10 12 1 10 12 1 10 12 1 10 12 1 10 12 1 10 12 1 10 12 1 1 10 12 1 10 12 1 10 12 1 10 12 1 10 12 1 1 10 12 1 10 12 1 10 12 1 10 12 1 10 12 1 10 12 1 10 12 1 10 12 1 1 10 12 1 10 12 1 10 12 1 10 12 1 10 12 1 10 12 1 1 10 12 1 10 12 1 10 12 1 1 10 12 1 10 12 1 10 12 1 10 12 1 10 12 1 10 12 1 10 12 1 10 12 1 10 12 1 10 12 1 10 12 1 10 12 1 10 12 1 10 12 1 10 12 1 10 12 1 10 12 1 10 12 1 10 12 1 10 12 1 10 12 1 10 12 1 100 1 10 100 1 10 9 12 1 5 0 10 12 1 1 5 0 10 12 1 5 0 10 12 1 10 12 1 10 12 1 1 10 12 1 1 10 12 1 10 12 1 10 12 1 10 12 1 1 10 12 1 10 12 1 10 12 1 10 12 1 10 12 1 1 10 12 1 10 12 1 10 12 1 10 12 1 1 10 12 1 10 12 1 10 12 1 1 10 12 1 10 12 1 10 12 1 10 12 1 1 10 12 1 10 10 12 1 1 10 12 1 10 12 1 1 10 12 1 10 12 5 0 5 0 5 0 10 12 1 1 10 12 1 10 12 1 10 12 10 100 12 1 1 8 1 100 1 11 12 1 1 8 1 11 12 1 1 10 100 12 1 1 10 12 1 10 12 1 10 12 1 10 12 1 10 12 1 1 10 12 1 10 12 1 10 12 1 10 12 1 10 12 1 10 12 1 10 7 1 10 12 1 9 12 1 7 1 9 12 1 7 1 9 12 1 7 1 9 12 1 7 1 9 12 1 7 1 9 12 1 7 1 9 12 1 7 1 9 12 1 7 1 9 12 1 10 12 1 9 12 1 9 12 1 9 12 1 9 12 1 9 12 1 9 12 1 9 12 1 9 12 1 9 12 1 9 12 1 1 1 3 1 1 1 1 1 1 1 1 1 1 1 1 1 1 1 1 1 1 1 1 1 1 1 1 1 1 1 1 1 1 1 1 1 1 1 1 1 1 1 1 1 1 1 1 1 1 1 1 1 1 1 1 1 1 1 1 1 1 1 1 1 1 1 1 1 1 1 1 1 1 1 1 1 1 1 1 1 1 1 1 1 1 1 1 1 1 1 1 1 100 1 1 1 1 1 1 1 1 1 1 1 1 1 1 1 1 1 1 1 1 1 1 1 1 1 1 1 1 1 1 1 1 1 1 1 1 1 1 1 1 1 1 1 1 1 1 1 1 1 1 1 1 1 1 1 1 1 1 1 1 1 1 1 1 1 1 1 1 1 1 1 1 1 1 1 1 1 1 1 1 1 1 1 1 1 1 1 1 1 1 1 1 1 1 1 1 1 1 1 1 1 1 1 1 1 1 1 1 1 1 1 1 1 1 1 1 1 1 1 1 1 1 1 1 1 1 1 1 1 1 1 1 1 1 1 1 1 1 1 1 1 1 1 1 1 1 1 1 1 1 1 1 1 1 1 1 1 1 1 1 1 1 1 1 1 1 1 1 1 1 1 1 1 1 1 1 1 1 1 1 1 1 1 1 1 1 1 1 1 1 1 1 1 1 1 1 1 1 1 1 1 1 1 1 1 1 1 3 1 1 1 1 1 1 1 1 1 1 1 1 1 1 1 1 1 1 1 1 1
staticfield jdk/internal/misc/Unsafe theUnsafe Ljdk/internal/misc/Unsafe; jdk/internal/misc/Unsafe
staticfield jdk/internal/misc/Unsafe ARRAY_BOOLEAN_BASE_OFFSET I 16
staticfield jdk/internal/misc/Unsafe ARRAY_BYTE_BASE_OFFSET I 16
staticfield jdk/internal/misc/Unsafe ARRAY_SHORT_BASE_OFFSET I 16
staticfield jdk/internal/misc/Unsafe ARRAY_CHAR_BASE_OFFSET I 16
staticfield jdk/internal/misc/Unsafe ARRAY_INT_BASE_OFFSET I 16
staticfield jdk/internal/misc/Unsafe ARRAY_LONG_BASE_OFFSET I 16
staticfield jdk/internal/misc/Unsafe ARRAY_FLOAT_BASE_OFFSET I 16
staticfield jdk/internal/misc/Unsafe ARRAY_DOUBLE_BASE_OFFSET I 16
staticfield jdk/internal/misc/Unsafe ARRAY_OBJECT_BASE_OFFSET I 16
staticfield jdk/internal/misc/Unsafe ARRAY_BOOLEAN_INDEX_SCALE I 1
staticfield jdk/internal/misc/Unsafe ARRAY_BYTE_INDEX_SCALE I 1
staticfield jdk/internal/misc/Unsafe ARRAY_SHORT_INDEX_SCALE I 2
staticfield jdk/internal/misc/Unsafe ARRAY_CHAR_INDEX_SCALE I 2
staticfield jdk/internal/misc/Unsafe ARRAY_INT_INDEX_SCALE I 4
staticfield jdk/internal/misc/Unsafe ARRAY_LONG_INDEX_SCALE I 8
staticfield jdk/internal/misc/Unsafe ARRAY_FLOAT_INDEX_SCALE I 4
staticfield jdk/internal/misc/Unsafe ARRAY_DOUBLE_INDEX_SCALE I 8
staticfield jdk/internal/misc/Unsafe ARRAY_OBJECT_INDEX_SCALE I 4
staticfield jdk/internal/misc/Unsafe ADDRESS_SIZE I 8
ciInstanceKlass java/lang/ThreadGroup 1 1 293 10 7 12 1 1 1 9 7 12 1 1 1 8 1 9 12 1 1 7 1 9 12 1 9 12 1 1 10 12 1 1 10 12 1 1 10 12 1 10 12 1 1 10 12 1 9 12 1 1 10 12 1 1 10 12 1 9 12 1 10 100 12 1 1 1 9 12 1 9 12 1 1 10 7 12 1 1 1 100 10 12 1 1 10 7 12 1 1 1 10 100 12 1 9 12 1 10 12 1 1 10 12 1 1 9 12 1 1 10 12 1 1 10 12 1 10 12 1 10 12 1 1 10 12 1 1 10 12 1 10 12 1 10 10 12 1 10 12 1 10 100 1 10 10 12 1 10 12 1 10 12 1 7 10 12 1 9 12 1 1 10 12 1 1 8 1 10 100 12 1 1 1 10 12 1 1 10 12 1 1 10 12 1 1 11 100 1 100 1 9 12 1 100 1 10 8 1 10 12 1 1 10 12 1 1 8 1 10 12 1 10 100 12 1 1 1 10 12 1 1 10 100 1 8 1 10 8 1 10 12 1 8 1 1 1 1 1 1 1 1 1 1 1 1 1 1 1 1 1 3 1 1 1 1 1 1 1 1 1 1 1 1 1 1 1 1 1 1 1 1 1 1 1 1 1 1 1 1 1 1 1 1 1 1 1 1 1 1 1 1 1 1
instanceKlass java/security/Provider
ciInstanceKlass java/util/Properties 1 1 651 10 7 12 1 1 1 100 1 10 7 12 1 1 7 1 10 12 1 9 12 1 1 9 12 1 1 9 12 1 1 10 7 12 1 1 1 10 12 1 1 8 1 10 7 12 1 1 1 7 1 10 12 1 10 12 1 1 8 1 10 12 1 7 1 10 12 10 12 1 1 9 12 1 1 10 12 1 1 7 1 10 12 1 10 12 1 10 12 1 1 100 1 8 1 10 12 1 10 12 1 10 12 1 1 10 12 1 100 1 3 10 10 100 12 1 1 1 10 12 1 10 12 1 1 8 1 10 12 1 10 12 1 1 8 1 10 100 12 1 1 10 12 1 1 10 12 1 10 12 1 1 100 1 10 12 1 10 12 1 1 100 1 9 100 12 1 1 1 10 12 1 10 12 1 1 100 1 10 10 10 12 1 1 11 7 12 1 1 1 11 7 12 1 1 1 11 12 1 1 7 1 11 12 1 11 12 1 10 12 1 1 8 1 10 12 1 10 12 1 100 1 10 10 12 1 1 10 100 12 1 1 9 100 12 1 1 10 12 1 1 10 100 12 1 1 1 100 1 100 1 100 1 10 8 1 8 1 10 12 1 10 12 1 10 12 1 1 10 10 12 1 1 10 12 1 1 7 1 10 10 12 1 11 7 12 1 1 10 7 12 1 1 1 8 1 10 100 12 1 1 11 8 1 10 100 1 11 10 12 1 10 12 1 10 12 1 10 12 1 1 10 12 1 1 10 12 1 1 10 12 1 10 12 1 10 10 12 1 10 12 1 10 12 1 10 10 12 1 1 10 12 1 1 7 1 10 10 12 1 10 12 1 10 12 1 10 12 1 10 12 1 1 10 12 1 1 10 12 1 10 12 1 10 12 1 1 10 12 10 12 1 1 10 12 1 1 10 12 1 10 12 1 1 10 12 1 1 10 12 100 1 10 11 100 12 1 1 4 11 10 12 1 1 10 100 12 1 1 11 12 1 10 12 1 1 10 100 12 1 1 10 12 1 100 1 8 1 10 12 1 10 10 100 12 1 1 1 100 1 6 0 10 12 1 1 11 100 12 1 1 1 10 12 1 10 12 1 1 1 1 1 5 0 1 1 1 1 1 1 1 1 1 1 1 1 1 1 1 1 1 1 1 1 1 1 1 1 1 1 1 1 1 1 1 1 1 1 1 1 1 1 1 1 100 1 1 1 1 1 1 1 1 1 1 1 1 1 1 1 1 1 1 1 1 100 1 1 1 1 1 1 1 100 1 100 1 1 1 1 100 1 1 1 1 1 1 1 1 1 1 1 1 1 1 1 1 1 1 1 1 1 1 1 1 1 1 1 1 1 1 1 1 1 1 1 1 1 1 1 1 1 1 1 1 1 1 1 1 1 1 1 1 1 1 1 1 1 1 1 1 1 1 1 1 1 1 1 1 1 1 1 1 1 1 1 1 100 1 1 1 1 1 1 1 1 1 100 1 1 1
staticfield java/util/Properties UNSAFE Ljdk/internal/misc/Unsafe; jdk/internal/misc/Unsafe
instanceKlass scala/collection/convert/Wrappers$DictionaryWrapper
instanceKlass org/osgi/framework/FrameworkUtil$MapAsDictionary
instanceKlass java/util/Hashtable
ciInstanceKlass java/util/Dictionary 1 1 36 10 7 12 1 1 1 100 1 1 1 1 1 1 1 1 1 1 1 1 1 1 1 1 1 1 1 1 1 1 1 1 1 1 1 1
instanceKlass org/apache/commons/logging/impl/WeakHashtable
instanceKlass java/util/Properties
ciInstanceKlass java/util/Hashtable 1 1 512 100 1 10 7 12 1 1 1 9 7 12 1 1 1 100 1 100 1 10 8 1 10 12 1 1 10 12 1 10 12 1 1 10 12 1 10 7 12 1 1 1 8 1 10 12 1 9 12 1 1 7 1 9 12 1 1 4 10 7 12 1 1 1 9 12 1 4 10 12 1 11 7 12 1 1 1 10 12 1 1 10 12 1 1 9 12 1 10 12 1 1 100 1 10 9 12 1 1 10 7 12 1 1 1 9 12 1 1 10 12 1 10 12 1 3 9 12 1 9 12 1 3 10 12 1 10 12 1 10 12 1 1 11 12 1 1 11 7 12 1 1 1 11 7 12 1 1 1 11 12 1 7 1 11 12 1 11 12 1 10 12 1 1 10 12 1 1 10 12 1 9 12 1 1 9 12 9 12 1 1 10 100 1 100 1 10 12 1 10 8 1 10 10 12 1 8 1 10 8 1 10 7 12 1 1 1 7 1 10 12 1 10 12 1 100 1 10 12 1 10 12 1 1 7 1 10 100 1 10 10 12 1 1 11 12 1 1 11 12 1 100 1 10 10 10 100 12 1 1 11 100 12 1 1 1 100 1 10 11 100 12 1 1 11 100 12 1 10 12 1 10 12 1 1 10 100 12 1 1 10 12 1 1 10 12 1 1 10 12 1 1 10 100 12 1 1 1 8 10 100 12 1 1 100 1 8 1 10 4 10 12 4 10 12 1 8 1 10 12 10 100 12 1 1 1 100 1 11 100 12 1 1 1 10 100 12 1 1 1 10 12 1 10 12 1 1 10 100 1 100 1 1 1 1 1 1 5 0 1 1 1 1 1 3 1 3 1 3 1 1 1 1 1 1 1 1 1 1 1 1 1 1 1 1 1 1 1 1 1 1 1 1 1 100 1 1 1 1 1 1 1 1 1 1 1 1 1 1 1 1 1 1 1 1 1 1 1 1 1 1 1 1 1 100 1 1 1 1 1 1 1 1 1 1 1 1 1 1 1 1 1 1 1 1 1 1 1 1 1 1 1 1 1 1 1 1 1 1 1 1 1 1 1 1 1 1 1 1 1 1 1 1 1 1 1 1 1 1 1 1 1 1 100 1 1 1 100 1 1 1 1 1 100 1 1 1 1 1 1 1 1 1 1 1 1 1 1 1 1 1 1
instanceKlass sun/nio/ch/NioSocketImpl$1
instanceKlass java/net/Socket$SocketInputStream
instanceKlass com/sun/org/apache/xerces/internal/impl/XMLEntityManager$RewindableInputStream
instanceKlass java/io/ObjectInputStream
instanceKlass java/util/zip/ZipFile$ZipFileInputStream
instanceKlass java/io/FilterInputStream
instanceKlass java/io/FileInputStream
instanceKlass java/io/ByteArrayInputStream
ciInstanceKlass java/io/InputStream 1 1 184 100 1 10 7 12 1 1 1 100 1 10 10 7 12 1 1 1 10 7 12 1 1 1 10 12 1 7 1 3 10 12 1 1 100 1 8 1 10 12 1 10 100 12 1 1 1 3 100 1 8 1 10 10 100 12 1 1 1 100 1 10 11 100 12 1 1 1 10 12 1 1 11 12 1 1 11 100 12 1 1 1 11 12 1 1 100 1 10 100 12 1 1 1 5 0 10 12 1 10 12 1 1 100 1 10 8 1 10 8 1 8 1 10 12 1 1 10 100 12 1 1 1 100 1 1 1 1 3 1 3 1 1 1 1 1 1 1 1 1 1 1 1 1 1 1 1 1 1 1 1 1 1 1 1 1 1 1 1 1 1 1 1 1 1 1 1 1 1 1 1 1 1 1 1 1 1 1 1 1 1 1 1 1
ciInstanceKlass java/io/ByteArrayInputStream 1 1 96 10 7 12 1 1 1 9 7 12 1 1 1 9 12 1 1 9 12 1 9 12 1 10 100 12 1 1 1 10 7 12 1 1 1 10 7 12 1 1 1 10 100 12 1 1 1 10 12 1 1 10 100 12 1 1 1 1 1 1 1 1 1 1 1 1 1 1 1 1 1 1 1 1 1 1 1 1 1 1 1 100 1 1 1 1 1 1 1 1 1 1 1 1 1 1
instanceKlass scala/sys/ShutdownHookThread
instanceKlass java/util/concurrent/ForkJoinWorkerThread
instanceKlass scala/sys/ShutdownHookThread
instanceKlass org/apache/logging/log4j/core/util/Log4jThread
instanceKlass org/mule/contribution/designservice/DesignServiceInstanceShutdownHook
instanceKlass java/util/logging/LogManager$Cleaner
instanceKlass org/apache/logging/log4j/core/util/Log4jThread
instanceKlass jdk/internal/misc/InnocuousThread
instanceKlass java/lang/ref/Finalizer$FinalizerThread
instanceKlass java/lang/ref/Reference$ReferenceHandler
ciInstanceKlass java/lang/Thread 1 1 612 9 7 12 1 1 1 9 12 1 1 10 12 1 1 9 12 1 1 9 12 1 1 100 1 8 1 10 12 1 1 3 8 1 100 1 5 0 10 12 1 1 10 7 12 1 1 9 12 1 1 9 12 1 9 12 1 1 9 12 1 100 1 8 1 10 9 12 1 1 10 7 12 1 1 1 10 100 12 1 1 1 10 10 7 12 1 1 10 12 1 1 10 12 1 1 9 100 12 1 1 1 10 12 1 1 10 12 1 9 12 1 1 10 12 1 1 10 12 1 1 9 12 1 10 12 1 1 9 12 1 1 10 7 12 1 1 1 9 12 1 1 9 12 1 1 10 12 1 1 10 7 12 1 1 1 9 12 1 10 12 1 1 9 12 1 100 1 10 7 1 10 8 1 10 12 1 1 10 12 1 10 12 1 10 12 1 1 10 12 1 10 12 1 9 12 1 100 1 10 10 12 1 1 10 12 1 10 12 1 100 1 11 7 12 1 1 9 7 12 1 1 1 10 12 1 10 12 1 10 12 9 12 1 1 10 9 12 1 10 12 1 100 1 10 10 12 1 1 9 12 1 10 12 1 11 100 12 1 1 10 12 1 9 12 1 10 12 1 10 12 1 10 10 12 1 10 12 1 10 12 1 10 12 1 10 12 1 1 100 1 10 10 12 1 10 12 1 10 12 1 9 100 12 1 1 1 10 12 1 1 10 12 1 100 1 8 1 10 10 12 1 10 12 8 1 10 12 1 8 1 10 8 1 8 1 10 100 12 1 1 10 100 12 1 1 1 100 1 8 1 10 9 12 1 9 12 1 1 10 12 1 1 10 10 12 1 1 9 12 1 10 12 1 1 100 1 10 12 11 100 12 1 1 1 9 100 12 1 1 1 9 12 1 1 10 12 1 1 100 1 10 12 1 11 100 12 1 1 1 100 1 10 12 1 10 12 1 1 11 12 1 10 12 1 100 1 10 12 1 10 12 1 1 10 7 12 1 1 1 8 1 9 12 1 10 12 1 1 11 100 12 1 1 1 10 100 12 1 1 1 11 12 1 10 12 1 7 1 1 1 1 3 1 3 1 3 1 1 1 1 1 1 1 1 1 1 1 1 1 1 1 1 1 1 1 100 1 1 1 1 1 1 1 1 1 1 1 1 100 1 100 1 1 1 1 1 1 1 1 1 1 1 1 1 1 1 1 1 1 1 1 1 1 1 1 1 1 1 1 1 1 1 1 1 1 1 1 1 1 1 1 1 1 1 100 100 1 1 1 1 1 1 1 1 1 100 1 1 1 1 1 1 1 1 1 1 1 1 1 1 1 1 1 1 1 1 1 1 1 1 1 1 1 1 100 1 1 1 1 1 1 100 1 1 100 1 1 1 1 1 1
staticfield java/lang/Thread EMPTY_STACK_TRACE [Ljava/lang/StackTraceElement; 0 [Ljava/lang/StackTraceElement;
ciInstanceKlass java/lang/System$2 1 1 435 10 7 12 1 1 1 10 7 12 1 1 1 10 12 1 1 10 12 1 1 10 12 1 1 10 12 1 1 10 12 1 1 10 12 1 10 12 1 1 10 12 1 1 7 1 10 7 12 1 1 1 10 7 12 1 1 1 10 12 1 10 12 1 10 7 12 1 1 1 10 12 1 1 10 12 1 1 10 12 1 1 10 12 1 1 10 7 12 1 1 1 10 100 12 1 1 1 10 12 1 7 1 10 12 1 10 12 1 10 12 1 1 10 12 1 10 12 1 1 10 12 1 10 12 1 10 12 1 10 12 1 10 12 1 10 12 1 1 10 12 1 1 10 12 1 10 12 1 1 10 12 1 10 12 1 1 10 7 12 1 1 1 10 12 1 10 12 1 1 10 12 1 10 7 12 1 1 1 10 12 1 1 10 12 1 1 10 12 1 1 10 7 12 1 1 1 10 12 1 1 10 7 12 1 1 1 10 100 12 1 1 1 10 12 1 1 10 7 12 1 1 1 10 12 1 1 10 12 1 1 10 12 1 1 10 12 1 1 10 12 1 1 10 12 1 1 10 12 1 1 8 1 100 1 100 1 1 1 1 1 1 1 1 1 1 1 1 1 1 1 1 1 1 1 1 1 1 1 1 1 1 1 1 1 1 1 1 1 1 1 1 1 1 1 1 1 1 1 1 1 1 1 1 1 1 1 1 1 1 1 1 1 1 1 1 1 1 1 1 1 1 1 1 1 1 1 1 1 1 1 1 1 1 1 1 1 1 1 1 1 1 1 1 1 1 1 1 1 1 1 1 1 1 1 1 1 1 1 1 1 1 1 1 1 1 1 1 1 1 1 1 1 1 1 1 1 1 1 1 1 1 1 1 1 1 1 100 1 1 1 1 1 1 1 1 1 1 1 1 1 1 1 1 1 1 1 1 1 1 1 1 1 1 1 1 1 1 1 1 1 1 1 1 1 1 1 1 1 100 1 12 1 1 1
ciInstanceKlass jdk/internal/access/JavaLangAccess 1 0 136 100 1 100 1 1 1 1 1 1 1 1 1 1 1 1 1 1 1 1 1 1 1 1 1 1 1 1 1 1 1 1 1 1 1 1 1 1 1 100 1 1 1 1 1 1 1 1 1 1 1 1 1 1 1 1 1 1 1 1 1 1 1 1 1 1 1 1 1 1 1 1 1 1 1 1 1 1 1 1 1 1 1 1 1 1 1 1 1 1 1 1 1 1 1 1 1 1 100 1 1 1 1 1 1 1 1 1 1 1 1 1 1 1 1 1 1 1 1 1 1 1 1 1 1 1 1 1 1 1 1 1 1 1 1 1
ciMethod java/lang/System$2 newStringUTF8NoRepl ([BII)Ljava/lang/String; 0 0 2793 0 0
ciMethod java/lang/System arraycopy (Ljava/lang/Object;ILjava/lang/Object;II)V 256 0 128 0 -1
instanceKlass scala/util/control/BreakControl
instanceKlass scala/runtime/NonLocalReturnControl
instanceKlass scala/runtime/Nothing$
instanceKlass scala/util/control/BreakControl
instanceKlass scala/runtime/Nothing$
instanceKlass scala/runtime/NonLocalReturnControl
instanceKlass java/lang/Exception
instanceKlass java/lang/Error
ciInstanceKlass java/lang/Throwable 1 1 393 10 7 12 1 1 1 9 7 12 1 1 1 9 12 1 1 9 12 1 9 12 1 1 9 12 1 10 12 1 1 9 12 1 1 10 12 1 1 10 12 1 100 1 7 1 10 8 1 10 12 1 1 8 1 10 100 12 1 1 10 10 12 1 100 1 8 1 10 10 12 1 1 10 7 12 1 1 10 12 1 8 1 9 100 12 1 1 1 10 12 1 1 100 1 10 12 10 12 1 7 1 10 10 7 12 1 1 1 11 7 12 1 1 1 10 7 12 1 1 1 10 12 1 1 10 12 1 1 8 1 10 12 1 10 12 1 1 8 1 8 1 10 12 1 1 10 12 1 8 1 8 1 9 12 1 1 10 100 12 1 1 100 1 10 11 12 1 8 1 8 1 10 7 12 1 1 8 1 10 12 1 8 1 7 1 10 12 1 9 12 1 1 10 12 1 10 7 12 1 9 12 1 1 10 12 1 1 100 1 8 1 10 12 1 10 100 12 1 1 10 12 1 1 100 1 10 100 12 1 1 1 10 12 1 11 100 12 1 1 1 11 100 12 1 1 1 11 12 1 8 1 10 12 1 1 8 1 10 10 9 100 12 1 1 1 8 1 10 12 1 1 10 100 1 8 1 10 11 12 1 1 8 1 9 12 1 10 100 12 1 1 11 9 12 1 1 11 12 1 1 100 10 12 1 10 12 1 1 100 1 1 1 1 5 0 1 1 1 1 1 1 1 1 1 1 1 1 1 100 1 1 1 1 1 1 1 1 1 1 1 1 1 1 1 1 1 1 1 1 1 1 1 1 1 1 1 1 1 1 1 1 1 1 1 1 1 1 1 1 1 1 100 1 100 1 1 1 1 1 1 1 1 1 1 1 1 1 1 1 1 1 1
staticfield java/lang/Throwable UNASSIGNED_STACK [Ljava/lang/StackTraceElement; 0 [Ljava/lang/StackTraceElement;
staticfield java/lang/Throwable SUPPRESSED_SENTINEL Ljava/util/List; java/util/Collections$EmptyList
staticfield java/lang/Throwable EMPTY_THROWABLE_ARRAY [Ljava/lang/Throwable; 0 [Ljava/lang/Throwable;
staticfield java/lang/Throwable $assertionsDisabled Z 1
instanceKlass org/mulesoft/exceptions/AlsException
instanceKlass amf/core/internal/remote/EcmaEncoder$UriError
instanceKlass amf/core/client/scala/parse/InvalidBaseUnitTypeException
instanceKlass amf/aml/internal/parse/plugin/error/CannotParseDocumentException
instanceKlass amf/core/client/scala/exception/UnsupportedDocumentException
instanceKlass org/mulesoft/anypoint/server/scala/workspace/AnypointInitializationException
instanceKlass org/codehaus/plexus/interpolation/reflection/MethodMap$AmbiguousException
instanceKlass javax/xml/bind/JAXBException
instanceKlass javax/xml/stream/XMLStreamException
instanceKlass org/mulesoft/anypoint/exchange/client/exception/ExchangeBadRequestException
instanceKlass org/mulesoft/anypoint/exchange/client/exception/ExchangeNotFoundException
instanceKlass amf/core/internal/remote/AmfException
instanceKlass org/apache/maven/artifact/versioning/InvalidVersionSpecificationException
instanceKlass org/apache/maven/model/resolution/InvalidRepositoryException
instanceKlass org/apache/maven/model/resolution/UnresolvableModelException
instanceKlass org/apache/maven/model/building/ModelBuildingException
instanceKlass org/eclipse/aether/RepositoryException
instanceKlass org/sonatype/plexus/components/sec/dispatcher/SecDispatcherException
instanceKlass org/sonatype/plexus/components/cipher/PlexusCipherException
instanceKlass org/codehaus/plexus/util/xml/pull/XmlPullParserException
instanceKlass org/apache/maven/settings/building/SettingsBuildingException
instanceKlass org/codehaus/plexus/interpolation/InterpolationException
instanceKlass org/mule/contribution/dataweave/transform/mapping/UnsupportedUsecaseException
instanceKlass org/codehaus/plexus/util/xml/pull/XmlPullParserException
instanceKlass org/codehaus/plexus/interpolation/InterpolationException
instanceKlass org/apache/maven/settings/building/SettingsBuildingException
instanceKlass org/eclipse/jface/text/BadLocationException
instanceKlass javax/xml/xpath/XPathException
instanceKlass org/apache/maven/shared/invoker/MavenInvocationException
instanceKlass org/mule/dx/platform/api/graphql/ExternalServiceCallException
instanceKlass com/shopify/graphql/support/SchemaViolationError
instanceKlass org/mule/dx/contributions/munit/api/exception/MUnitServiceException
instanceKlass org/eclipse/jgit/api/errors/GitAPIException
instanceKlass jakarta/xml/bind/JAXBException
instanceKlass org/apache/commons/cli/ParseException
instanceKlass jakarta/activation/MimeTypeParseException
instanceKlass javax/xml/transform/TransformerException
instanceKlass org/mule/contribution/internal/lsp/ui/form/state/validate/InvalidFieldException
instanceKlass org/codehaus/plexus/util/xml/pull/XmlPullParserException
instanceKlass org/mule/contribution/expression/EmbeddedModulesFetchException
instanceKlass org/eclipse/lemminx/commons/BadLocationException
instanceKlass java/security/PrivilegedActionException
instanceKlass java/util/concurrent/TimeoutException
instanceKlass com/google/inject/internal/ErrorsException
instanceKlass com/google/inject/internal/InternalProvisionException
instanceKlass java/security/GeneralSecurityException
instanceKlass javax/management/JMException
instanceKlass sun/nio/fs/WindowsException
instanceKlass java/text/ParseException
instanceKlass javax/xml/parsers/ParserConfigurationException
instanceKlass org/xml/sax/SAXException
instanceKlass javax/naming/NamingException
instanceKlass java/net/URISyntaxException
instanceKlass java/lang/CloneNotSupportedException
instanceKlass org/osgi/framework/InvalidSyntaxException
instanceKlass java/lang/InterruptedException
instanceKlass java/util/concurrent/ExecutionException
instanceKlass java/io/IOException
instanceKlass java/lang/ReflectiveOperationException
instanceKlass java/lang/RuntimeException
ciInstanceKlass java/lang/Exception 1 1 40 10 7 12 1 1 1 10 12 1 10 12 1 10 12 1 10 12 1 100 1 1 1 1 5 0 1 1 1 1 1 1 1 1 1 1 1 1 1 1
instanceKlass java/lang/reflect/InvocationTargetException
instanceKlass java/lang/IllegalAccessException
instanceKlass java/lang/InstantiationException
instanceKlass java/lang/NoSuchFieldException
instanceKlass java/lang/NoSuchMethodException
instanceKlass java/lang/ClassNotFoundException
ciInstanceKlass java/lang/ReflectiveOperationException 1 1 34 10 7 12 1 1 1 10 12 1 10 12 1 10 12 1 100 1 1 1 1 5 0 1 1 1 1 1 1 1 1 1 1 1
instanceKlass scala/NotImplementedError
instanceKlass scala/NotImplementedError
instanceKlass com/google/common/util/concurrent/ExecutionError
instanceKlass org/glassfish/jersey/internal/ServiceConfigurationError
instanceKlass com/google/common/util/concurrent/ExecutionError
instanceKlass java/lang/AssertionError
instanceKlass java/util/ServiceConfigurationError
instanceKlass java/lang/VirtualMachineError
instanceKlass java/lang/LinkageError
instanceKlass java/lang/ThreadDeath
ciInstanceKlass java/lang/Error 1 1 40 10 7 12 1 1 1 10 12 1 10 12 1 10 12 1 10 12 1 100 1 1 1 1 5 0 1 1 1 1 1 1 1 1 1 1 1 1 1 1
ciInstanceKlass java/lang/ThreadDeath 0 0 21 10 100 12 1 1 1 100 1 1 1 1 5 0 1 1 1 1 1 1 1
ciInstanceKlass java/lang/ClassNotFoundException 1 1 96 7 1 10 7 12 1 1 1 10 12 1 10 12 1 1 10 100 12 1 1 1 8 1 10 100 12 1 1 1 10 7 12 1 1 10 100 12 1 1 1 10 100 12 1 1 1 10 12 1 1 7 1 10 12 1 9 12 1 1 1 1 1 5 0 1 1 1 1 1 1 1 1 1 1 1 1 1 1 1 1 1 1 100 1 1 1 1 1 1 1 1 1 1 1 1
staticfield java/lang/ClassNotFoundException serialPersistentFields [Ljava/io/ObjectStreamField; 1 [Ljava/io/ObjectStreamField;
instanceKlass java/lang/ExceptionInInitializerError
instanceKlass java/lang/IncompatibleClassChangeError
instanceKlass java/lang/BootstrapMethodError
instanceKlass java/lang/NoClassDefFoundError
ciInstanceKlass java/lang/LinkageError 1 1 31 10 7 12 1 1 1 10 12 1 10 12 1 100 1 1 1 1 5 0 1 1 1 1 1 1 1 1 1 1 1
instanceKlass jdk/net/UnixDomainPrincipal
instanceKlass jdk/jfr/internal/dcmd/Argument
ciInstanceKlass java/lang/Record 1 1 22 10 7 12 1 1 1 100 1 1 1 1 1 1 1 1 1 1 1 1 1 1
ciInstanceKlass java/lang/StringLatin1 1 1 380 7 1 10 100 12 1 1 1 100 1 10 12 1 10 7 12 1 1 1 10 7 12 1 1 1 10 12 1 10 7 12 1 1 1 10 12 1 1 10 7 12 1 1 1 10 12 1 1 10 12 1 1 10 10 12 1 10 12 1 1 10 9 7 12 1 1 1 10 12 1 1 10 7 12 1 1 1 10 12 10 12 1 1 10 12 1 1 10 12 1 1 10 7 12 1 1 1 10 12 1 10 12 1 1 9 12 1 1 100 1 10 10 7 12 1 1 1 10 7 12 1 1 1 10 12 1 10 12 1 100 1 100 1 8 1 10 12 1 8 1 10 12 100 1 10 10 10 7 12 1 1 1 8 1 8 1 8 1 10 12 1 1 10 100 12 1 1 10 12 1 10 12 1 1 10 12 1 1 10 12 1 1 10 12 1 10 12 10 12 10 12 1 10 12 10 10 12 1 10 12 1 10 12 1 10 7 12 1 1 1 10 7 12 1 1 1 10 12 1 1 10 12 1 1 10 10 7 12 1 1 1 1 1 1 1 1 1 1 1 1 1 1 1 1 1 1 1 1 1 1 1 1 1 1 1 1 1 1 1 1 1 1 1 1 1 1 1 1 1 1 1 1 1 1 1 1 1 1 1 1 100 1 1 1 1 1 1 1 1 1 1 1 1 1 1 1 1 1 1 1 1 1 1 1 1 1 1 1 1 1 1 1 1 1 1 1 1 1 1 1 1 1 1 1 1 100 1 1 1 1 1 1 1 1 1 1 1 1 1 1 1 1 1 1 1 1 1 100 1 1 1 1 1 1 1 1 1 1 1 1 1 1 1 1 1 1 1 1 1 1 1 1 1 1 100 1 1 1 1
staticfield java/lang/StringLatin1 $assertionsDisabled Z 1
ciInstanceKlass java/lang/Math 1 1 395 10 100 12 1 1 1 10 7 12 1 1 1 10 12 1 10 12 1 10 12 1 10 12 1 10 12 1 7 1 6 0 6 0 10 12 1 10 12 1 10 12 1 10 12 1 10 12 1 10 12 1 1 10 12 1 10 12 1 10 12 1 10 12 1 10 12 1 10 7 12 1 1 1 100 1 3 3 3 10 7 12 1 1 1 100 1 5 0 5 0 5 0 5 0 5 0 9 100 12 1 1 1 10 100 12 1 1 1 100 1 8 1 10 12 1 8 1 10 12 1 1 10 12 1 1 100 1 5 0 5 0 100 1 3 5 0 3 5 0 10 12 1 10 12 1 8 1 10 12 1 8 1 9 12 1 1 9 12 1 10 12 1 1 6 0 10 12 1 9 12 1 1 100 1 10 10 12 1 100 1 10 12 1 10 12 1 1 10 12 1 10 12 1 10 12 1 10 12 1 1 10 12 1 1 10 12 1 1 10 12 6 0 10 12 1 1 10 12 1 1 10 12 10 12 1 4 10 12 1 1 10 12 1 10 12 1 10 12 10 12 1 10 12 1 10 12 1 10 12 1 10 12 1 10 12 1 10 12 1 5 0 6 0 4 6 0 4 6 0 4 10 12 1 1 9 12 1 1 10 12 1 9 12 1 10 7 12 1 1 1 4 6 0 1 1 6 0 1 6 0 1 1 1 1 1 1 1 1 1 1 1 1 1 1 1 1 1 1 1 1 1 1 1 1 1 1 1 1 1 1 1 1 1 1 1 1 1 1 1 1 1 1 1 1 1 1 1 1 1 1 1 1 1 1 1 1 1 1 1 1 1 1 1 1 1 1 1 1 1 1 1 1 1 1 1 1 1 1 1 1 1 1 1 1 1 1 1 1 1 1 1 1 1 1
staticfield java/lang/Math negativeZeroFloatBits J -2147483648
staticfield java/lang/Math negativeZeroDoubleBits J -9223372036854775808
staticfield java/lang/Math $assertionsDisabled Z 1
ciInstanceKlass java/util/Arrays 1 1 988 10 7 12 1 1 1 10 7 12 1 1 1 10 7 12 1 1 1 10 12 1 10 12 1 10 12 1 10 12 1 10 12 1 10 12 1 10 100 12 1 1 1 100 1 7 1 10 8 1 10 12 1 1 10 12 1 8 1 8 1 10 12 1 1 10 12 1 100 1 10 12 1 9 100 12 1 1 1 10 7 12 1 1 100 1 10 12 1 1 10 7 12 1 1 10 7 12 1 1 1 100 1 10 12 1 10 12 1 1 7 1 9 7 12 1 1 1 10 12 1 1 10 7 12 1 1 10 12 1 10 12 1 1 10 12 1 10 12 1 1 7 1 11 12 1 1 10 12 1 10 7 12 1 1 1 10 12 10 12 1 10 12 1 10 12 10 12 1 11 7 12 1 1 1 10 7 12 1 1 1 100 1 10 12 1 10 100 1 10 12 1 10 100 1 10 12 1 10 100 1 10 12 1 10 10 12 1 1 10 12 1 10 12 1 10 12 1 10 12 1 10 12 1 10 100 12 1 1 1 10 12 1 10 100 12 1 1 1 10 12 1 10 12 1 10 7 12 1 1 1 10 12 1 10 12 1 10 12 1 10 12 1 10 12 1 10 12 1 10 12 1 10 12 1 10 12 1 10 12 1 10 12 1 10 12 1 10 12 1 10 12 1 10 12 1 10 12 1 1 10 12 1 1 10 7 12 1 1 1 10 12 1 8 1 7 1 10 12 10 12 1 10 12 1 1 10 12 1 1 9 100 12 1 1 1 7 1 10 12 1 9 100 1 7 1 10 12 1 9 100 1 7 1 10 12 1 9 100 1 7 1 10 12 1 9 100 1 7 1 10 12 1 9 100 1 7 1 10 12 1 9 7 1 10 12 1 7 1 10 12 1 10 12 1 9 12 1 100 1 10 10 12 1 1 10 12 1 10 12 1 10 12 1 10 12 1 10 12 1 10 12 1 10 12 1 10 12 1 10 12 1 8 1 8 1 10 12 1 10 12 1 8 1 10 12 1 10 12 1 10 12 1 10 7 12 1 1 1 3 10 100 1 10 10 12 1 1 11 100 12 1 1 10 12 1 1 10 12 1 10 12 1 10 12 1 10 12 1 10 12 1 10 12 1 10 12 1 10 12 1 11 12 1 8 1 10 11 12 1 11 7 12 1 1 1 11 100 12 1 1 1 11 12 1 1 18 12 1 1 11 12 1 1 11 100 12 1 1 1 18 12 1 11 100 12 1 1 1 18 12 1 11 100 12 1 1 1 18 12 1 100 1 10 7 12 1 1 1 10 12 1 10 12 1 10 12 1 10 12 1 10 12 1 10 12 1 10 12 1 10 12 1 1 10 12 1 10 7 12 1 1 10 12 1 10 12 1 10 12 1 1 10 12 1 10 12 1 10 12 1 1 10 12 1 10 12 1 10 12 1 1 10 12 1 10 12 1 10 12 1 10 12 1 10 12 10 12 1 10 12 10 12 10 12 1 10 12 10 12 1 10 12 1 10 12 1 1 1 1 3 1 3 1 1 1 1 1 1 1 1 1 1 1 1 1 1 1 1 1 1 1 1 1 1 1 1 1 1 1 1 1 1 1 1 1 1 1 1 1 1 1 1 1 1 1 1 1 1 1 1 1 1 1 1 1 1 1 1 1 1 1 1 1 1 1 1 1 1 1 1 1 1 1 1 1 1 1 1 1 1 1 1 1 1 1 1 1 1 1 1 1 1 1 1 1 1 1 1 1 1 1 1 1 1 1 1 1 1 1 1 1 1 1 1 1 1 1 1 1 1 1 1 1 1 1 1 1 1 1 1 1 1 1 1 1 1 1 1 1 1 1 1 1 1 1 1 1 1 1 1 1 1 1 1 1 1 1 1 1 1 1 1 1 1 1 1 1 1 1 1 1 1 1 1 1 1 1 1 1 1 1 1 1 1 1 1 1 1 1 1 1 1 1 1 1 1 1 1 1 1 1 1 1 1 1 1 1 1 1 1 1 1 1 1 1 1 1 1 1 1 1 1 1 1 1 1 1 1 1 1 1 1 1 1 1 1 1 1 1 1 1 1 1 1 1 1 1 1 1 1 1 1 1 1 1 1 1 1 1 1 1 1 1 100 1 1 15 10 100 12 1 1 1 16 15 10 12 15 10 12 15 10 12 15 10 12 1 1 100 1 100 1 1 1 1 100 1 1 1 1 1 1 100 1 1 100 1 1 100 1 1 1 100 1 100 1 1
staticfield java/util/Arrays $assertionsDisabled Z 1
ciMethod java/lang/StringLatin1 equals ([B[B)Z 548 338 2166 0 -1
ciMethod java/lang/StringLatin1 hashCode ([B)I 216 4612 1086 0 352
ciMethod java/lang/StringLatin1 inflate ([BI[BII)V 0 0 299 0 -1
ciMethod java/lang/StringLatin1 charAt ([BI)C 660 0 700334 0 128
ciMethod java/lang/StringLatin1 newString ([BII)Ljava/lang/String; 496 0 5406 0 -1
ciInstanceKlass java/lang/StringUTF16 1 1 598 100 1 7 1 10 100 12 1 1 1 100 1 10 7 1 3 100 1 100 1 10 8 1 10 12 1 1 10 12 1 8 1 10 12 1 1 10 12 1 9 12 1 1 10 12 1 1 100 1 8 1 10 12 1 9 12 1 1 9 12 1 10 10 12 1 1 10 12 1 1 10 100 12 1 1 1 10 12 1 10 12 1 1 10 12 1 1 10 12 1 1 10 12 1 1 10 12 1 10 12 1 1 10 12 1 1 10 12 1 1 10 12 1 1 10 12 1 10 12 1 10 12 1 1 10 12 1 100 1 10 12 1 10 10 12 1 1 10 12 1 10 12 1 1 10 12 1 10 100 12 1 1 1 10 100 12 1 1 1 10 12 10 12 1 1 10 12 1 10 12 1 1 10 12 1 1 10 12 1 10 12 1 10 12 1 3 10 12 1 1 10 12 1 10 12 1 10 12 1 10 12 1 10 12 1 10 12 1 1 9 12 1 10 12 1 10 12 1 10 12 1 10 12 1 10 12 1 10 10 12 10 12 10 10 100 12 1 1 1 10 100 12 1 1 1 10 12 1 10 12 1 100 1 8 1 8 1 10 12 1 1 100 1 10 10 100 12 1 1 1 10 100 12 1 1 8 1 8 1 8 1 10 12 1 1 10 12 1 1 10 12 10 12 1 10 100 12 1 1 10 12 1 1 10 12 1 1 10 12 1 10 12 10 12 10 12 1 10 12 10 12 1 10 12 1 10 12 1 10 12 1 10 12 1 10 100 12 1 1 1 10 100 12 1 1 1 10 12 1 1 10 12 1 1 11 100 12 1 1 10 12 1 10 12 1 10 12 1 1 9 12 1 1 9 12 1 5 0 5 0 10 12 1 10 12 10 12 10 7 12 1 1 1 10 12 1 1 1 1 1 1 1 1 1 1 1 1 1 1 1 1 1 1 1 1 1 1 1 1 1 1 1 1 1 1 1 100 1 1 1 1 1 1 1 1 1 1 1 1 1 1 1 1 1 1 1 1 1 1 1 1 1 1 1 1 1 1 1 1 1 1 1 1 1 1 1 1 1 1 1 1 1 1 1 1 1 1 1 1 1 1 1 1 1 1 1 1 1 1 1 1 1 1 1 1 1 1 1 1 1 1 1 1 1 1 1 1 1 1 100 1 1 1 1 1 1 1 1 1 1 1 1 1 1 1 1 1 100 1 1 1 1 1 1 1 1 1 1 1 1 1 1 1 1 1 1 1 1 1 1 1 1 1 1 1 1 1 1 1 1 1 1 1 1 1 1 1 1 1 1 1 1 1 1 1 1 1 1 1 1 1 1 1 1 1 1 1 1 1 100 1 100 1 1 1 1 1
staticfield java/lang/StringUTF16 HI_BYTE_SHIFT I 0
staticfield java/lang/StringUTF16 LO_BYTE_SHIFT I 8
staticfield java/lang/StringUTF16 $assertionsDisabled Z 1
ciMethod java/lang/StringUTF16 hashCode ([B)I 0 0 156 0 0
ciMethod java/lang/StringUTF16 checkIndex (I[B)V 0 0 5198 0 -1
ciMethod java/lang/StringUTF16 getChar ([BI)C 816 0 2420 0 -1
ciMethod java/lang/StringUTF16 putChar ([BII)V 524 0 949 0 -1
ciMethod java/lang/StringUTF16 newBytesFor (I)[B 0 0 372 0 0
ciMethod java/lang/StringUTF16 charAt ([BI)C 0 0 49 0 0
ciMethod java/lang/StringUTF16 newString ([BII)Ljava/lang/String; 0 0 1 0 -1
ciInstanceKlass java/lang/Boolean 1 1 151 10 7 12 1 1 1 9 7 12 1 1 1 10 12 1 1 10 12 1 8 1 10 7 12 1 1 9 12 1 1 9 12 1 8 1 10 12 1 1 10 12 1 1 10 7 12 1 1 1 100 1 100 1 10 12 1 1 9 100 12 1 1 9 12 10 100 12 1 1 1 10 12 1 1 8 1 10 7 12 1 1 1 9 12 1 1 100 1 100 1 100 1 1 1 1 1 1 5 0 1 1 1 1 1 1 1 1 1 1 3 1 1 1 1 1 1 1 1 1 1 1 1 1 1 1 1 1 1 1 1 100 1 1 1 1 1 1 1 1 1 1 100 1 1 1 1 1 1 1 1
staticfield java/lang/Boolean TRUE Ljava/lang/Boolean; java/lang/Boolean
staticfield java/lang/Boolean FALSE Ljava/lang/Boolean; java/lang/Boolean
staticfield java/lang/Boolean TYPE Ljava/lang/Class; java/lang/Class
instanceKlass java/util/concurrent/locks/AbstractQueuedSynchronizer
ciInstanceKlass java/util/concurrent/locks/AbstractOwnableSynchronizer 1 1 32 10 7 12 1 1 1 9 7 12 1 1 1 100 1 1 1 1 5 0 1 1 1 1 1 1 1 1 1 1 1 1
instanceKlass scala/math/ScalaNumber
instanceKlass scala/math/ScalaNumber
instanceKlass com/google/gson/internal/LazilyParsedNumber
instanceKlass java/math/BigInteger
instanceKlass java/math/BigDecimal
instanceKlass java/util/concurrent/atomic/Striped64
instanceKlass java/util/concurrent/atomic/AtomicLong
instanceKlass java/util/concurrent/atomic/AtomicInteger
instanceKlass java/lang/Long
instanceKlass java/lang/Integer
instanceKlass java/lang/Short
instanceKlass java/lang/Byte
instanceKlass java/lang/Double
instanceKlass java/lang/Float
ciInstanceKlass java/lang/Number 1 1 37 10 7 12 1 1 1 10 100 12 1 1 1 100 1 1 1 1 5 0 1 1 1 1 1 1 1 1 1 1 1 1 1 1 1 1 1
instanceKlass java/lang/LiveStackFrameInfo
ciInstanceKlass java/lang/StackFrameInfo 1 1 132 10 7 12 1 1 1 9 7 12 1 1 1 9 7 1 9 12 1 1 11 7 12 1 1 1 9 12 1 1 11 12 1 1 10 12 1 1 10 7 12 1 1 1 10 12 1 11 12 1 11 12 1 1 11 12 1 10 12 1 1 9 12 1 1 10 12 1 1 10 100 12 1 1 10 12 1 1 11 12 1 1 10 12 1 9 12 1 1 10 12 1 1 100 1 8 1 10 12 1 10 7 12 1 1 1 100 1 1 1 1 1 1 1 1 1 1 1 1 1 1 1 1 1 1 100 1 1 1 1 1 1
staticfield java/lang/StackFrameInfo JLIA Ljdk/internal/access/JavaLangInvokeAccess; java/lang/invoke/MethodHandleImpl$1
ciInstanceKlass java/lang/LiveStackFrameInfo 0 0 97 10 100 12 1 1 1 9 100 12 1 1 1 9 12 1 9 12 1 9 12 1 9 12 1 1 100 1 10 12 1 1 10 12 1 8 1 10 12 1 1 8 1 8 1 8 1 10 100 1 10 12 1 100 1 10 12 1 100 1 100 1 1 1 3 1 3 1 1 1 1 1 1 1 1 1 1 1 1 1 1 1 1 1 1 1 1 1 1 1 1 1 1 1 100 1 1
ciMethod java/lang/Boolean parseBoolean (Ljava/lang/String;)Z 74 0 727 0 -1
ciInstanceKlass java/lang/Character 1 1 576 7 1 100 1 100 1 9 12 1 1 8 1 9 12 1 1 100 1 9 12 1 1 10 100 12 1 1 1 10 100 12 1 1 1 10 100 12 1 1 1 10 7 12 1 1 1 9 7 12 1 1 1 10 12 1 10 12 1 1 10 12 1 1 10 7 12 1 1 10 12 1 1 3 3 3 3 3 10 12 1 1 10 12 1 3 11 7 12 1 1 1 11 12 1 1 10 12 1 1 10 12 1 1 100 1 10 10 12 1 3 10 12 1 1 10 12 1 10 12 1 1 100 1 8 1 10 12 1 1 10 12 1 10 12 1 10 12 1 10 12 1 10 12 1 1 10 12 1 10 7 12 1 1 10 10 12 1 10 10 12 1 10 12 1 1 10 12 1 10 10 12 1 10 12 1 10 12 1 10 12 1 10 12 1 10 12 1 10 12 1 10 12 10 10 12 10 10 12 1 10 10 12 1 10 10 12 1 10 10 12 1 10 10 12 1 10 10 12 1 10 10 12 1 1 10 10 12 1 10 5 0 10 12 1 10 12 1 10 10 12 1 10 10 12 1 1 10 10 12 1 10 10 12 1 9 12 1 1 100 1 10 10 12 1 10 12 1 1 3 10 100 12 1 1 1 10 12 1 10 100 12 1 1 100 1 10 10 12 1 1 10 12 1 1 10 12 1 1 8 1 10 12 1 9 100 12 1 1 1 10 12 1 10 10 12 1 10 12 1 1 10 12 1 10 10 12 1 1 10 10 12 1 1 100 1 8 1 10 12 1 1 10 7 12 1 1 1 8 1 10 12 1 1 9 12 1 1 100 1 100 1 100 1 1 1 1 3 1 3 1 3 1 3 1 1 1 1 1 3 1 1 3 1 3 1 3 1 3 1 3 1 3 1 3 1 3 1 3 1 3 1 3 1 3 1 3 1 3 1 3 1 3 1 3 1 3 1 3 1 3 1 3 1 3 1 3 1 3 1 3 1 3 1 3 1 3 1 1 1 1 1 1 1 1 1 1 1 1 1 1 1 1 1 1 1 3 1 1 1 1 1 1 1 3 1 1 3 1 1 1 1 1 3 1 1 5 0 1 1 1 1 1 1 1 1 1 1 1 1 1 1 1 1 1 1 1 1 1 1 1 1 1 1 1 1 1 1 1 1 1 1 1 1 1 1 1 1 1 1 1 1 1 1 1 1 1 1 1 1 1 1 1 1 1 1 1 1 1 1 1 1 1 1 1 1 1 1 1 1 1 1 1 1 1 1 1 1 1 1 1 1 1 1 1 1 1 100 1 100 1 1 1 1 1 1
staticfield java/lang/Character TYPE Ljava/lang/Class; java/lang/Class
staticfield java/lang/Character $assertionsDisabled Z 1
ciMethod java/lang/Character isSurrogate (C)Z 546 0 11700 0 -1
ciMethod java/lang/Character isSupplementaryCodePoint (I)Z 0 0 1 0 -1
ciMethod java/lang/Character highSurrogate (I)C 0 0 1 0 -1
ciMethod java/lang/Character lowSurrogate (I)C 0 0 1 0 -1
ciInstanceKlass java/lang/Float 1 1 223 7 1 100 1 10 7 12 1 1 1 10 100 12 1 1 1 4 100 1 10 12 1 1 10 12 1 1 8 1 8 1 10 100 12 1 1 1 10 12 1 1 10 12 1 1 10 4 4 4 10 7 12 1 1 9 12 1 1 10 12 1 1 10 12 1 10 12 1 10 12 1 1 10 12 1 10 12 1 3 10 12 1 1 10 12 1 1 10 12 1 10 100 12 1 1 1 10 12 1 1 10 12 1 1 8 1 10 7 12 1 1 1 9 12 1 1 100 1 100 1 100 1 1 1 1 1 4 1 1 1 4 1 1 3 1 3 1 3 1 3 1 1 1 1 5 0 1 1 1 1 1 1 1 1 1 1 7 1 1 1 1 1 1 1 1 1 1 1 1 1 3 1 1 1 1 1 1 1 1 1 1 1 1 1 1 1 1 1 1 1 1 1 1 1 1 1 1 1 1 1 1 1 1 1 1 1 1 1 1 7 1 1 1 1 1 1 1 100 1 100 1 1
staticfield java/lang/Float TYPE Ljava/lang/Class; java/lang/Class
ciInstanceKlass java/lang/Double 1 1 285 7 1 100 1 10 7 12 1 1 1 10 12 1 1 10 12 1 100 1 10 12 1 1 10 100 12 1 1 1 6 0 8 1 10 12 1 1 8 1 10 12 1 1 8 1 6 0 10 12 1 1 100 1 5 0 5 0 8 1 8 1 10 100 12 1 1 1 10 100 12 1 1 1 8 1 10 12 1 1 8 1 8 1 8 1 10 12 1 1 10 12 1 10 12 1 1 10 12 1 10 12 1 10 12 1 1 10 12 1 10 6 0 6 0 6 0 10 7 12 1 1 9 12 1 1 10 12 1 10 12 1 10 12 1 10 12 1 5 0 10 12 1 1 10 12 1 10 12 1 10 100 12 1 1 1 10 12 1 1 10 12 1 1 8 1 10 7 12 1 1 1 9 12 1 1 100 1 100 1 100 1 1 1 1 1 6 0 1 1 1 6 0 1 1 3 1 3 1 3 1 3 1 1 1 1 5 0 1 1 1 1 1 1 1 1 1 1 1 1 1 1 1 1 7 1 1 1 1 1 1 1 1 1 1 1 1 3 1 1 1 1 1 1 1 1 1 1 1 1 1 1 1 1 1 1 1 1 1 1 1 1 1 1 1 1 1 1 1 1 1 1 7 1 1 1 1 1 1 1 100 1 100 1 1
staticfield java/lang/Double TYPE Ljava/lang/Class; java/lang/Class
ciInstanceKlass java/lang/Byte 1 1 215 7 1 100 1 10 100 12 1 1 1 9 12 1 1 8 1 9 12 1 1 100 1 10 12 1 1 10 12 1 1 10 100 12 1 1 1 10 100 12 1 1 1 9 7 12 1 1 1 10 12 1 1 7 1 100 1 10 12 1 1 8 1 10 12 1 1 8 1 10 12 1 10 12 1 10 12 1 10 12 1 1 10 12 1 10 12 1 10 12 1 1 10 8 1 8 1 10 7 1 9 12 1 1 10 12 1 10 12 1 1 10 12 1 1 10 12 1 1 10 12 1 5 0 10 12 1 1 8 1 10 7 12 1 1 1 9 12 1 1 100 1 100 1 1 1 3 1 3 1 1 1 1 3 1 3 1 1 5 0 1 1 1 1 1 1 1 1 1 1 1 1 1 1 1 1 1 1 1 1 1 1 1 1 1 1 1 1 1 1 1 1 1 1 1 1 1 1 1 1 1 1 1 1 1 1 1 1 1 1 1 1 1 1 1
staticfield java/lang/Byte TYPE Ljava/lang/Class; java/lang/Class
ciInstanceKlass java/lang/Short 1 1 224 7 1 100 1 100 1 10 100 12 1 1 1 10 12 1 1 7 1 100 1 10 12 1 1 8 1 10 12 1 1 8 1 10 12 1 10 12 1 10 12 1 10 12 1 1 10 12 1 1 10 12 1 9 12 1 1 8 1 9 12 1 1 100 1 10 12 1 1 10 12 1 10 100 12 1 1 1 10 100 12 1 1 1 9 7 12 1 1 1 10 12 1 10 12 1 1 10 8 1 8 1 10 7 1 9 12 1 1 10 12 1 10 12 1 1 10 12 1 1 10 12 1 1 10 12 1 3 3 5 0 10 12 1 1 8 1 10 7 12 1 1 1 9 12 1 1 100 1 100 1 1 1 3 1 3 1 1 1 1 3 1 3 1 1 5 0 1 1 1 1 1 1 1 1 1 1 1 1 1 1 1 1 1 1 1 1 1 1 1 1 1 1 1 3 1 1 1 1 1 1 1 1 1 1 1 1 1 1 1 1 1 1 1 1 1 1 1 1 1 1 1 1 1
staticfield java/lang/Short TYPE Ljava/lang/Class; java/lang/Class
ciInstanceKlass java/lang/Integer 1 1 445 7 1 100 1 7 1 7 1 10 12 1 1 9 12 1 1 9 12 1 1 10 100 12 1 1 1 10 12 1 1 10 100 12 1 1 1 10 10 12 1 1 10 100 12 1 1 1 10 12 1 10 12 1 1 10 7 12 1 1 1 10 12 1 1 10 12 1 1 10 12 1 10 12 1 10 12 1 1 10 10 12 1 9 12 1 1 9 12 1 7 1 8 1 10 12 1 100 1 10 12 1 8 1 10 12 1 1 10 12 1 8 1 10 12 1 8 1 10 12 1 1 3 10 12 1 1 3 10 12 1 1 10 12 1 1 10 7 12 1 1 1 11 7 1 100 1 10 11 10 12 1 1 8 1 10 12 1 1 8 1 100 1 10 12 1 1 10 12 1 1 5 0 8 1 10 12 1 10 12 1 10 12 1 10 12 1 1 7 1 9 12 1 1 9 12 1 1 10 12 1 10 7 1 9 12 1 10 12 1 10 12 1 10 12 1 1 10 7 12 1 1 1 100 1 100 1 10 12 1 1 10 12 1 1 8 1 8 1 10 12 1 1 8 1 8 1 8 1 8 1 8 1 8 1 10 12 1 10 12 1 10 12 1 5 0 3 3 3 3 10 12 1 3 10 12 1 10 100 12 1 1 1 10 12 1 1 10 12 1 1 8 1 10 7 12 1 1 1 9 12 1 1 3 3 3 3 3 3 9 12 1 1 100 1 100 1 100 1 1 1 1 1 1 1 3 1 3 1 1 5 0 1 1 1 1 1 1 1 1 1 100 1 1 1 1 1 1 1 1 1 1 1 1 1 1 1 1 1 1 1 1 1 1 1 1 1 1 1 1 1 1 1 1 1 1 1 1 1 1 1 3 1 1 1 1 1 1 1 1 1 1 1 1 1 1 1 1 100 1 1 1 1 1 1 1 1 1 1 1 1 1 1 1 1 1 1 1 1 1 1 1 1 1 1 1 1 1 1 1 7 1 1 1 1 1 1 1 1 1 100 1 100 1 1
staticfield java/lang/Integer TYPE Ljava/lang/Class; java/lang/Class
staticfield java/lang/Integer digits [C 36
staticfield java/lang/Integer DigitTens [B 100
staticfield java/lang/Integer DigitOnes [B 100
staticfield java/lang/Integer sizeTable [I 10
ciInstanceKlass java/lang/Long 1 1 506 7 1 100 1 7 1 7 1 10 12 1 1 9 12 1 1 9 7 12 1 1 1 10 100 12 1 1 1 10 12 1 1 10 100 12 1 1 1 10 10 12 10 12 1 10 12 1 10 12 1 5 0 5 0 100 1 10 12 1 1 10 12 1 1 10 12 1 10 12 1 10 12 1 10 12 1 1 10 100 12 1 1 10 12 1 10 12 1 1 10 12 1 1 10 12 1 1 10 12 1 1 10 7 12 1 1 1 10 12 1 1 10 12 1 10 12 1 10 12 1 10 12 1 1 10 10 12 1 5 0 5 0 9 12 1 1 9 12 1 5 0 7 1 8 1 10 12 1 8 1 10 12 1 8 1 8 1 10 12 1 1 5 0 10 12 1 1 5 0 10 12 1 1 10 12 1 1 10 100 12 1 1 1 11 100 1 100 1 10 11 10 12 1 1 8 1 10 12 1 1 8 1 100 1 10 12 1 1 10 12 1 8 1 8 1 11 12 1 1 10 12 1 10 12 1 10 12 1 5 0 5 0 9 7 12 1 1 1 10 12 1 10 12 1 1 8 1 8 1 10 12 1 1 8 1 8 1 8 1 8 1 8 1 8 1 10 12 1 10 12 1 10 12 1 1 10 7 1 9 12 1 1 10 12 1 10 12 1 1 10 100 12 1 1 1 100 1 100 1 10 12 1 1 10 12 1 1 5 0 10 12 1 10 12 1 5 0 5 0 5 0 10 12 1 1 5 0 5 0 10 12 1 10 12 1 10 100 12 1 1 1 10 12 1 1 10 12 1 1 8 1 10 7 12 1 1 1 9 12 1 1 100 1 100 1 100 1 1 1 1 5 0 1 1 1 1 3 1 3 1 5 0 1 1 1 1 1 1 1 1 1 100 1 1 1 1 1 1 1 1 1 1 1 1 1 1 1 1 1 1 1 1 1 1 1 1 1 1 1 1 1 1 1 1 1 1 1 1 1 1 1 1 1 1 1 1 1 1 1 1 1 1 1 1 1 1 3 1 1 1 1 1 1 1 1 1 1 1 1 1 1 1 100 1 1 1 1 1 1 1 1 1 1 1 1 1 1 1 1 1 1 1 1 1 1 1 1 1 1 1 7 1 1 1 1 1 1 1 1 1 100 1 100 1 1
staticfield java/lang/Long TYPE Ljava/lang/Class; java/lang/Class
instanceKlass java/lang/ref/PhantomReference
instanceKlass java/lang/ref/FinalReference
instanceKlass java/lang/ref/WeakReference
instanceKlass java/lang/ref/SoftReference
ciInstanceKlass java/lang/ref/Reference 1 1 195 9 7 12 1 1 1 9 7 12 1 1 10 12 1 1 10 12 1 1 9 12 1 1 10 12 1 1 9 12 1 1 9 12 1 1 7 1 10 12 1 10 7 12 1 1 10 12 1 10 12 1 1 10 12 1 9 12 1 10 12 1 1 10 12 1 10 12 1 9 12 1 100 1 100 1 10 12 1 9 12 1 9 12 1 100 1 10 10 12 1 10 10 7 12 1 1 10 7 12 1 1 1 10 12 1 1 10 7 12 1 1 7 1 8 1 10 12 1 10 12 1 1 10 12 1 1 10 12 1 7 1 10 10 7 12 1 1 1 1 1 1 1 1 1 1 1 1 1 1 1 1 1 1 1 100 1 1 1 100 1 1 1 1 1 1 1 1 1 1 1 1 1 1 1 1 1 1 1 1 1 1 1 1 1 1 1 1 1 1 1 1 1 1 1
staticfield java/lang/ref/Reference processPendingLock Ljava/lang/Object; java/lang/Object
staticfield java/lang/ref/Reference $assertionsDisabled Z 1
instanceKlass java/util/ResourceBundle$BundleReference
instanceKlass sun/util/locale/provider/LocaleResources$ResourceReference
instanceKlass sun/util/resources/Bundles$BundleReference
instanceKlass sun/util/locale/LocaleObjectCache$CacheEntry
instanceKlass java/lang/invoke/LambdaFormEditor$Transform
ciInstanceKlass java/lang/ref/SoftReference 1 1 47 10 7 12 1 1 1 9 7 12 1 1 1 9 12 1 10 12 1 10 12 1 1 1 1 1 1 1 1 1 1 1 1 1 1 1 1 1 1 1 1 100 1 1 1 1 1
instanceKlass sun/nio/ch/FileLockTable$FileLockReference
instanceKlass org/apache/commons/logging/impl/WeakHashtable$WeakKey
instanceKlass java/util/ResourceBundle$KeyElementReference
instanceKlass com/google/common/collect/MapMakerInternalMap$AbstractWeakKeyEntry
instanceKlass com/google/common/cache/LocalCache$WeakEntry
instanceKlass java/util/logging/LogManager$LoggerWeakRef
instanceKlass java/util/logging/Level$KnownLevel
instanceKlass com/sun/jmx/mbeanserver/WeakIdentityHashMap$IdentityWeakReference
instanceKlass java/lang/ClassValue$Entry
instanceKlass java/lang/ThreadLocal$ThreadLocalMap$Entry
instanceKlass java/lang/WeakPairMap$WeakRefPeer
instanceKlass java/lang/invoke/MethodType$ConcurrentWeakInternSet$WeakEntry
instanceKlass java/util/WeakHashMap$Entry
ciInstanceKlass java/lang/ref/WeakReference 1 1 31 10 7 12 1 1 1 10 12 1 100 1 1 1 1 1 1 1 1 1 1 1 1 1 1 1 1 1 1 1 1
instanceKlass java/lang/ref/Finalizer
ciInstanceKlass java/lang/ref/FinalReference 1 1 47 10 7 12 1 1 1 10 7 12 1 1 1 10 12 1 1 100 1 8 1 10 12 1 1 1 1 1 1 1 1 1 1 1 1 1 1 1 1 1 1 1 1 1 1 1 1
ciInstanceKlass java/lang/ref/Finalizer 1 1 152 9 7 12 1 1 1 10 7 12 1 1 1 9 12 1 1 9 12 1 1 9 12 1 9 12 1 10 12 1 10 12 1 1 9 12 1 1 100 1 10 12 1 7 1 11 7 12 1 1 100 1 10 12 1 100 1 10 12 1 10 100 12 1 1 1 10 100 12 1 1 1 100 1 10 10 12 1 10 7 12 1 1 1 7 1 10 7 1 10 10 7 12 1 1 1 10 12 1 1 10 7 12 1 1 7 1 10 12 1 10 12 1 1 10 12 1 1 10 12 1 1 1 1 1 1 1 1 1 1 1 1 1 1 1 1 1 1 1 1 1 1 1 1 1 1 1 1 1 1 1 1
staticfield java/lang/ref/Finalizer lock Ljava/lang/Object; java/lang/Object
staticfield java/lang/ref/Finalizer $assertionsDisabled Z 1
instanceKlass jdk/internal/ref/PhantomCleanable
instanceKlass jdk/internal/ref/Cleaner
ciInstanceKlass java/lang/ref/PhantomReference 1 1 39 10 100 12 1 1 1 10 7 12 1 1 1 1 1 1 1 1 1 1 1 1 1 1 1 1 1 1 1 1 1 1 1 1 1 1 1 1 1
instanceKlass java/lang/reflect/Executable
instanceKlass java/lang/reflect/Field
ciInstanceKlass java/lang/reflect/AccessibleObject 1 1 398 10 7 12 1 1 1 9 100 12 1 1 1 10 100 12 1 1 1 10 7 12 1 1 10 7 12 1 1 1 10 7 12 1 1 1 10 12 1 1 10 12 1 1 9 12 1 1 100 1 10 7 12 1 1 1 11 12 1 100 1 10 12 1 7 1 100 1 10 12 1 10 12 1 1 7 1 10 7 12 1 1 1 10 12 1 1 7 1 10 12 1 1 7 1 10 10 10 7 12 1 1 1 10 12 1 1 10 12 1 10 12 1 10 12 1 1 10 12 1 8 1 100 1 10 10 12 1 1 8 1 10 12 1 10 12 1 8 1 8 1 8 1 8 1 8 1 8 1 100 1 10 12 1 10 12 1 9 12 1 1 10 12 1 1 10 12 1 10 11 100 1 100 1 8 1 10 10 12 1 10 12 1 1 8 1 10 12 1 8 1 10 12 1 1 10 100 1 8 1 10 11 7 12 1 1 10 12 1 1 10 12 1 1 10 12 1 1 9 12 1 1 100 1 10 12 1 7 1 10 12 1 10 12 1 1 10 100 1 10 12 1 10 12 10 12 1 10 12 1 1 10 12 1 10 12 1 1 10 12 1 9 12 1 10 100 12 1 1 8 1 10 100 12 1 1 1 8 1 10 100 12 1 1 1 9 12 1 100 1 10 7 1 10 10 7 12 1 1 1 7 1 10 10 7 12 1 1 1 7 1 9 12 1 1 1 1 1 1 1 1 1 1 1 1 1 1 1 1 1 1 1 1 1 1 1 1 1 1 1 1 1 1 1 1 1 1 1 1 1 1 1 1 1 1 1 1 1 1 1 1 1 1 1 1 1 1 1 1 1 1 1 1 1 1 1 1 1 1 1 1 1 1 1 1 1 1 1 1 1 1 1 1 1 1 1 1 1
staticfield java/lang/reflect/AccessibleObject reflectionFactory Ljdk/internal/reflect/ReflectionFactory; jdk/internal/reflect/ReflectionFactory
instanceKlass java/lang/reflect/Constructor
instanceKlass java/lang/reflect/Method
ciInstanceKlass java/lang/reflect/Executable 1 1 548 10 7 12 1 1 1 10 7 12 1 1 1 10 7 12 1 1 1 11 7 12 1 1 1 10 7 12 1 1 1 10 12 1 1 10 7 12 1 1 1 10 7 12 1 1 1 10 12 1 8 1 10 10 12 1 1 10 12 1 1 10 100 12 1 1 1 18 12 1 1 11 100 12 1 1 1 8 1 8 1 8 1 10 100 12 1 1 1 11 12 1 1 7 1 8 1 8 1 10 12 1 100 1 8 1 10 12 1 8 1 11 100 12 1 1 1 100 1 10 12 1 1 11 12 1 8 1 18 8 1 10 12 1 10 12 1 1 18 8 1 10 12 1 100 1 10 12 1 10 12 1 11 7 12 1 1 10 12 1 1 8 1 8 1 10 12 1 1 10 12 1 1 10 10 12 1 100 1 10 10 12 1 10 12 1 1 10 7 12 1 1 10 12 1 10 12 1 10 12 1 1 10 7 12 1 1 10 12 1 10 12 1 10 7 12 1 1 1 10 12 1 8 1 10 12 1 10 12 1 3 100 1 8 1 10 12 1 10 12 1 10 10 12 1 10 12 1 1 8 1 8 1 8 1 9 12 1 10 12 1 100 1 8 1 9 12 1 10 12 1 10 12 1 1 10 12 1 1 10 12 1 10 12 10 12 1 7 1 10 12 1 10 12 1 1 100 1 10 100 12 1 1 1 7 1 10 7 12 1 1 1 10 12 1 1 11 7 12 1 1 10 7 12 1 1 10 100 12 1 1 1 10 12 1 1 9 12 1 10 12 1 1 10 12 1 10 12 1 1 9 7 12 1 1 1 10 7 12 1 1 1 10 12 1 10 12 1 1 9 12 1 10 10 10 10 100 12 1 1 1 10 12 1 9 12 1 10 12 1 1 9 12 1 100 1 100 1 1 1 1 1 1 1 1 1 1 1 1 1 1 1 1 1 1 1 1 1 1 1 1 1 1 1 1 1 1 1 1 1 1 100 1 1 1 1 1 1 1 1 100 1 1 1 1 1 1 1 1 1 1 1 1 100 1 1 1 1 1 1 1 1 1 1 1 1 1 1 1 1 1 1 1 1 1 1 1 1 1 1 1 1 1 1 1 1 1 1 1 1 1 1 1 1 1 100 1 1 1 1 1 1 1 1 1 1 1 1 1 1 1 1 1 1 1 1 1 100 1 100 1 1 15 10 100 12 1 1 1 16 15 16 1 16 1 15 10 12 16 1 100 1 1 100 1 100 1 1
ciInstanceKlass java/lang/reflect/Constructor 1 1 433 10 7 12 1 1 1 10 7 12 1 1 9 7 12 1 1 1 10 12 1 1 10 12 1 1 10 7 12 1 1 9 12 1 1 10 7 12 1 1 1 9 12 1 1 9 12 1 1 9 12 1 9 12 1 1 9 12 1 9 12 1 1 9 12 1 1 9 12 1 100 1 8 1 10 12 1 10 12 1 9 12 1 1 10 7 12 1 1 10 7 12 1 1 1 10 12 1 1 10 12 1 1 10 12 1 7 1 100 1 8 1 10 10 12 1 10 12 1 10 12 1 1 10 12 1 1 9 100 12 1 1 1 10 7 12 1 1 10 12 1 1 10 12 1 10 12 1 1 10 7 12 1 1 1 10 100 12 1 1 10 12 1 1 10 12 1 10 100 12 1 1 1 8 1 10 10 12 1 100 1 8 1 10 12 1 10 12 1 1 10 12 1 1 10 12 1 10 12 1 10 12 1 1 10 12 1 1 9 12 1 1 10 12 1 1 10 12 1 1 10 12 1 8 1 10 12 1 1 11 7 12 1 1 1 10 12 1 1 10 12 1 10 12 1 9 12 1 1 10 7 12 1 1 1 10 12 1 1 10 12 1 1 10 12 1 1 10 12 1 1 10 12 1 9 100 12 1 1 10 12 1 10 12 1 10 12 1 100 1 8 1 10 10 12 1 1 10 12 1 10 10 12 1 1 10 12 1 1 10 100 12 1 1 1 11 100 12 1 1 1 10 12 1 1 9 100 12 1 1 1 10 100 12 1 1 1 10 12 1 1 1 1 1 1 1 1 1 1 1 1 1 1 1 1 1 1 1 1 1 1 1 1 1 1 1 1 1 1 1 1 1 1 1 1 1 1 1 1 1 1 1 1 1 1 1 1 1 1 1 100 1 100 1 100 1 100 1 1 1 1 1 1 1 1 1 1 1 1 1 1 1 1 1 1 1 1 1 1 1 1 1 1 1 1 1 1 1 1 1 100 1 1
ciInstanceKlass java/lang/reflect/Method 1 1 450 9 7 12 1 1 1 10 7 12 1 1 1 10 7 12 1 1 9 12 1 1 10 12 1 1 10 12 1 1 10 7 12 1 1 10 7 12 1 1 1 9 12 1 1 9 12 1 9 12 1 1 9 12 1 9 12 1 9 12 1 1 9 12 1 9 12 1 1 9 12 1 9 12 1 9 12 1 1 100 1 8 1 10 12 1 10 12 1 9 12 1 1 8 1 10 7 12 1 1 10 7 12 1 1 1 10 12 1 1 10 12 1 1 10 12 1 10 12 1 1 10 12 1 1 9 100 12 1 1 1 10 12 1 1 10 12 10 7 12 1 1 10 12 1 1 10 12 1 10 12 1 10 12 1 10 7 12 1 1 1 10 12 1 1 10 7 1 10 7 12 1 1 1 10 7 12 1 1 10 12 1 1 10 12 1 1 10 12 1 10 7 12 1 1 1 10 12 1 10 8 1 10 12 1 10 12 1 7 1 8 1 8 1 8 1 10 12 1 10 12 1 1 10 12 1 1 10 10 12 1 1 10 12 1 11 100 1 9 12 1 1 10 12 1 1 10 12 1 10 12 1 1 10 12 1 1 11 7 12 1 1 1 10 12 1 10 12 1 10 12 1 10 12 1 10 12 1 9 12 1 1 10 7 12 1 1 1 10 12 1 1 10 7 12 1 1 1 10 7 12 1 1 1 10 7 12 1 1 1 11 7 12 1 1 1 10 7 12 1 1 1 7 1 100 1 100 1 10 12 1 10 12 1 1 10 12 1 100 1 8 1 10 12 1 10 10 12 1 1 10 12 1 1 10 12 1 1 10 12 1 1 8 1 10 12 1 1 1 1 1 1 1 1 1 1 1 1 1 1 1 1 1 1 1 1 1 1 1 1 1 1 1 1 1 1 1 1 1 1 1 1 1 1 1 1 1 1 1 1 1 1 1 1 1 1 1 1 1 100 1 100 1 100 1 1 1 1 1 1 1 1 1 1 1 1 1 1 1 1 1 1 1 1 1 1 1 1 1 1
ciInstanceKlass java/lang/reflect/Field 1 1 437 9 7 12 1 1 1 10 12 1 1 10 7 12 1 1 1 10 7 12 1 1 9 12 1 1 10 12 1 1 10 12 1 1 10 7 12 1 1 10 7 12 1 1 1 9 12 1 1 9 12 1 9 12 1 9 12 1 1 9 12 1 1 9 12 1 9 12 1 1 9 12 1 1 100 1 8 1 10 12 1 10 12 1 9 12 1 1 9 12 1 10 12 1 10 7 12 1 1 10 12 1 1 10 12 1 1 10 12 1 10 12 1 1 7 1 10 12 1 1 10 12 1 1 10 12 1 1 10 12 1 10 12 1 10 7 1 10 7 12 1 1 100 1 10 8 1 10 12 1 1 10 12 1 1 8 1 10 12 10 12 1 8 1 8 1 10 11 100 1 9 12 1 10 12 1 1 10 12 1 1 11 7 12 1 1 1 11 12 1 1 11 12 1 1 11 12 1 1 11 12 1 1 11 12 1 1 11 12 1 1 11 12 1 1 11 12 1 1 11 12 1 1 11 12 1 1 11 12 1 1 11 12 1 1 11 12 1 1 11 12 1 1 11 12 1 1 11 12 1 1 11 12 1 1 10 12 1 10 100 12 1 1 10 12 1 10 12 1 1 10 12 9 12 1 1 10 7 12 1 1 1 10 12 1 1 10 7 12 1 1 10 12 1 1 11 7 1 10 12 1 100 1 10 100 12 1 1 1 10 7 12 1 1 1 9 12 1 10 7 12 1 1 1 11 7 12 1 1 1 10 12 1 1 10 12 1 1 9 7 12 1 1 1 10 7 12 1 1 1 10 12 1 1 100 1 1 1 1 1 1 1 1 1 1 1 1 1 1 1 1 1 1 1 1 1 1 1 1 1 1 1 1 1 1 1 1 1 1 1 100 1 1 1 1 1 1 1 1 1 1 1 1 1 1 1 1 1 1 1 1 1 1 1 1 1 1 1 1 1 1 1 1 1 1 100 1 1 1 1 1 1 1 1 100 1 1
ciInstanceKlass java/lang/reflect/Parameter 1 1 226 10 7 12 1 1 1 9 7 12 1 1 1 9 12 1 1 9 12 1 1 9 12 1 10 12 1 1 10 12 1 1 10 7 12 1 1 1 100 1 10 10 12 1 1 11 100 12 1 1 1 10 12 1 10 7 12 1 1 1 10 12 1 1 10 12 1 10 12 1 8 1 8 1 10 100 12 1 1 1 10 12 1 10 12 10 12 1 8 1 10 12 1 9 12 1 1 10 12 1 1 9 12 1 1 10 12 1 1 10 12 1 1 10 12 1 1 10 12 1 10 10 12 1 10 100 12 1 1 1 10 12 1 1 11 100 12 1 1 10 100 12 1 1 100 1 10 100 12 1 1 1 10 12 1 1 10 12 1 1 10 12 1 1 10 12 1 1 9 12 1 100 1 10 11 12 1 1 11 12 1 1 100 1 1 1 1 1 1 1 1 1 1 1 1 1 1 1 1 1 1 1 1 1 1 1 1 1 1 1 1 1 1 1 1 1 1 1 1 1 1 100 1 1 1 1
ciInstanceKlass java/lang/StringBuffer 1 1 470 10 7 12 1 1 1 10 12 1 10 12 1 10 12 1 1 9 7 12 1 1 1 10 12 1 1 10 12 1 10 12 1 1 9 12 1 1 10 12 1 10 12 1 1 10 12 1 1 10 12 1 10 12 1 1 10 12 1 10 12 1 1 10 12 1 1 10 7 12 1 1 1 10 12 1 1 10 12 1 10 12 1 10 12 1 10 12 1 10 12 1 10 12 1 10 12 1 10 12 1 10 12 1 10 12 1 10 12 1 10 12 1 10 12 1 10 12 1 1 10 12 1 10 12 1 1 10 12 1 1 10 10 12 1 1 10 12 1 10 12 1 10 12 1 10 12 1 10 12 1 10 12 1 10 12 10 12 1 10 12 1 10 12 1 10 12 1 1 10 12 1 10 12 1 10 10 12 1 1 10 12 1 1 9 12 1 1 10 7 12 1 1 1 10 100 1 10 10 100 12 1 1 1 10 10 12 1 10 8 10 100 12 1 1 1 8 10 12 1 8 1 10 12 1 10 12 1 10 100 12 1 1 1 10 100 12 1 1 1 7 1 10 12 100 1 8 1 10 10 12 1 1 10 12 1 1 10 12 1 1 10 12 1 10 12 1 10 12 1 10 12 1 10 12 1 10 12 1 10 12 1 10 12 1 10 12 1 10 12 1 10 12 1 10 12 1 10 12 1 10 12 1 10 12 1 10 12 1 10 12 10 12 10 12 1 10 12 1 10 12 1 10 12 10 12 1 10 12 1 10 12 1 10 12 1 10 12 1 10 12 1 10 12 1 10 12 1 10 12 1 10 12 1 10 12 1 7 1 10 12 1 9 7 12 1 1 1 9 7 1 9 12 1 1 100 1 100 1 100 1 1 1 1 5 0 1 1 1 1 1 1 1 1 1 1 1 1 1 1 1 1 1 1 1 1 1 1 1 1 1 1 1 1 1 1 1 1 1 1 1 1 1 1 1 1 1 1 1 1 1 1 1 1 1 1 1 1 1 1 1 1 1 1 1 1 100 1 1 1 1 1 100 1 1 1 1 1 1 1 1 1 1 1 1 1 1 1 1 1
staticfield java/lang/StringBuffer serialPersistentFields [Ljava/io/ObjectStreamField; 3 [Ljava/io/ObjectStreamField;
instanceKlass java/lang/StringBuilder
instanceKlass java/lang/StringBuffer
ciInstanceKlass java/lang/AbstractStringBuilder 1 1 547 7 1 7 1 10 7 12 1 1 1 9 7 12 1 1 1 9 12 1 9 12 1 1 9 12 1 1 10 7 12 1 1 1 10 12 1 1 3 3 10 12 1 10 12 1 1 11 7 1 100 1 100 1 10 8 1 10 12 1 10 12 1 10 12 1 1 10 12 1 10 12 1 10 12 1 9 12 1 1 10 12 1 1 10 7 12 1 1 1 10 10 12 1 10 12 1 10 12 1 1 10 12 1 1 10 7 12 1 1 1 10 7 12 1 1 1 100 1 8 1 10 10 12 1 1 100 1 10 12 10 12 1 1 10 10 12 1 1 10 12 1 1 10 12 1 1 10 12 1 1 100 1 10 10 12 1 10 100 12 1 1 1 10 12 1 1 10 12 1 10 12 1 1 10 10 12 1 1 10 12 10 12 1 10 12 1 1 10 12 1 1 10 12 1 1 10 12 1 10 10 12 1 1 10 12 1 10 12 1 1 8 1 10 12 1 1 10 12 1 10 12 1 10 12 1 10 12 1 10 12 1 10 12 1 10 7 12 1 1 10 12 1 10 12 1 10 100 12 1 1 1 10 12 1 10 12 1 10 12 1 10 12 1 10 12 1 1 10 12 1 10 12 1 1 10 12 1 1 10 10 7 12 1 1 1 10 12 1 10 12 1 10 12 1 1 10 12 1 10 12 1 10 12 1 10 12 1 10 12 1 10 12 1 10 12 1 10 12 1 10 12 1 1 10 12 1 10 12 1 10 12 10 12 1 1 18 12 1 1 100 1 10 100 12 1 1 1 18 10 12 1 1 10 12 1 10 12 1 1 11 12 1 10 12 1 10 12 1 10 10 12 1 10 8 1 8 1 8 1 10 10 100 1 10 12 1 100 1 10 100 1 10 100 1 1 1 3 1 1 1 1 1 1 1 1 1 1 100 1 1 1 1 1 1 1 1 1 1 1 1 1 1 1 1 1 1 1 1 1 1 1 1 1 1 1 1 1 1 1 1 1 1 1 1 1 1 1 1 1 1 1 1 1 1 1 1 1 1 1 1 1 1 1 1 1 1 1 1 1 1 1 1 1 1 1 1 1 1 1 1 1 1 1 1 1 1 1 1 1 1 1 1 1 1 1 1 1 1 1 1 1 1 1 1 1 100 1 1 100 1 1 1 1 1 100 1 1 1 1 1 1 15 10 100 12 1 1 1 16 1 15 10 12 16 15 10 12 1 1 1 1 100 1 100 1 1
staticfield java/lang/AbstractStringBuilder EMPTYVALUE [B 0
ciMethod java/lang/AbstractStringBuilder append (Ljava/lang/String;)Ljava/lang/AbstractStringBuilder; 458 0 6458 0 -1
ciMethod java/lang/AbstractStringBuilder append (I)Ljava/lang/AbstractStringBuilder; 40 0 8300 0 -1
ciMethod java/lang/AbstractStringBuilder append (C)Ljava/lang/AbstractStringBuilder; 536 0 14674 0 -1
ciMethod java/lang/AbstractStringBuilder <init> (I)V 278 0 5286 0 -1
ciMethod java/lang/AbstractStringBuilder isLatin1 ()Z 532 0 112040 0 -1
ciInstanceKlass java/lang/SecurityManager 0 0 576 10 100 12 1 1 1 9 100 12 1 1 1 10 100 12 1 1 1 100 1 8 1 10 12 1 10 12 1 1 10 100 12 1 1 1 10 100 1 10 100 1 10 9 100 12 1 1 1 10 100 12 1 1 1 10 12 1 1 10 100 12 1 1 100 1 8 1 10 9 12 1 1 9 12 1 8 1 9 12 1 100 1 10 8 1 10 12 1 1 10 12 1 10 12 1 1 100 1 10 10 12 1 1 100 1 8 1 10 12 1 8 1 8 1 8 1 8 1 8 1 8 1 10 12 1 8 1 8 1 8 1 8 1 8 1 10 100 12 1 1 1 10 12 1 1 8 1 100 1 8 1 10 8 1 8 1 8 1 8 1 8 1 10 100 12 1 1 8 1 100 1 8 1 8 1 10 8 1 10 12 1 100 1 8 1 10 10 12 1 1 10 12 1 10 12 1 10 12 1 10 100 12 1 1 1 10 12 1 10 100 12 1 1 11 100 12 1 1 1 18 12 1 1 11 100 12 1 1 1 18 12 1 1 11 12 1 1 18 18 11 12 1 18 12 1 11 12 1 1 9 12 1 1 9 12 1 9 12 1 9 12 1 100 1 10 100 12 1 1 10 12 1 10 12 1 18 12 1 18 10 100 12 1 1 1 18 12 1 10 12 1 18 18 8 1 10 12 1 9 12 1 1 11 100 12 1 1 1 8 1 100 1 10 12 1 10 12 1 1 10 12 1 1 9 12 1 1 10 12 1 10 12 1 1 8 1 100 1 10 9 12 1 8 1 10 12 1 8 1 100 1 10 10 100 12 1 1 10 100 1 9 100 12 1 1 1 11 12 1 1 10 12 1 11 12 1 10 12 1 100 1 10 10 12 1 1 10 12 1 1 1 1 1 1 1 1 1 1 1 100 1 1 1 1 1 1 1 1 1 1 1 1 1 1 1 1 1 1 1 1 1 1 1 1 1 1 1 1 1 1 1 1 1 1 1 1 1 1 1 1 1 1 1 1 1 1 1 1 1 1 1 1 1 1 1 1 3 1 1 1 1 1 1 1 1 1 1 100 1 1 1 1 1 1 1 1 1 1 1 1 1 1 1 1 1 1 1 1 1 1 1 1 1 1 1 1 1 1 1 1 1 1 1 1 1 1 15 10 100 12 1 1 1 16 15 10 100 12 1 1 1 16 1 16 15 10 12 16 1 15 10 12 16 15 11 100 1 16 1 16 1 15 10 12 16 15 10 12 16 15 10 12 1 16 1 15 11 12 1 15 10 12 16 15 10 16 1 1 1 1 100 1 100 1 1
instanceKlass org/yaml/model/YException
instanceKlass org/mulesoft/common/parse/ParseException
instanceKlass org/yaml/model/SyamlException
instanceKlass amf/core/client/scala/exception/AmfUnhandledException
instanceKlass amf/core/client/scala/exception/CyclicReferenceException
instanceKlass amf/core/client/scala/exception/UnsupportedParsedDocumentException$
instanceKlass org/eclipse/aether/named/support/LockUpgradeNotSupportedException
instanceKlass org/apache/commons/logging/LogConfigurationException
instanceKlass org/springframework/core/NestedRuntimeException
instanceKlass org/mule/weave/lsp/services/exception/RunPreviewException
instanceKlass scala/MatchError
instanceKlass org/mule/weave/extension/plugin/maven/resolver/MavenResolverException
instanceKlass org/eclipse/lsp4j/jsonrpc/JsonRpcException
instanceKlass org/eclipse/lsp4j/jsonrpc/MessageIssueException
instanceKlass org/aspectj/lang/NoAspectBoundException
instanceKlass java/io/UncheckedIOException
instanceKlass scala/MatchError
instanceKlass org/mule/metadata/persistence/MetadataSerializingException
instanceKlass com/google/common/cache/CacheLoader$InvalidCacheLoadException
instanceKlass com/google/common/util/concurrent/UncheckedExecutionException
instanceKlass jakarta/ws/rs/WebApplicationException
instanceKlass org/glassfish/jersey/internal/Errors$ErrorMessagesException
instanceKlass jakarta/ws/rs/ProcessingException
instanceKlass org/apache/logging/log4j/core/config/ConfigurationException
instanceKlass org/apache/logging/log4j/LoggingException
instanceKlass org/mule/dx/platform/anypoint/exchange/AssetTypeInvalidException
instanceKlass org/mule/dx/platform/graphql/GraphServiceSchemaException
instanceKlass org/mule/dx/platform/internal/UnexpectedInternalError
instanceKlass org/mule/dx/contributions/munit/api/exception/MUnitServiceRuntimeException
instanceKlass com/mule/api/contribution/api/mockingservice/exceptions/GetMockingServicePortException
instanceKlass com/mule/api/contribution/api/mockingservice/exceptions/CreateMockingServiceInstanceException
instanceKlass org/eclipse/jgit/api/errors/JGitInternalException
instanceKlass org/mule/contribution/internal/lsp/exceptions/TestConnectionException
instanceKlass org/mule/contribution/WorkspaceContributionException
instanceKlass org/mule/contribution/util/exception/FileUtilsException
instanceKlass org/mule/maven/client/api/BundleDependenciesResolutionException
instanceKlass org/eclipse/lsp4j/jsonrpc/ResponseErrorException
instanceKlass org/mule/contribution/internal/lsp/NoSuchCanvasElement
instanceKlass org/mule/contribution/api/deploy/FailedStepException
instanceKlass org/mule/contribution/util/exception/ScriptUtilsException
instanceKlass org/mule/dx/contributions/exception/ComponentException
instanceKlass org/mule/dx/platform/auth/UnauthorizedException
instanceKlass com/google/gson/JsonParseException
instanceKlass org/eclipse/lemminx/uriresolver/CacheResourceException
instanceKlass org/eclipse/lemminx/services/LimitList$ResultLimitExceededException
instanceKlass java/lang/TypeNotPresentException
instanceKlass com/google/inject/internal/aop/GlueException
instanceKlass com/google/common/util/concurrent/UncheckedExecutionException
instanceKlass com/google/common/cache/CacheLoader$InvalidCacheLoadException
instanceKlass com/google/inject/ProvisionException
instanceKlass com/google/inject/CreationException
instanceKlass com/google/inject/ConfigurationException
instanceKlass com/github/zafarkhaja/semver/util/UnexpectedElementException
instanceKlass com/github/zafarkhaja/semver/ParseException
instanceKlass java/lang/IndexOutOfBoundsException
instanceKlass java/nio/file/FileSystemNotFoundException
instanceKlass org/pf4j/PluginRuntimeException
instanceKlass com/sun/org/apache/xerces/internal/xni/XNIException
instanceKlass java/time/DateTimeException
instanceKlass java/lang/reflect/UndeclaredThrowableException
instanceKlass org/apache/logging/log4j/core/config/ConfigurationException
instanceKlass java/util/ConcurrentModificationException
instanceKlass java/util/MissingResourceException
instanceKlass java/util/NoSuchElementException
instanceKlass org/apache/logging/log4j/LoggingException
instanceKlass java/lang/SecurityException
instanceKlass java/lang/UnsupportedOperationException
instanceKlass java/lang/IllegalStateException
instanceKlass java/lang/IllegalArgumentException
instanceKlass java/lang/ArithmeticException
instanceKlass java/lang/NullPointerException
instanceKlass java/lang/IllegalMonitorStateException
instanceKlass java/lang/ArrayStoreException
instanceKlass java/lang/ClassCastException
ciInstanceKlass java/lang/RuntimeException 1 1 40 10 7 12 1 1 1 10 12 1 10 12 1 10 12 1 10 12 1 100 1 1 1 1 5 0 1 1 1 1 1 1 1 1 1 1 1 1 1 1
instanceKlass org/springframework/http/InvalidMediaTypeException
instanceKlass org/springframework/util/InvalidMimeTypeException
instanceKlass java/security/InvalidParameterException
instanceKlass java/util/IllegalFormatException
instanceKlass java/lang/NumberFormatException
ciInstanceKlass java/lang/IllegalArgumentException 1 1 35 10 100 12 1 1 1 10 12 1 10 12 1 10 12 1 100 1 1 1 1 5 0 1 1 1 1 1 1 1 1 1 1 1 1
ciInstanceKlass java/lang/ArithmeticException 1 1 26 10 100 12 1 1 1 10 12 1 100 1 1 1 1 5 0 1 1 1 1 1 1 1 1 1
ciInstanceKlass java/lang/NullPointerException 1 1 52 10 7 12 1 1 1 10 12 1 9 7 12 1 1 1 10 12 1 1 9 12 1 1 10 12 1 1 10 12 1 1 1 1 5 0 1 1 1 1 1 1 1 1 100 1 100 1 100 1 1 1
instanceKlass org/springframework/util/ConcurrentReferenceHashMap
instanceKlass com/google/common/cache/LocalCache
instanceKlass com/google/gson/internal/LinkedTreeMap
instanceKlass com/google/common/collect/Maps$ViewCachingAbstractMap
instanceKlass com/google/common/collect/MapMakerInternalMap
instanceKlass com/google/common/cache/LocalCache
instanceKlass java/util/Collections$SingletonMap
instanceKlass java/util/concurrent/ConcurrentSkipListMap
instanceKlass java/util/EnumMap
instanceKlass java/util/TreeMap
instanceKlass java/util/IdentityHashMap
instanceKlass java/util/WeakHashMap
instanceKlass java/util/Collections$EmptyMap
instanceKlass sun/util/PreHashedMap
instanceKlass java/util/HashMap
instanceKlass java/util/ImmutableCollections$AbstractImmutableMap
instanceKlass java/util/concurrent/ConcurrentHashMap
ciInstanceKlass java/util/AbstractMap 1 1 192 10 7 12 1 1 1 10 7 12 1 1 1 11 7 12 1 1 1 10 11 12 1 1 11 7 12 1 1 1 11 12 1 1 7 1 11 12 1 10 12 1 1 11 12 1 100 1 10 11 12 1 11 7 1 10 12 1 1 11 12 1 9 12 1 1 7 1 10 12 1 9 12 1 1 100 1 10 11 11 12 1 1 11 12 1 100 1 100 1 11 12 1 8 1 100 1 10 10 12 1 1 8 1 10 12 1 10 12 1 1 10 12 1 1 1 1 1 1 1 1 1 1 1 1 1 1 1 1 1 1 1 1 1 1 1 1 1 1 1 1 1 1 1 1 1 1 1 1 1 1 1 1 100 1 1 1 1 1 1 1 1 1 1 1 1 1 1 1 1 100 1 1 1 1 1 1 1 1 1 100 1 100 1 100 1 100 1 1 1 1 1
ciInstanceKlass java/security/AccessControlContext 1 1 373 9 7 12 1 1 1 9 12 1 1 10 100 12 1 1 1 8 1 10 100 12 1 1 1 10 7 12 1 1 1 9 12 1 9 12 1 1 9 12 1 1 10 7 12 1 1 100 1 10 12 1 11 100 12 1 1 1 11 12 1 11 12 1 11 12 1 1 7 1 11 12 1 1 10 12 1 10 7 12 1 1 1 9 100 12 1 1 1 10 100 12 1 1 1 11 100 12 1 1 1 10 7 1 100 1 8 1 10 12 1 10 12 1 1 7 1 10 7 12 1 1 1 9 12 1 9 12 1 9 12 1 9 12 1 1 9 12 1 1 9 12 1 9 12 1 10 7 12 1 1 1 9 12 1 10 12 1 1 10 12 1 1 8 1 10 12 1 1 10 12 1 1 10 100 12 1 1 1 100 1 10 10 12 1 1 10 100 12 1 1 1 10 8 1 10 100 12 1 1 8 1 10 100 12 1 1 8 1 8 1 10 12 1 8 1 10 12 1 8 1 10 12 1 10 12 1 10 12 1 1 8 1 8 1 100 1 10 12 1 10 12 1 1 100 1 10 12 1 8 1 10 12 1 10 12 1 10 8 1 10 12 1 1 10 12 1 1 10 12 1 1 10 12 1 1 10 12 1 10 12 1 10 12 1 10 12 1 1 10 10 10 12 1 1 1 1 1 1 1 1 1 1 1 1 1 1 1 1 1 1 1 1 1 1 1 1 100 1 1 1 1 1 1 1 1 1 1 1 1 1 1 1 1 1 1 1 1 1 1 1 1 1 1 1 1 1 1 1 1 1 1 1 1 1 1 1 1 1 1 1 1 1 1 1 1 1 1 1 1 3 1 1
ciInstanceKlass java/net/URL 1 1 743 10 7 12 1 1 1 10 12 1 10 7 12 1 1 9 12 1 1 9 12 1 10 7 12 1 1 1 10 12 1 1 10 12 1 1 9 12 1 1 10 7 12 1 1 1 8 1 10 12 1 1 100 1 10 10 12 1 1 8 1 10 12 1 1 9 12 1 100 1 8 1 10 12 1 10 12 1 8 1 9 12 1 10 12 1 1 9 12 1 10 12 1 10 12 1 9 12 1 9 12 1 8 1 9 12 1 10 12 1 1 8 1 9 12 1 1 10 12 1 1 10 7 12 1 1 1 8 1 10 12 1 7 1 10 12 1 10 12 1 10 12 1 10 12 1 1 10 12 1 1 8 1 10 12 1 1 10 12 1 8 1 9 12 1 8 1 10 12 1 10 7 12 1 1 1 100 1 10 12 1 10 12 1 1 10 7 12 1 1 1 100 1 8 1 10 10 12 1 8 1 10 12 1 1 10 12 1 10 12 1 10 12 1 10 12 1 10 12 1 8 1 10 12 1 10 10 7 12 1 1 1 10 12 1 9 100 12 1 1 1 10 100 12 1 1 1 9 12 1 1 10 12 1 10 100 12 1 1 1 100 1 100 1 10 12 1 10 12 1 10 12 1 10 12 1 10 12 1 10 12 10 10 10 12 1 100 1 10 12 1 10 12 1 1 8 1 9 100 12 1 1 1 10 100 12 1 1 1 10 12 1 1 9 100 12 1 1 1 10 12 1 1 100 1 10 12 1 10 12 1 10 10 12 1 1 10 12 1 1 10 12 1 10 12 1 10 12 1 10 7 12 1 1 1 10 12 1 1 10 12 1 9 12 1 1 9 12 1 1 100 1 8 1 10 10 12 1 9 12 1 1 10 7 12 1 1 8 1 10 7 12 1 1 8 1 10 12 1 1 10 12 1 8 1 8 1 10 7 12 1 1 1 100 1 10 100 12 1 1 1 10 12 1 10 12 1 7 1 10 9 12 1 1 10 7 12 1 1 8 1 10 12 1 1 7 1 10 10 7 12 1 1 1 8 9 7 12 1 1 1 10 12 1 10 12 1 10 12 1 10 12 1 10 7 12 1 1 11 7 12 1 1 10 12 1 10 12 1 9 12 1 10 12 1 1 10 100 12 1 1 10 100 12 1 1 1 8 10 100 12 1 1 100 1 10 8 8 10 12 1 8 8 8 100 1 10 12 1 9 12 1 1 10 12 1 10 12 1 1 10 12 1 10 12 10 12 1 1 10 12 1 1 10 10 10 12 1 10 12 1 10 12 1 10 12 1 10 12 1 10 10 12 1 100 1 8 1 10 10 10 12 1 1 10 12 1 10 12 1 1 8 1 7 1 10 10 10 7 1 10 12 1 9 7 12 1 1 1 9 12 1 1 7 1 10 10 7 12 1 1 1 100 1 1 1 1 1 5 0 1 1 1 1 1 1 1 1 1 1 1 1 1 1 1 1 1 1 1 1 1 1 1 1 1 1 1 1 1 1 1 1 1 1 1 1 1 1 1 100 1 1 1 1 1 1 1 1 1 1 1 1 1 1 1 1 1 1 1 1 1 1 1 1 1 1 1 1 1 1 1 1 1 1 1 1 1 100 1 1 1 1 1 1 1 1 1 1 1 1 1 1 1 1 100 1 1 1 1 1 1 1 1 1 1 1 1 1 1 1 1 1 1
staticfield java/net/URL defaultFactory Ljava/net/URLStreamHandlerFactory; java/net/URL$DefaultFactory
staticfield java/net/URL streamHandlerLock Ljava/lang/Object; java/lang/Object
staticfield java/net/URL serialPersistentFields [Ljava/io/ObjectStreamField; 7 [Ljava/io/ObjectStreamField;
ciInstanceKlass java/util/jar/Manifest 1 1 336 10 7 12 1 1 1 7 1 10 9 7 12 1 1 1 7 1 10 9 12 1 1 9 12 1 1 10 12 1 10 12 1 1 10 12 1 1 10 12 1 1 10 12 1 1 11 7 1 11 12 1 1 10 12 1 1 10 100 12 1 1 1 100 1 100 1 10 8 1 10 12 1 1 10 12 1 1 10 12 1 10 12 1 11 100 1 10 12 1 10 12 1 1 11 12 1 1 10 12 1 11 12 1 1 11 100 12 1 1 1 11 100 12 1 1 11 12 1 1 100 1 10 12 1 8 1 11 12 1 100 1 10 12 1 1 11 12 1 10 12 1 10 12 1 10 100 12 1 1 1 8 1 10 12 1 1 10 9 100 12 1 1 1 10 12 1 1 10 100 12 1 10 12 1 10 12 1 9 100 12 1 1 1 8 1 10 12 1 8 1 8 1 7 1 10 12 1 10 12 1 10 12 1 1 100 1 8 1 10 12 1 1 8 1 10 10 12 1 1 8 1 10 12 1 1 10 100 12 1 1 1 10 12 1 10 11 12 1 1 10 12 1 10 100 12 1 1 1 10 12 1 1 10 12 1 1 11 10 12 1 11 10 12 1 100 1 1 1 1 1 1 1 1 1 1 1 1 1 1 1 1 1 1 1 1 1 1 1 1 1 1 1 1 1 1 1 1 1 1 1 1 1 1 1 1 1 1 1 100 1 1 1 1 1 1 1 1 1 1 1 1 1 1 100 1 1 1 1 1 1 1 1 1 1 1
ciInstanceKlass java/util/Objects 1 1 151 10 7 12 1 1 1 100 1 8 1 10 12 1 10 12 1 1 10 7 12 1 1 1 10 12 1 1 10 12 1 10 100 12 1 1 1 10 12 1 1 11 100 12 1 1 1 100 1 10 10 12 1 8 1 10 7 12 1 1 1 8 1 7 1 11 12 1 1 8 1 10 7 12 1 1 1 10 12 1 1 10 12 1 10 12 1 10 12 1 10 12 1 1 1 1 1 1 1 1 1 1 1 1 1 1 1 1 1 1 1 1 1 1 1 1 1 1 1 1 1 1 1 1 1 1 1 1 1 1 1 1 1 1 1 1 1 1 1 1 1 1 1 1 1 1 1 1 1 1 1
instanceKlass com/google/common/collect/ImmutableCollection
instanceKlass com/google/common/collect/ImmutableCollection
instanceKlass com/google/common/collect/ImmutableCollection
instanceKlass org/apache/logging/log4j/ThreadContext$EmptyThreadContextStack
instanceKlass com/google/common/collect/Maps$Values
instanceKlass com/google/common/collect/AbstractMultimap$Values
instanceKlass com/google/common/collect/AbstractMapBasedMultimap$WrappedCollection
instanceKlass com/google/common/collect/ImmutableCollection
instanceKlass java/util/IdentityHashMap$Values
instanceKlass java/util/TreeMap$Values
instanceKlass java/util/concurrent/ConcurrentLinkedDeque
instanceKlass java/util/LinkedHashMap$LinkedValues
instanceKlass org/apache/logging/log4j/ThreadContext$EmptyThreadContextStack
instanceKlass java/util/HashMap$Values
instanceKlass java/util/AbstractQueue
instanceKlass java/util/ArrayDeque
instanceKlass java/util/AbstractSet
instanceKlass java/util/ImmutableCollections$AbstractImmutableCollection
instanceKlass java/util/AbstractList
ciInstanceKlass java/util/AbstractCollection 1 1 160 10 7 12 1 1 1 10 7 12 1 1 1 10 12 1 1 11 7 12 1 1 1 11 12 1 1 10 12 1 1 10 100 12 1 1 1 10 12 1 1 10 12 1 1 10 7 12 1 1 10 7 12 1 1 1 7 1 10 100 12 1 1 1 10 100 12 1 1 1 100 1 10 11 12 1 11 7 1 10 12 1 10 12 1 10 100 12 1 1 1 11 8 1 7 1 10 10 12 1 1 8 1 10 12 1 10 12 1 1 1 1 1 1 1 1 1 1 1 1 1 1 1 1 1 1 1 1 1 1 1 1 1 1 1 1 1 1 1 1 1 1 1 1 1 1 1 1 1 1 1 1 1 1 1 1 1 1 1 1
instanceKlass scala/collection/convert/Wrappers$MutableBufferWrapper
instanceKlass org/eclipse/aether/util/graph/visitor/Stack
instanceKlass org/apache/maven/model/merge/ModelMerger$MergingList
instanceKlass scala/collection/convert/Wrappers$SeqWrapper
instanceKlass com/google/common/collect/Lists$TransformingRandomAccessList
instanceKlass sun/security/jca/ProviderList$3
instanceKlass java/util/Vector
instanceKlass java/util/AbstractSequentialList
instanceKlass java/util/Collections$SingletonList
instanceKlass java/util/Collections$CopiesList
instanceKlass java/util/Arrays$ArrayList
instanceKlass java/util/ArrayList$SubList
instanceKlass java/util/Collections$EmptyList
instanceKlass java/util/ArrayList
ciInstanceKlass java/util/AbstractList 1 1 218 10 7 12 1 1 1 9 7 12 1 1 1 10 12 1 1 10 12 1 1 100 1 10 10 12 1 1 11 7 12 1 1 1 11 12 1 1 11 12 1 10 7 12 1 1 1 10 12 1 11 12 1 11 12 1 11 12 1 10 12 1 1 10 12 1 1 11 100 12 1 1 1 11 7 1 11 7 1 10 12 1 7 1 10 12 1 10 12 1 1 100 1 100 1 10 12 1 100 1 10 100 1 100 1 10 8 1 10 12 1 1 10 12 1 10 12 1 1 10 12 1 8 1 100 1 8 1 8 1 8 1 10 7 1 11 10 10 12 1 11 12 1 10 12 1 1 8 1 8 1 1 1 1 1 1 1 1 1 1 1 1 1 1 1 1 1 1 1 1 1 1 1 1 1 1 1 1 1 1 1 1 1 1 1 1 1 1 1 1 1 1 1 1 1 1 1 1 1 1 1 1 1 1 1 1 1 1 100 1 100 1 1 1 1 1 1 1
ciMethod java/util/Objects requireNonNull (Ljava/lang/Object;Ljava/lang/String;)Ljava/lang/Object; 514 0 39994 0 -1
ciInstanceKlass java/lang/AssertionStatusDirectives 0 0 24 10 100 12 1 1 1 100 1 1 1 1 1 1 1 1 1 1 1 1 1 1 1 1
ciInstanceKlass java/lang/invoke/MethodHandleNatives$CallSiteContext 1 1 49 10 7 12 1 1 1 7 1 10 10 7 12 1 1 1 10 7 12 1 1 1 10 7 12 1 1 1 100 1 1 1 1 1 1 1 1 1 1 1 1 1 1 1 1 1 100 1 1
ciInstanceKlass jdk/internal/invoke/NativeEntryPoint 0 0 92 10 100 12 1 1 1 9 100 12 1 1 1 10 100 12 1 1 1 100 1 9 12 1 9 12 1 9 12 1 1 9 12 1 1 9 12 1 1 100 1 8 1 10 12 1 11 100 12 1 1 1 10 12 1 1 10 12 1 11 100 12 1 1 11 12 1 10 12 1 1 10 12 1 1 1 1 1 1 1 1 1 1 1 1 1 1 1 1 1 1 1
instanceKlass java/lang/invoke/VolatileCallSite
instanceKlass java/lang/invoke/MutableCallSite
instanceKlass java/lang/invoke/ConstantCallSite
ciInstanceKlass java/lang/invoke/CallSite 1 1 302 10 7 12 1 1 1 10 7 12 1 1 1 9 7 12 1 1 1 10 12 1 1 9 12 1 1 10 7 12 1 1 1 10 12 1 100 1 10 12 1 1 10 12 1 1 9 100 12 1 1 1 10 100 12 1 1 10 12 1 1 100 1 100 1 10 10 100 12 1 1 1 10 12 1 1 8 1 10 12 1 10 12 1 1 10 12 1 10 12 1 1 10 12 1 1 10 10 100 12 1 1 10 12 1 1 9 12 1 9 100 12 1 1 1 8 1 10 7 12 1 1 1 10 12 1 1 100 1 10 12 1 1 9 12 1 8 1 100 1 10 12 1 10 12 1 100 1 8 1 10 10 12 1 10 12 1 1 100 1 10 12 1 1 10 12 1 10 12 1 10 12 1 1 10 12 1 1 9 12 1 1 8 10 12 1 1 9 12 1 1 100 1 10 10 12 1 10 100 12 1 1 1 10 12 1 1 10 12 1 1 10 12 1 10 7 12 1 1 1 100 1 8 1 10 10 12 10 12 1 1 100 1 100 1 100 1 8 1 10 12 1 10 7 12 1 1 1 1 1 1 1 1 1 1 1 1 1 1 1 1 1 1 1 1 1 1 1 1 1 1 1 1 1 1 1 1 1 1 1 1 1 1 1 1 1 1 1 1 1 1 1 1 1 1 1 1 1 1 1 1 1
staticfield java/lang/invoke/CallSite $assertionsDisabled Z 1
ciInstanceKlass java/lang/invoke/VolatileCallSite 0 0 37 10 100 12 1 1 1 10 12 1 10 100 12 1 1 1 10 12 1 10 12 1 1 1 1 1 1 1 1 1 1 1 1 1 1 1 1
ciInstanceKlass java/lang/invoke/MethodType 1 1 771 7 1 10 7 12 1 1 1 9 12 1 1 9 12 1 1 9 12 1 1 10 7 12 1 1 1 9 7 12 1 1 8 1 10 100 12 1 1 1 9 7 1 9 7 1 10 12 1 1 100 1 10 8 1 10 12 1 1 10 12 1 10 12 1 1 100 1 8 1 10 12 1 100 1 10 10 12 1 10 12 1 1 10 12 1 1 11 7 12 1 1 1 9 12 1 11 12 1 1 7 7 1 10 7 12 1 1 1 10 12 1 9 12 1 1 10 7 12 1 1 10 12 1 1 10 7 12 1 1 1 10 7 12 1 1 1 10 12 1 9 12 1 1 10 12 1 1 7 1 10 12 1 1 10 12 1 1 10 12 1 1 10 12 1 1 10 12 1 1 10 12 1 10 12 1 10 12 1 1 10 12 1 8 1 8 1 10 12 1 1 9 12 1 1 100 1 10 10 12 1 1 10 12 1 10 12 1 1 10 12 1 1 10 12 1 10 12 1 1 10 12 1 8 1 10 12 1 1 10 100 12 1 1 1 10 12 1 10 12 1 1 10 12 1 10 12 1 10 12 1 1 10 12 1 10 12 1 9 12 1 10 12 1 10 10 12 1 1 10 12 1 9 12 1 1 10 12 1 1 10 12 1 1 10 12 1 1 10 12 1 1 7 1 10 12 10 12 1 10 12 1 100 1 8 1 8 1 8 1 10 12 1 10 12 1 10 12 1 10 11 12 1 1 11 12 1 10 100 12 1 1 1 9 12 1 10 12 1 10 12 1 1 10 12 1 1 10 12 1 10 12 1 10 100 12 1 1 1 10 12 1 1 10 12 1 10 12 1 10 12 1 10 9 12 1 1 7 1 10 12 1 10 12 1 1 9 100 12 1 1 1 10 100 12 1 1 1 10 100 12 1 1 1 10 12 1 1 10 100 12 1 1 1 10 12 1 1 8 1 10 7 12 1 1 1 11 12 1 1 9 12 1 1 10 12 1 1 10 12 1 10 12 1 1 10 12 1 1 10 100 12 1 1 100 1 10 12 1 1 11 100 12 1 1 1 18 12 1 1 11 12 1 1 18 12 1 11 12 1 100 1 11 100 12 1 1 10 12 1 100 1 10 12 1 10 100 12 1 1 10 12 1 1 9 12 1 1 9 100 12 1 1 1 10 100 12 1 1 1 9 12 1 10 100 12 1 1 10 12 1 100 10 12 1 1 10 12 1 10 7 1 7 1 9 12 1 1 100 1 100 1 100 1 1 1 5 0 1 1 1 1 1 1 1 3 1 3 1 3 1 1 1 1 1 1 1 1 1 1 1 1 1 1 1 1 1 1 1 1 1 1 1 1 1 1 1 1 1 1 1 1 1 1 1 1 1 1 1 1 1 1 1 1 1 1 1 1 1 1 1 1 1 1 1 1 1 1 1 1 1 1 1 1 1 1 1 1 1 1 1 1 1 1 1 1 1 1 1 1 1 1 1 1 1 1 1 1 1 1 1 1 1 1 1 1 1 1 1 1 1 1 1 1 1 1 1 1 1 1 1 1 1 1 1 1 1 1 1 1 1 1 1 1 1 1 1 100 1 100 1 1 1 1 1 1 1 1 1 1 1 1 1 100 1 1 1 100 1 1 1 1 1 1 1 1 1 1 1 1 1 1 1 1 1 1 1 1 1 15 10 100 12 1 1 1 16 15 10 12 16 16 15 10 12 16 1 1 1 1 100 1 1 100 1 1 100 1 100 1 1
staticfield java/lang/invoke/MethodType internTable Ljava/lang/invoke/MethodType$ConcurrentWeakInternSet; java/lang/invoke/MethodType$ConcurrentWeakInternSet
staticfield java/lang/invoke/MethodType NO_PTYPES [Ljava/lang/Class; 0 [Ljava/lang/Class;
staticfield java/lang/invoke/MethodType objectOnlyTypes [Ljava/lang/invoke/MethodType; 20 [Ljava/lang/invoke/MethodType;
staticfield java/lang/invoke/MethodType METHOD_HANDLE_ARRAY [Ljava/lang/Class; 1 [Ljava/lang/Class;
staticfield java/lang/invoke/MethodType serialPersistentFields [Ljava/io/ObjectStreamField; 0 [Ljava/io/ObjectStreamField;
staticfield java/lang/invoke/MethodType $assertionsDisabled Z 1
ciInstanceKlass java/lang/BootstrapMethodError 0 0 45 10 100 12 1 1 1 10 12 1 10 12 1 10 100 12 1 1 1 10 100 12 1 1 1 1 1 1 5 0 1 1 1 1 1 1 1 1 1 1 1 100 1 1 1
ciInstanceKlass jdk/internal/loader/ClassLoaders$AppClassLoader 1 1 119 8 1 10 7 12 1 1 1 10 7 12 1 1 1 10 100 12 1 1 1 10 12 1 1 10 100 12 1 1 1 10 12 1 1 10 12 1 1 7 1 8 1 10 12 10 7 12 1 1 1 10 100 12 1 1 10 12 1 1 10 12 1 1 10 7 12 1 1 1 100 1 10 12 1 1 1 1 1 1 1 1 1 1 1 1 1 1 1 1 1 1 1 1 1 100 1 1 1 1 1 1 1 1 1 1 1 1 1 1 1 1 1 1 1 100 1 1 1
ciInstanceKlass jdk/internal/loader/ClassLoaders$PlatformClassLoader 1 1 42 8 1 10 7 12 1 1 1 10 7 12 1 1 1 100 1 10 12 1 100 1 1 1 1 1 1 1 1 1 1 1 1 1 1 100 1 1 1 100 1 1
ciInstanceKlass java/lang/ArrayStoreException 1 1 26 10 100 12 1 1 1 10 12 1 100 1 1 1 1 5 0 1 1 1 1 1 1 1 1 1
ciInstanceKlass java/lang/ClassCastException 1 1 26 10 7 12 1 1 1 10 12 1 100 1 1 1 1 5 0 1 1 1 1 1 1 1 1 1
ciInstanceKlass java/lang/NoClassDefFoundError 1 1 26 10 7 12 1 1 1 10 12 1 100 1 1 1 1 5 0 1 1 1 1 1 1 1 1 1
ciInstanceKlass java/lang/IllegalMonitorStateException 1 1 26 10 100 12 1 1 1 10 12 1 100 1 1 1 1 5 0 1 1 1 1 1 1 1 1 1
ciInstanceKlass java/lang/StackOverflowError 1 1 26 10 100 12 1 1 1 10 12 1 100 1 1 1 1 5 0 1 1 1 1 1 1 1 1 1
instanceKlass java/lang/StackOverflowError
instanceKlass java/lang/OutOfMemoryError
instanceKlass java/lang/InternalError
ciInstanceKlass java/lang/VirtualMachineError 1 1 34 10 100 12 1 1 1 10 12 1 10 12 1 10 12 1 100 1 1 1 1 5 0 1 1 1 1 1 1 1 1 1 1 1
ciInstanceKlass java/lang/OutOfMemoryError 1 1 26 10 100 12 1 1 1 10 12 1 100 1 1 1 1 5 0 1 1 1 1 1 1 1 1 1
ciInstanceKlass java/lang/InternalError 0 0 34 10 100 12 1 1 1 10 12 1 10 12 1 10 12 1 100 1 1 1 1 5 0 1 1 1 1 1 1 1 1 1 1 1
ciInstanceKlass java/lang/StackTraceElement 1 1 224 10 7 12 1 1 1 10 7 12 1 1 9 12 1 1 9 12 1 1 9 12 1 9 12 1 8 1 10 7 12 1 1 1 7 1 9 12 1 8 1 9 12 1 9 12 1 9 12 1 1 8 1 10 12 1 1 10 12 1 7 1 10 10 12 1 1 8 1 10 12 1 1 10 12 1 8 1 8 1 8 1 10 12 1 8 1 8 1 10 12 1 8 1 8 1 10 12 1 1 10 12 1 10 12 1 1 10 12 1 9 12 1 1 10 7 12 1 1 1 10 12 1 1 7 1 10 12 1 1 10 7 12 1 1 10 7 12 1 1 1 10 7 12 1 1 10 7 12 1 1 10 10 12 1 1 10 12 1 10 12 1 1 100 1 1 1 1 1 3 1 3 1 1 5 0 1 1 1 1 1 1 1 1 1 1 1 1 1 1 1 1 1 1 1 1 1 1 1 1 1 1 100 1 100 1 1 1 1 1 1 1 1 1 1 100 1 1 1 1 1 1 1 1
instanceKlass java/nio/CharBuffer
instanceKlass java/nio/IntBuffer
instanceKlass java/nio/LongBuffer
instanceKlass java/nio/ByteBuffer
ciInstanceKlass java/nio/Buffer 1 1 224 100 1 10 7 12 1 1 1 9 7 12 1 1 1 9 12 1 9 12 1 1 9 12 1 9 12 1 1 10 12 1 1 10 12 1 1 10 12 100 1 100 1 10 8 1 10 12 1 1 10 12 1 8 1 8 1 10 12 1 1 10 12 1 8 1 9 12 1 1 100 1 8 1 10 12 1 8 1 8 1 9 12 10 12 1 8 1 8 1 8 1 10 12 1 8 1 8 1 8 1 100 1 10 100 1 10 100 1 10 100 1 10 10 100 12 1 1 1 10 11 100 12 1 1 10 7 12 1 1 1 10 7 12 1 1 1 9 12 1 1 10 7 12 1 1 1 9 12 1 1 7 1 10 10 7 12 1 1 1 1 1 3 1 1 1 1 1 1 1 1 1 1 1 1 1 1 1 1 1 1 100 1 1 1 1 1 1 1 1 1 1 1 1 1 1 1 1 1 1 1 1 1 1 1 1 1 1 1 1 1 1 1 1 1 1 1 1 1 1 1 1 1 1
staticfield java/nio/Buffer UNSAFE Ljdk/internal/misc/Unsafe; jdk/internal/misc/Unsafe
staticfield java/nio/Buffer SCOPED_MEMORY_ACCESS Ljdk/internal/misc/ScopedMemoryAccess; jdk/internal/misc/ScopedMemoryAccess
staticfield java/nio/Buffer $assertionsDisabled Z 1
ciInstanceKlass java/lang/StringCoding 1 1 44 10 100 12 1 1 1 10 100 12 1 1 1 100 1 1 1 1 1 1 1 1 1 1 1 1 1 1 1 1 1 1 1 1 1 1 1 1 1 1 1 1 1 1
ciMethod java/lang/StringCoding hasNegatives ([BII)Z 242 8238 1527 0 -1
ciInstanceKlass jdk/internal/misc/UnsafeConstants 1 1 34 10 100 12 1 1 1 9 7 12 1 1 1 9 12 1 9 12 1 1 9 12 1 9 12 1 1 1 1 1 1 1 1 1
staticfield jdk/internal/misc/UnsafeConstants ADDRESS_SIZE0 I 8
staticfield jdk/internal/misc/UnsafeConstants PAGE_SIZE I 4096
staticfield jdk/internal/misc/UnsafeConstants BIG_ENDIAN Z 0
staticfield jdk/internal/misc/UnsafeConstants UNALIGNED_ACCESS Z 1
staticfield jdk/internal/misc/UnsafeConstants DATA_CACHE_LINE_FLUSH_SIZE I 0
instanceKlass java/lang/invoke/DelegatingMethodHandle
instanceKlass java/lang/invoke/BoundMethodHandle
instanceKlass java/lang/invoke/DirectMethodHandle
ciInstanceKlass java/lang/invoke/MethodHandle 1 1 644 100 1 9 7 12 1 1 1 10 7 12 1 1 1 10 7 12 1 1 1 7 1 7 1 10 12 1 1 9 12 1 1 10 12 1 10 12 1 1 10 12 1 1 10 100 12 1 1 1 10 12 1 1 10 12 1 1 11 100 12 1 1 1 10 12 1 1 10 12 1 10 12 1 9 12 1 1 10 12 1 1 100 1 100 1 10 8 1 10 12 1 1 10 12 1 8 1 10 12 1 1 10 12 1 10 7 12 1 1 1 10 12 1 10 12 1 1 10 12 1 1 10 12 1 1 10 12 1 1 10 7 12 1 1 1 10 7 12 1 1 1 7 1 10 12 1 1 10 12 1 1 10 12 1 1 8 1 10 7 12 1 1 1 8 1 10 12 1 1 10 12 1 1 10 12 1 1 10 12 1 8 1 10 12 1 1 8 1 10 12 1 8 1 10 100 12 1 1 1 9 12 1 1 100 1 10 9 100 12 1 1 1 9 100 1 8 1 10 12 1 1 10 12 1 10 12 1 1 10 12 1 10 12 1 1 10 12 1 10 12 1 1 10 12 1 10 12 1 1 10 12 1 1 8 1 10 12 1 1 8 1 10 12 1 10 12 1 1 10 12 1 10 12 1 10 12 1 1 9 100 12 1 1 1 10 12 1 1 11 12 1 10 12 1 10 12 1 1 10 100 12 1 1 1 100 1 11 12 1 10 100 1 11 12 1 100 1 10 12 1 11 12 1 9 100 12 1 1 1 11 12 1 1 11 100 12 1 1 1 10 12 1 1 9 12 1 11 12 1 9 12 1 9 12 1 9 12 1 11 12 1 1 9 12 1 9 12 1 9 12 1 9 12 1 9 12 1 9 12 1 9 12 1 8 1 10 12 1 10 12 1 8 1 10 12 1 10 12 1 10 10 7 12 1 1 10 12 1 1 100 1 8 1 10 12 1 1 10 12 1 1 10 12 1 10 12 1 100 1 10 100 12 1 1 1 10 12 1 9 7 12 1 1 1 10 12 1 1 10 12 1 1 8 1 9 12 1 9 12 1 1 9 12 1 1 10 12 1 7 1 10 12 1 10 12 1 1 9 12 1 1 9 12 1 1 10 7 12 1 1 1 11 7 12 1 1 9 12 1 10 12 1 1 10 12 1 9 12 1 10 12 1 8 10 12 1 1 8 1 1 1 1 1 1 100 1 1 1 1 1 1 1 1 1 1 1 1 1 1 1 1 1 1 1 1 1 1 1 1 1 1 1 1 1 1 1 1 1 1 1 1 1 1 1 1 1 1 1 1 1 1 1 1 1 1 1 1 1 1 1 1 1 1 1 1 1 1 1 1 1 1 1 1 1 100 1 1 1 1 1 1 1 1 1 100 1 1 1 1 1 1 1 1 1 1 1 1 1 1 1 1 1 1 1 1 1 1 1 1 1 1 1 100 1 1 100 1 1 100 1 1 1 1
staticfield java/lang/invoke/MethodHandle FORM_OFFSET J 20
staticfield java/lang/invoke/MethodHandle UPDATE_OFFSET J 13
staticfield java/lang/invoke/MethodHandle $assertionsDisabled Z 1
instanceKlass java/lang/invoke/DirectMethodHandle$Special
instanceKlass java/lang/invoke/DirectMethodHandle$Interface
instanceKlass java/lang/invoke/DirectMethodHandle$Constructor
instanceKlass java/lang/invoke/DirectMethodHandle$Accessor
ciInstanceKlass java/lang/invoke/DirectMethodHandle 1 1 940 7 1 7 1 100 1 7 1 7 1 10 7 12 1 1 1 10 7 12 1 1 1 100 1 10 12 1 10 12 1 1 10 7 12 1 1 10 12 1 1 10 12 1 10 12 1 7 1 10 12 1 1 10 12 1 1 10 12 1 10 12 1 1 10 7 12 1 1 1 10 12 1 9 12 1 1 100 1 10 9 12 1 1 9 12 1 10 12 1 10 12 1 10 12 1 1 10 12 1 10 12 1 10 12 1 10 7 12 1 1 1 10 12 1 10 12 1 1 8 1 10 12 1 1 7 1 10 12 1 7 1 10 10 12 1 10 12 1 10 12 1 10 7 12 1 1 1 10 12 1 1 100 1 10 12 1 10 12 1 7 1 10 12 1 10 12 1 1 10 12 1 1 10 12 1 8 10 100 12 1 1 1 10 12 1 10 12 1 10 12 1 1 10 12 1 9 7 12 1 1 1 7 1 10 12 1 10 7 12 1 1 1 10 12 1 10 12 1 1 9 12 1 1 100 1 10 8 1 10 12 1 1 10 12 1 10 12 1 10 10 12 1 10 12 1 10 12 1 10 12 1 10 12 1 1 10 12 1 10 12 1 1 10 12 1 10 12 1 1 10 10 7 12 1 1 1 10 12 1 10 12 1 1 10 12 1 10 12 1 1 8 1 9 7 12 1 1 1 8 1 9 12 1 9 12 1 8 1 9 12 1 9 12 1 8 1 9 12 1 9 12 1 8 1 10 12 1 10 12 1 1 9 12 1 1 7 1 10 12 1 1 100 1 10 7 12 1 1 1 10 12 1 1 10 12 1 10 12 1 1 7 1 10 12 1 1 10 12 1 10 12 1 1 7 1 10 12 1 1 10 7 12 1 1 1 10 12 1 10 12 1 10 12 1 9 12 1 1 10 7 1 9 12 9 12 1 10 7 12 1 1 1 10 12 1 7 1 7 1 7 1 9 12 1 1 10 7 12 1 10 12 1 1 10 12 1 100 1 10 12 1 10 12 1 1 9 100 12 1 1 1 10 12 1 1 100 1 10 100 12 1 1 1 10 12 1 10 12 1 8 1 9 12 1 9 12 1 10 12 1 9 12 1 1 10 100 12 1 1 1 9 12 1 1 9 12 1 1 10 12 1 10 12 1 10 12 1 10 12 1 10 12 1 1 10 12 1 10 7 12 1 1 9 12 1 10 12 1 10 12 1 10 12 1 10 12 1 1 10 12 1 1 9 12 1 1 10 12 1 1 9 7 12 1 1 1 9 12 1 9 12 1 9 12 1 9 12 1 9 12 1 9 12 1 9 12 1 9 12 1 9 12 1 9 12 1 9 12 1 9 12 1 9 12 1 9 12 1 9 12 1 9 12 1 9 12 1 9 12 1 9 12 1 9 12 1 9 12 1 9 12 1 9 12 1 9 12 1 9 12 1 9 12 1 9 12 1 9 12 1 9 12 1 9 12 1 9 12 1 9 12 1 9 12 1 9 12 1 9 12 1 9 12 1 8 1 9 12 1 1 9 12 1 1 10 12 1 10 12 1 1 9 7 1 10 12 1 9 12 1 1 10 12 10 12 1 10 12 1 10 12 1 10 8 1 8 1 8 1 8 1 10 12 1 1 9 12 1 1 10 12 1 10 100 12 1 1 1 8 9 12 1 1 10 12 1 1 8 1 8 8 9 12 1 8 1 8 8 8 8 8 1 8 10 12 1 10 12 1 8 1 8 1 10 12 1 10 12 1 10 12 1 10 12 1 1 7 1 1 1 1 3 1 3 1 3 1 3 1 3 1 3 1 3 1 3 1 3 1 3 1 1 1 1 1 1 1 1 1 1 3 1 3 1 1 1 1 3 1 1 1 1 1 1 1 1 1 1 1 1 1 1 1 1 1 1 1 1 1 1 1 1 1 1 1 1 1 1 1 1 1 1 1 1 1 1 1 1 1 1 1 1 1 1 1 1 1 1 1 1 1 1 1 1 100 1 1 1 1 1 1 1 1 1 1 1 1 100 1 1 1 1 1 1 1 1 1 1 1 1 1 1 1 1 1 1 1 1 1 1 1 1 1 1 1 1 1 1 1 1 1 1 1 1 1 1 1 1 1 1 1 1 1 1 1 1 1 1 1
staticfield java/lang/invoke/DirectMethodHandle IMPL_NAMES Ljava/lang/invoke/MemberName$Factory; java/lang/invoke/MemberName$Factory
staticfield java/lang/invoke/DirectMethodHandle FT_UNCHECKED_REF I 8
staticfield java/lang/invoke/DirectMethodHandle ACCESSOR_FORMS [Ljava/lang/invoke/LambdaForm; 132 [Ljava/lang/invoke/LambdaForm;
staticfield java/lang/invoke/DirectMethodHandle ALL_WRAPPERS [Lsun/invoke/util/Wrapper; 10 [Lsun/invoke/util/Wrapper;
staticfield java/lang/invoke/DirectMethodHandle NFS [Ljava/lang/invoke/LambdaForm$NamedFunction; 12 [Ljava/lang/invoke/LambdaForm$NamedFunction;
staticfield java/lang/invoke/DirectMethodHandle OBJ_OBJ_TYPE Ljava/lang/invoke/MethodType; java/lang/invoke/MethodType
staticfield java/lang/invoke/DirectMethodHandle LONG_OBJ_TYPE Ljava/lang/invoke/MethodType; java/lang/invoke/MethodType
staticfield java/lang/invoke/DirectMethodHandle $assertionsDisabled Z 1
ciInstanceKlass java/lang/invoke/LambdaForm 1 1 1052 100 1 9 7 12 1 1 1 10 7 12 1 1 1 10 7 12 1 1 9 12 1 1 9 12 1 1 10 12 1 1 100 1 10 9 12 1 10 12 1 1 9 12 1 10 7 12 1 1 1 9 12 1 9 12 1 9 12 1 1 9 12 1 10 12 1 1 7 1 10 12 1 10 100 12 1 1 1 10 100 12 1 1 1 10 12 1 10 12 1 1 9 100 12 1 1 1 10 12 1 1 9 12 1 10 12 1 1 10 12 1 10 12 1 1 10 12 1 1 10 100 12 1 1 1 7 1 10 10 12 1 1 8 1 10 12 1 10 12 1 10 12 1 1 7 1 10 7 12 1 1 1 10 12 1 1 10 12 1 10 12 1 1 9 12 1 1 9 12 1 9 12 1 1 10 12 1 9 12 1 10 100 12 1 1 1 10 12 1 1 10 12 1 9 12 1 1 10 100 12 1 1 1 10 12 1 10 12 1 10 12 1 10 12 1 10 12 1 10 12 1 1 10 12 1 10 12 1 1 8 1 10 12 1 10 12 1 8 1 8 1 9 12 1 9 12 1 9 12 1 1 10 12 1 1 10 12 1 9 12 1 10 12 1 1 10 7 12 1 1 1 10 12 1 1 10 12 1 10 12 1 10 12 1 1 9 12 1 10 12 1 8 1 8 1 8 1 8 1 8 1 8 1 8 1 8 1 10 12 1 9 12 1 7 1 10 12 1 1 9 12 1 10 12 1 10 12 1 1 10 12 10 12 1 10 12 1 1 10 12 1 1 10 10 12 1 1 10 12 1 1 7 1 8 1 10 12 1 1 10 12 1 10 12 1 1 10 8 1 10 12 1 1 8 1 8 1 8 1 10 12 1 9 12 1 1 10 12 1 1 10 12 1 1 100 1 10 12 1 1 10 12 1 10 7 12 1 1 1 10 12 1 1 9 12 1 1 8 1 10 100 12 1 1 1 10 7 12 1 1 10 12 10 10 12 1 1 9 12 1 8 10 12 1 1 100 1 10 12 1 1 10 12 1 9 7 12 1 1 9 12 1 1 8 1 10 100 12 1 1 10 12 1 1 100 1 100 1 10 10 12 1 1 10 12 1 1 8 1 8 1 100 1 8 1 10 12 10 12 1 10 12 1 10 12 1 1 8 1 8 1 9 100 12 1 1 1 10 12 1 10 12 1 1 8 1 8 1 8 1 100 1 8 1 100 1 8 1 100 1 8 1 10 12 1 8 1 9 10 7 12 1 1 1 10 12 1 9 12 1 1 10 12 1 10 10 12 1 10 12 1 10 12 1 10 12 1 1 10 12 1 10 12 1 1 10 12 1 1 10 12 1 1 8 1 100 10 12 1 10 12 1 9 12 1 1 10 7 12 1 1 8 1 8 1 100 1 8 1 8 1 8 1 8 1 8 1 8 1 8 1 8 1 10 12 1 1 10 12 1 1 10 12 1 10 12 1 8 1 8 1 8 1 10 12 1 8 1 10 12 1 8 1 8 1 8 1 8 1 8 1 10 12 1 10 12 1 10 12 1 1 10 7 12 1 1 1 10 12 1 10 12 1 10 12 1 10 12 1 10 12 1 10 12 1 10 12 1 9 12 1 1 8 1 10 12 1 1 9 12 1 1 10 12 1 1 9 12 1 9 12 1 1 9 12 1 9 12 1 1 7 1 10 7 12 1 1 1 9 12 1 10 12 1 10 12 1 8 1 10 12 1 9 12 1 1 7 1 10 7 12 1 1 1 8 1 100 1 10 12 1 9 12 1 9 12 1 10 12 1 10 12 1 10 7 12 1 1 1 10 12 1 9 7 12 1 1 10 12 1 1 10 12 1 10 12 1 9 12 10 12 1 10 10 12 1 9 9 12 1 7 9 12 1 1 10 12 1 1 9 12 1 10 12 1 10 7 1 9 1 1 1 1 3 1 3 1 3 1 1 1 1 1 1 1 1 1 1 1 1 1 1 1 1 1 1 1 1 1 1 1 1 1 1 1 1 1 1 1 1 1 1 1 1 1 1 1 1 1 1 1 1 1 1 1 1 1 1 1 1 1 1 1 1 100 1 1 1 1 1 1 1 1 1 1 1 1 1 1 1 1 1 1 1 1 1 1 1 1 1 1 1 1 1 1 1 1 1 1 1 1 1 1 1 1 1 1 1 1 1 1 1 1 1 1 1 1 1 1 1 1 1 1 1 100 1 1 1 1 1 1 1 1 1 1 1 1 1 1 1 1 1 1 1 1 1 1 1 1 1 1 1 1 1 1 1 1 1 1 100 1 1 1 1 1 1 1 1 1 1 1 1 1 1 1 1 1 1 1 1 1 1 100 1 1 1 100 1 1 100 1 1 1 1 1 1 1 1 1 1 1
staticfield java/lang/invoke/LambdaForm COMPILE_THRESHOLD I 0
staticfield java/lang/invoke/LambdaForm INTERNED_ARGUMENTS [[Ljava/lang/invoke/LambdaForm$Name; 5 [[Ljava/lang/invoke/LambdaForm$Name;
staticfield java/lang/invoke/LambdaForm IMPL_NAMES Ljava/lang/invoke/MemberName$Factory; java/lang/invoke/MemberName$Factory
staticfield java/lang/invoke/LambdaForm LF_identity [Ljava/lang/invoke/LambdaForm; 6 [Ljava/lang/invoke/LambdaForm;
staticfield java/lang/invoke/LambdaForm LF_zero [Ljava/lang/invoke/LambdaForm; 6 [Ljava/lang/invoke/LambdaForm;
staticfield java/lang/invoke/LambdaForm NF_identity [Ljava/lang/invoke/LambdaForm$NamedFunction; 6 [Ljava/lang/invoke/LambdaForm$NamedFunction;
staticfield java/lang/invoke/LambdaForm NF_zero [Ljava/lang/invoke/LambdaForm$NamedFunction; 6 [Ljava/lang/invoke/LambdaForm$NamedFunction;
staticfield java/lang/invoke/LambdaForm createFormsLock Ljava/lang/Object; java/lang/Object
staticfield java/lang/invoke/LambdaForm DEBUG_NAME_COUNTERS Ljava/util/HashMap; null
staticfield java/lang/invoke/LambdaForm DEBUG_NAMES Ljava/util/HashMap; null
staticfield java/lang/invoke/LambdaForm TRACE_INTERPRETER Z 0
staticfield java/lang/invoke/LambdaForm $assertionsDisabled Z 1
ciInstanceKlass java/lang/invoke/MethodHandleNatives 1 1 684 100 1 10 7 12 1 1 1 9 7 12 1 1 1 10 12 1 1 100 1 10 10 12 1 1 10 12 1 10 12 1 8 1 8 1 8 1 8 1 8 1 8 1 8 1 8 1 8 1 8 1 10 12 1 1 7 1 10 7 12 1 1 1 10 100 12 1 1 1 7 1 10 10 12 1 1 8 1 10 12 1 8 1 10 12 1 1 8 1 10 12 1 1 9 100 12 1 1 1 8 1 10 100 12 1 1 1 100 1 10 12 100 1 100 1 8 1 7 1 10 10 12 1 7 1 9 7 12 1 1 10 12 1 1 10 12 1 10 7 12 1 1 1 7 1 10 12 1 1 10 7 12 1 1 1 10 12 1 10 12 1 1 10 12 1 1 9 12 1 8 1 10 12 1 8 1 10 12 1 8 1 8 1 8 1 100 1 10 12 1 8 1 10 12 1 1 10 12 1 10 100 12 1 1 1 100 1 8 1 10 100 12 1 1 1 7 1 8 1 10 12 1 8 1 8 1 8 1 8 1 8 1 10 12 1 1 10 12 1 1 10 12 1 10 12 1 1 10 12 1 1 7 1 10 12 1 100 1 100 1 10 12 1 10 12 1 8 1 8 1 10 10 12 1 1 10 12 1 1 8 1 10 100 12 1 1 1 8 1 8 1 10 12 1 1 10 7 12 1 1 1 100 1 10 12 1 1 7 1 9 12 1 1 10 7 12 1 1 1 10 10 12 1 9 12 1 10 12 1 1 9 12 1 9 12 1 10 12 1 1 10 12 1 10 12 1 1 7 1 7 1 10 12 1 1 10 12 1 10 12 1 1 10 7 12 1 1 1 10 12 1 8 1 10 12 1 10 12 1 10 12 1 1 10 12 1 10 7 12 1 1 1 10 12 1 1 100 1 8 1 10 9 7 12 1 1 1 10 12 1 1 10 12 1 1 100 1 10 12 1 1 10 12 1 1 100 1 100 1 10 10 100 1 100 1 10 100 1 10 10 12 1 1 10 100 1 10 12 1 10 12 1 10 12 1 1 10 12 1 1 10 12 1 1 10 12 1 10 12 1 1 10 8 1 100 1 10 12 1 10 12 1 10 12 1 10 12 1 10 12 1 1 10 12 1 9 12 1 1 10 7 12 1 1 1 9 12 1 1 11 7 12 1 1 1 10 12 1 10 12 1 10 10 12 1 10 7 12 1 1 1 1 1 1 1 1 1 1 1 1 1 1 1 100 1 1 1 1 1 1 1 1 1 1 1 1 1 1 1 1 1 1 1 1 1 1 1 1 1 1 1 1 1 1 1 1 1 1 1 1 1 1 1 1 1 1 1 1 1 1 1 1 1 1 1 1 1 1 1 1 1 1 1 1 1 1 1 1 1 1 1 1 1 1 1 1 1 1 1 1 1 1 1 1 1 1 1 1 1 1 1 1 1 1 1 1 1 1 1 1 1 1 100 1 1 1 1 1 1 1 1 1 1 1 1 1 1 1 1 1 1 1 1 1 1 1 1 1 1 1 1 100 1 1 1 1 1 1 1 100 1 1 1
staticfield java/lang/invoke/MethodHandleNatives JLA Ljdk/internal/access/JavaLangAccess; java/lang/System$2
staticfield java/lang/invoke/MethodHandleNatives $assertionsDisabled Z 1
ciInstanceKlass jdk/internal/reflect/CallerSensitive 0 0 17 100 1 100 1 100 1 1 1 1 1 1 1 1 1 1 1
ciInstanceKlass jdk/internal/reflect/ConstantPool 1 1 142 10 100 12 1 1 1 9 7 12 1 1 1 10 12 1 1 10 12 1 1 10 12 1 10 12 1 1 10 12 1 1 10 12 1 10 12 1 1 10 12 1 10 12 1 1 10 12 1 10 12 1 10 12 1 10 12 1 1 10 12 1 1 10 12 1 1 10 12 1 1 10 12 1 10 12 1 1 10 100 12 1 1 1 8 11 7 12 1 1 1 10 7 12 1 1 1 1 1 1 1 1 1 1 1 1 1 1 1 1 1 1 1 1 1 1 1 1 1 1 1 1 1 1 1 1 1 1 1 1 1 1 1 1 1 1 1 1 1 1 1 1
instanceKlass jdk/internal/reflect/UnsafeQualifiedStaticFieldAccessorImpl
ciInstanceKlass jdk/internal/reflect/UnsafeStaticFieldAccessorImpl 1 1 47 10 7 12 1 1 1 9 7 12 1 1 1 10 7 12 1 1 1 9 12 1 1 8 11 7 12 1 1 1 10 7 12 1 1 1 1 1 1 1 1 1 1 1 1 1 1
instanceKlass jdk/internal/reflect/UnsafeFieldAccessorImpl
ciInstanceKlass jdk/internal/reflect/FieldAccessorImpl 1 1 59 10 7 12 1 1 1 100 1 100 1 1 1 1 1 1 1 1 1 100 1 1 1 1 1 1 1 1 1 1 1 1 1 1 1 1 1 1 1 100 1 1 1 1 1 1 1 1 1 1 1 1 1 1 1 1 1 1 1
instanceKlass jdk/internal/reflect/UnsafeQualifiedFieldAccessorImpl
instanceKlass jdk/internal/reflect/UnsafeIntegerFieldAccessorImpl
instanceKlass jdk/internal/reflect/UnsafeBooleanFieldAccessorImpl
instanceKlass jdk/internal/reflect/UnsafeObjectFieldAccessorImpl
instanceKlass jdk/internal/reflect/UnsafeStaticFieldAccessorImpl
ciInstanceKlass jdk/internal/reflect/UnsafeFieldAccessorImpl 1 1 254 10 7 12 1 1 1 9 7 12 1 1 1 10 7 12 1 1 1 10 7 12 1 1 1 9 12 1 1 10 7 12 1 1 1 9 12 1 1 10 12 1 10 12 1 9 12 1 10 12 1 1 10 7 12 1 1 10 7 12 1 1 1 10 12 1 1 100 1 10 10 12 1 1 10 12 1 1 8 1 10 10 12 1 100 1 8 1 10 12 1 8 1 10 12 1 8 1 10 12 1 100 1 10 12 1 1 10 8 1 10 12 1 1 8 1 10 100 12 1 1 8 1 10 100 12 1 1 8 1 10 100 12 1 1 8 1 10 100 12 1 1 8 1 10 100 12 1 1 8 1 10 100 12 1 1 8 1 10 100 12 1 1 8 1 10 100 12 1 1 10 12 1 1 8 1 8 1 8 1 8 1 8 1 8 1 10 100 12 1 1 1 8 1 8 1 8 1 10 12 10 12 1 1 1 1 1 1 1 1 1 1 1 1 1 1 1 1 1 1 1 1 1 1 1 1 1 1 1 1 1 1 1 1 1 1 1 1 1 1 1 1 1 1 1 1 1 1 1 1 1 1 1 1
staticfield jdk/internal/reflect/UnsafeFieldAccessorImpl unsafe Ljdk/internal/misc/Unsafe; jdk/internal/misc/Unsafe
ciInstanceKlass jdk/internal/reflect/NativeConstructorAccessorImpl 1 1 126 10 7 12 1 1 1 9 7 12 1 1 1 9 12 1 1 10 7 12 1 1 1 10 7 12 1 1 1 10 7 12 1 1 1 9 12 1 9 12 1 1 9 12 1 1 10 7 12 1 1 1 7 1 10 10 12 1 1 10 12 1 10 12 1 10 12 1 1 9 12 1 1 10 7 12 1 1 1 100 1 10 12 1 1 10 12 1 1 8 10 12 1 1 1 1 1 1 1 1 1 1 1 1 1 1 1 1 1 1 1 1 1 1 100 1 100 1 100 1 1 1 1 1 1 1
staticfield jdk/internal/reflect/NativeConstructorAccessorImpl U Ljdk/internal/misc/Unsafe; jdk/internal/misc/Unsafe
staticfield jdk/internal/reflect/NativeConstructorAccessorImpl GENERATED_OFFSET J 16
ciInstanceKlass java/lang/invoke/ConstantCallSite 1 1 65 10 7 12 1 1 1 9 7 12 1 1 1 9 12 1 1 10 7 12 1 1 1 10 12 1 100 1 10 12 9 12 1 1 100 1 10 10 12 1 1 10 12 1 1 1 1 1 1 1 1 1 1 1 1 1 100 1 1 1 1 1 1 1 1
staticfield java/lang/invoke/ConstantCallSite UNSAFE Ljdk/internal/misc/Unsafe; jdk/internal/misc/Unsafe
ciInstanceKlass java/lang/invoke/MutableCallSite 0 0 63 10 100 12 1 1 1 10 12 1 9 100 12 1 1 1 10 12 1 10 12 1 1 9 12 1 1 10 100 12 1 1 1 10 100 12 1 1 1 10 12 1 1 1 1 1 1 1 1 1 1 1 1 1 1 1 1 1 1 100 1 1 1
instanceKlass java/lang/invoke/VarHandleInts$FieldStaticReadOnly
instanceKlass java/lang/invoke/VarHandleByteArrayAsLongs$ByteArrayViewVarHandle
instanceKlass java/lang/invoke/VarHandleByteArrayAsInts$ByteArrayViewVarHandle
instanceKlass java/lang/invoke/VarHandleReferences$Array
instanceKlass java/lang/invoke/VarHandleInts$FieldInstanceReadOnly
instanceKlass java/lang/invoke/VarHandleLongs$FieldInstanceReadOnly
instanceKlass java/lang/invoke/VarHandleReferences$FieldInstanceReadOnly
ciInstanceKlass java/lang/invoke/VarHandle 1 1 390 10 7 12 1 1 1 10 7 12 1 1 9 12 1 1 9 12 1 1 100 1 10 8 1 10 12 1 1 10 7 12 1 1 1 10 12 1 1 10 100 12 1 1 1 9 100 12 1 1 1 10 12 1 1 10 100 12 1 1 1 10 12 1 1 9 12 1 10 12 1 9 12 1 1 10 100 12 1 1 10 12 1 9 100 12 1 1 1 9 12 1 1 10 12 1 1 100 1 100 1 10 8 1 10 12 1 1 10 12 1 8 1 10 12 1 10 12 1 10 12 1 1 9 7 12 1 1 1 10 12 1 10 12 1 1 10 12 1 10 10 100 12 1 1 1 10 12 1 1 10 12 1 1 10 100 12 1 1 1 10 100 12 1 1 1 10 100 12 1 1 1 9 12 1 1 10 9 12 1 1 10 12 1 10 12 1 10 12 1 1 10 12 1 10 100 12 1 1 1 9 12 1 1 10 12 1 1 9 12 1 10 12 1 10 12 1 10 100 12 1 1 100 1 10 9 7 12 1 1 1 9 12 1 1 10 7 12 1 1 1 10 12 1 10 12 1 10 12 1 10 12 1 10 12 1 10 12 1 1 7 1 10 10 7 12 1 1 1 9 12 1 1 8 10 12 1 1 7 1 10 12 1 1 100 1 1 1 1 1 1 1 1 1 1 1 1 1 1 1 1 1 1 1 1 1 1 1 1 1 1 1 1 1 1 1 1 1 1 1 1 1 1 1 1 1 1 1 1 1 1 1 1 1 1 1 1 1 1 1 1 1 1 1 1 1 1 1 1 1 1 1 1 1 1 1 1 1 1 1 1 1 1 1 1 1 1 1 1 1 1 1 1 1 100 1 100 1 100 1 1 1 1 1 1 1 100 1 1 1
staticfield java/lang/invoke/VarHandle AIOOBE_SUPPLIER Ljava/util/function/BiFunction; jdk/internal/util/Preconditions$1
staticfield java/lang/invoke/VarHandle VFORM_OFFSET J 16
staticfield java/lang/invoke/VarHandle $assertionsDisabled Z 1
ciInstanceKlass java/lang/invoke/MemberName 1 1 757 7 1 7 1 100 1 9 12 1 1 10 7 12 1 1 1 9 12 1 1 10 12 1 1 10 12 1 1 10 12 1 1 10 12 1 10 12 1 1 10 7 12 1 1 1 10 12 1 9 100 12 1 1 10 12 1 100 1 100 1 10 12 1 8 1 10 12 1 1 10 12 1 10 12 1 1 10 12 1 9 12 1 1 8 1 10 100 12 1 1 1 7 1 10 10 12 1 1 7 1 7 1 10 12 1 1 9 12 1 1 100 1 8 1 10 12 1 10 12 1 10 12 1 10 12 1 10 12 1 1 10 12 1 10 12 1 10 12 1 1 10 12 1 1 10 12 1 8 1 8 1 8 1 10 100 12 1 1 1 10 12 1 9 12 1 1 3 10 12 1 10 12 1 10 12 1 10 10 7 12 1 1 1 10 12 1 10 12 1 10 12 1 10 12 1 7 1 8 10 12 1 1 10 12 1 1 8 1 9 100 1 8 9 100 1 10 12 1 1 10 12 1 10 12 1 8 1 10 12 1 1 10 12 1 10 12 1 10 12 1 10 12 1 1 100 1 10 12 1 1 10 12 1 8 1 10 12 1 10 12 1 8 1 10 12 1 1 10 12 1 1 100 1 10 12 1 1 10 12 8 1 8 1 100 1 10 12 1 10 100 12 1 1 1 100 1 10 12 10 12 1 10 12 1 10 12 1 10 12 1 10 10 12 1 10 12 1 10 12 1 3 10 12 1 3 10 12 1 3 3 3 3 3 3 3 100 1 10 12 1 10 7 12 1 1 1 10 12 1 3 9 12 1 10 12 1 1 3 10 12 1 10 10 7 12 1 1 1 10 12 1 1 10 7 1 10 10 12 1 10 12 1 10 12 1 10 10 12 1 1 10 12 1 10 12 1 10 12 1 100 1 10 10 10 12 100 1 10 10 10 12 1 1 10 12 1 1 10 10 12 1 8 10 100 1 10 12 1 10 100 1 10 12 1 10 12 1 10 12 1 10 10 12 1 10 12 1 1 10 12 1 1 10 12 1 10 12 1 10 12 1 100 1 10 12 1 1 100 1 8 1 10 7 1 10 12 1 10 12 10 12 1 1 10 12 1 10 12 1 8 1 8 1 8 1 8 1 10 12 1 10 12 1 10 12 1 1 8 1 8 1 10 12 1 8 1 10 10 12 1 10 12 1 8 1 8 1 10 10 12 1 8 1 10 100 12 1 1 1 8 1 10 12 1 10 12 1 1 10 12 1 8 1 8 1 8 1 8 1 100 1 10 8 1 8 1 8 1 8 1 10 12 1 100 1 100 1 100 1 10 100 1 10 100 1 10 100 12 1 1 1 9 7 12 1 1 1 100 1 100 1 1 1 1 1 1 1 3 1 3 1 3 1 3 1 3 1 3 1 1 1 1 1 1 1 1 3 1 3 1 1 1 1 3 1 1 1 1 1 1 1 1 1 1 1 1 1 1 1 1 1 1 1 1 1 1 1 1 1 1 1 1 1 1 1 1 1 1 1 1 1 1 1 1 1 1 1 1 1 1 1 1 1 1 1 1 1 1 1 1 1 1 1 1 1 1 1 1 1 1 1 1 1 1 1 1 1 1 1 1 1 1 1 1 1 1 1 1 1 1 1 1 1 1 1 1 1 1 1 1 1 1 1 1 1 1 1 1 1 1 100 1 1 1 1 1 1 1 1 1 1 1 1 1 1 1
staticfield java/lang/invoke/MemberName $assertionsDisabled Z 1
ciInstanceKlass java/lang/invoke/ResolvedMethodName 1 1 16 10 100 12 1 1 1 100 1 1 1 1 1 1 1 1
ciInstanceKlass java/lang/StackWalker 1 1 235 9 7 12 1 1 1 10 7 12 1 1 1 7 1 10 7 12 1 1 1 10 12 1 1 11 7 12 1 1 1 10 12 1 1 10 12 1 1 10 12 1 1 100 1 8 1 10 12 1 10 12 1 10 12 1 10 7 12 1 1 9 12 1 1 9 12 1 1 9 12 1 1 9 12 1 1 10 12 1 1 9 12 1 1 10 7 12 1 1 1 11 12 1 1 100 1 8 1 10 10 100 12 1 1 9 12 1 1 10 12 1 1 10 7 12 1 1 1 10 7 12 1 1 1 18 12 1 1 100 1 8 1 10 10 12 1 1 10 100 12 1 1 1 9 7 12 1 1 11 100 12 1 1 1 10 12 1 1 1 1 1 1 1 1 1 1 1 1 1 1 1 1 1 1 1 1 1 1 1 1 1 1 1 1 1 1 1 1 1 1 1 1 1 1 1 1 1 1 1 1 1 1 1 1 1 1 1 100 1 1 15 10 100 12 1 1 1 16 15 10 12 16 1 1 1 1 1 1 1 100 1 100 1 1
staticfield java/lang/StackWalker DEFAULT_EMPTY_OPTION Ljava/util/EnumSet; java/util/RegularEnumSet
staticfield java/lang/StackWalker DEFAULT_WALKER Ljava/lang/StackWalker; java/lang/StackWalker
instanceKlass java/lang/StackStreamFactory$StackFrameTraverser
ciInstanceKlass java/lang/StackStreamFactory$AbstractStackWalker 1 1 306 7 1 100 1 3 10 7 12 1 1 1 10 7 12 1 1 10 7 12 1 1 1 9 12 1 1 10 12 1 1 9 12 1 1 9 12 1 1 9 12 1 1 9 12 1 9 7 12 1 1 1 10 7 12 1 1 1 10 12 1 1 9 12 1 1 10 7 12 1 1 1 10 12 1 1 9 12 1 1 9 100 12 1 1 1 100 1 10 8 1 10 12 1 1 10 12 1 8 1 10 12 1 1 10 100 12 1 1 1 100 1 8 1 10 12 1 8 1 10 12 9 7 12 1 1 1 10 7 12 1 1 9 12 1 8 1 5 0 8 1 8 1 9 12 1 1 10 12 1 1 10 12 1 1 10 12 1 9 12 1 10 12 1 10 12 1 10 12 1 10 12 1 1 10 12 1 10 12 1 1 8 1 10 12 1 10 12 1 10 12 1 10 12 1 1 8 1 10 12 1 1 10 12 1 1 10 12 1 1 10 12 1 10 12 1 10 7 12 1 1 1 9 12 1 8 1 10 12 1 10 12 1 10 12 1 10 12 1 10 12 1 10 12 1 10 12 1 1 10 12 1 1 10 12 1 1 10 12 1 8 1 1 1 1 1 1 1 1 1 1 1 1 1 1 1 1 1 1 100 1 1 1 1 100 1 1 1 1 1 1 1 1 1 1 1 1 1 1 1 1 1 1 1 1 1
ciInstanceKlass jdk/internal/module/Modules 1 1 504 10 100 12 1 1 1 9 7 12 1 1 1 11 7 12 1 1 1 11 12 1 1 11 12 1 1 11 12 1 1 11 12 1 11 12 1 11 12 1 11 12 1 11 12 1 1 10 100 12 1 1 1 10 100 12 1 1 1 18 12 1 1 10 100 12 1 1 1 100 1 10 100 12 1 1 1 10 100 12 1 1 1 10 100 12 1 1 10 12 1 1 11 12 1 9 12 1 1 11 100 12 1 1 1 10 12 1 1 10 10 12 1 10 9 12 1 1 10 100 12 1 1 10 12 1 1 10 100 12 1 1 100 1 11 100 12 1 1 1 10 100 12 1 1 1 11 100 12 1 1 10 12 1 1 10 100 12 1 1 10 100 12 1 1 1 10 12 1 1 10 12 1 1 11 12 1 1 18 12 1 1 11 100 12 1 1 10 100 12 1 1 1 11 100 12 1 1 1 100 1 11 12 1 1 11 100 12 1 1 1 11 12 1 1 10 12 1 1 10 100 12 1 1 18 12 1 1 11 12 1 1 18 12 1 1 11 12 1 1 10 12 1 18 18 10 12 1 1 9 12 1 1 11 100 12 1 1 1 100 1 10 11 12 1 11 12 1 1 11 12 1 1 10 100 1 10 12 1 1 10 100 12 1 1 10 12 1 1 11 12 10 12 1 1 100 1 10 18 12 1 10 12 1 1 100 1 8 1 10 12 1 10 100 12 1 1 18 12 1 11 11 12 10 12 1 10 10 100 1 18 12 1 10 10 10 7 12 1 1 10 7 12 1 1 1 10 12 1 1 1 1 1 1 1 1 1 1 1 1 1 1 1 1 1 1 1 1 1 1 1 1 1 1 1 1 1 1 1 1 1 100 1 1 1 1 1 1 1 1 1 1 1 1 1 1 1 1 1 1 1 1 1 1 1 1 1 1 1 1 1 1 1 1 1 1 1 100 1 1 1 1 1 1 1 1 1 1 1 1 1 1 1 1 1 1 1 1 1 1 1 15 10 100 12 1 1 1 16 15 10 12 1 16 16 15 10 12 1 16 1 16 1 15 10 12 1 16 1 16 1 15 10 12 16 1 15 10 16 1 15 10 12 16 1 15 10 12 16 15 10 12 16 15 10 12 1 1 1 100 1 100 1 1
staticfield jdk/internal/module/Modules JLA Ljdk/internal/access/JavaLangAccess; java/lang/System$2
staticfield jdk/internal/module/Modules JLMA Ljdk/internal/access/JavaLangModuleAccess; java/lang/module/ModuleDescriptor$1
staticfield jdk/internal/module/Modules $assertionsDisabled Z 1
ciInstanceKlass java/util/jar/Attributes 1 1 313 10 7 12 1 1 1 10 7 12 1 1 7 1 10 9 12 1 1 10 12 1 11 7 12 1 1 1 10 7 12 1 1 1 10 7 1 11 12 1 1 10 11 12 1 11 12 1 1 11 12 1 10 100 12 1 1 100 1 10 11 12 1 1 11 100 12 1 1 1 11 100 12 1 1 1 11 12 1 1 100 1 11 12 1 11 12 1 11 12 1 11 12 1 1 11 12 1 11 12 1 11 12 1 1 11 12 1 11 12 1 10 12 1 100 1 10 10 10 12 1 10 12 1 1 10 12 1 1 8 1 10 12 1 10 10 100 12 1 1 1 10 12 1 1 9 12 1 1 10 10 12 1 9 12 1 9 7 12 1 1 1 10 12 1 1 10 100 12 1 1 1 10 12 1 1 10 12 1 1 7 1 10 10 7 12 1 1 1 100 1 10 8 1 10 12 1 1 8 1 10 12 1 8 1 10 12 1 10 12 1 1 10 12 1 10 12 1 8 1 10 12 1 10 12 1 1 8 1 10 100 12 1 1 1 8 1 8 1 10 12 1 100 1 8 1 8 1 100 1 1 1 1 1 1 1 1 1 1 1 1 1 1 1 1 1 1 1 1 1 1 1 1 1 1 1 1 1 1 1 1 1 1 1 1 1 1 1 1 1 1 1 1 1 1 1 1 1 1 1 1 1 1 1 100 1 1 1 1 1 1 1 1
ciMethod java/util/jar/Attributes getValue (Ljava/util/jar/Attributes$Name;)Ljava/lang/String; 512 0 12824 0 -1
ciMethod java/util/jar/Attributes read (Ljava/util/jar/Manifest$FastInputStream;[B)V 18 0 43 0 -1
ciMethod java/util/jar/Attributes <init> ()V 42 0 56 0 -1
instanceKlass java/util/jar/JarFile
ciInstanceKlass java/util/zip/ZipFile 1 1 565 7 1 7 1 7 1 10 12 1 1 7 1 10 12 1 9 7 12 1 1 1 10 12 1 10 7 12 1 1 100 1 7 1 10 8 1 10 12 1 1 10 100 12 1 1 1 10 12 1 1 10 10 12 1 10 7 12 1 1 1 10 100 12 1 1 10 12 1 8 1 10 7 12 1 1 1 9 12 1 1 10 12 1 1 7 1 10 7 12 1 1 1 10 12 1 9 12 1 1 10 7 12 1 1 1 10 12 1 1 10 12 1 10 12 1 10 12 1 9 12 1 1 9 7 12 1 1 1 9 12 1 1 10 12 1 8 10 12 1 1 10 12 1 1 8 1 9 12 1 1 9 12 1 9 10 12 1 1 9 12 1 1 7 1 9 12 1 10 12 1 10 12 1 1 11 7 12 1 1 1 10 12 1 1 5 0 5 0 5 0 5 0 7 1 10 12 1 100 1 8 1 10 100 1 9 12 1 10 12 1 100 1 18 12 1 1 10 12 1 10 100 12 1 1 1 10 12 1 10 12 1 1 100 1 10 12 1 18 18 10 12 1 10 12 1 10 7 12 1 1 1 10 12 1 1 8 1 10 12 1 1 10 12 1 7 1 9 12 1 1 11 7 12 1 1 1 10 10 12 1 9 12 1 10 12 1 9 12 1 1 10 12 1 9 12 1 9 12 1 10 12 1 9 12 1 9 12 1 10 12 1 10 12 1 3 9 12 1 10 100 12 1 1 1 10 12 1 1 9 12 9 12 1 1 10 12 1 100 1 10 12 1 1 100 1 8 1 10 8 1 8 1 9 12 1 1 9 12 1 100 1 10 10 12 1 11 100 1 11 12 1 1 9 12 1 9 12 1 8 1 10 7 12 1 1 1 8 1 10 12 1 100 1 10 12 1 9 12 1 7 1 10 10 7 12 1 1 1 8 1 10 7 12 1 1 8 1 10 12 1 1 9 12 1 100 1 1 1 1 1 3 1 3 1 3 1 3 1 1 1 1 1 1 100 1 1 1 1 1 1 1 1 1 1 100 1 1 1 1 100 1 1 1 1 1 1 1 1 1 1 1 1 1 100 1 1 1 1 1 1 1 1 1 1 1 1 1 1 1 1 1 1 1 100 1 1 1 1 1 1 1 1 1 1 1 100 1 1 1 1 1 1 1 1 1 1 1 1 1 1 1 1 1 100 1 100 1 100 1 1 15 10 100 12 1 1 1 16 1 15 10 12 16 15 16 15 10 12 16 1 1 1 1 1 1 1 1 1 1 100 1 100 1 1
staticfield java/util/zip/ZipFile DISABLE_ZIP64_EXTRA_VALIDATION Z 0
ciInstanceKlass java/util/jar/Attributes$Name 1 1 229 9 7 12 1 1 1 11 7 12 1 1 1 10 12 1 1 10 7 12 1 1 10 12 1 1 9 12 1 1 10 7 12 1 1 1 9 12 1 1 8 10 7 12 1 1 1 10 12 1 1 100 1 10 10 12 1 1 10 12 1 1 11 12 1 1 10 7 12 1 1 1 8 1 9 12 1 1 8 1 9 12 1 8 1 9 12 1 8 1 9 12 1 8 1 9 12 1 8 1 9 12 1 8 1 9 12 1 8 1 9 12 1 8 1 9 12 1 8 1 9 12 1 8 1 9 12 1 8 1 9 12 1 8 1 9 12 1 8 1 9 12 1 8 1 9 12 1 8 1 9 12 1 8 1 9 12 1 8 1 9 12 1 7 1 10 12 1 10 12 1 1 8 1 8 1 8 1 8 1 8 1 8 1 8 1 8 1 11 12 1 1 1 1 1 1 1 1 1 1 1 1 1 1 1 1 1 1 1 1 1 1 1 1 1 1 1 1 1 1 1 1 1 1 1 1 100 1 1
staticfield java/util/jar/Attributes$Name MANIFEST_VERSION Ljava/util/jar/Attributes$Name; java/util/jar/Attributes$Name
staticfield java/util/jar/Attributes$Name SIGNATURE_VERSION Ljava/util/jar/Attributes$Name; java/util/jar/Attributes$Name
staticfield java/util/jar/Attributes$Name CONTENT_TYPE Ljava/util/jar/Attributes$Name; java/util/jar/Attributes$Name
staticfield java/util/jar/Attributes$Name CLASS_PATH Ljava/util/jar/Attributes$Name; java/util/jar/Attributes$Name
staticfield java/util/jar/Attributes$Name MAIN_CLASS Ljava/util/jar/Attributes$Name; java/util/jar/Attributes$Name
staticfield java/util/jar/Attributes$Name SEALED Ljava/util/jar/Attributes$Name; java/util/jar/Attributes$Name
staticfield java/util/jar/Attributes$Name EXTENSION_LIST Ljava/util/jar/Attributes$Name; java/util/jar/Attributes$Name
staticfield java/util/jar/Attributes$Name EXTENSION_NAME Ljava/util/jar/Attributes$Name; java/util/jar/Attributes$Name
staticfield java/util/jar/Attributes$Name EXTENSION_INSTALLATION Ljava/util/jar/Attributes$Name; java/util/jar/Attributes$Name
staticfield java/util/jar/Attributes$Name IMPLEMENTATION_TITLE Ljava/util/jar/Attributes$Name; java/util/jar/Attributes$Name
staticfield java/util/jar/Attributes$Name IMPLEMENTATION_VERSION Ljava/util/jar/Attributes$Name; java/util/jar/Attributes$Name
staticfield java/util/jar/Attributes$Name IMPLEMENTATION_VENDOR Ljava/util/jar/Attributes$Name; java/util/jar/Attributes$Name
staticfield java/util/jar/Attributes$Name IMPLEMENTATION_VENDOR_ID Ljava/util/jar/Attributes$Name; java/util/jar/Attributes$Name
staticfield java/util/jar/Attributes$Name IMPLEMENTATION_URL Ljava/util/jar/Attributes$Name; java/util/jar/Attributes$Name
staticfield java/util/jar/Attributes$Name SPECIFICATION_TITLE Ljava/util/jar/Attributes$Name; java/util/jar/Attributes$Name
staticfield java/util/jar/Attributes$Name SPECIFICATION_VERSION Ljava/util/jar/Attributes$Name; java/util/jar/Attributes$Name
staticfield java/util/jar/Attributes$Name SPECIFICATION_VENDOR Ljava/util/jar/Attributes$Name; java/util/jar/Attributes$Name
staticfield java/util/jar/Attributes$Name MULTI_RELEASE Ljava/util/jar/Attributes$Name; java/util/jar/Attributes$Name
instanceKlass sun/net/www/protocol/jar/URLJarFile
ciInstanceKlass java/util/jar/JarFile 1 1 764 7 1 9 12 1 1 9 12 1 7 1 10 12 1 1 7 1 10 12 1 10 12 1 10 12 1 9 12 1 1 10 7 12 1 1 1 9 12 1 10 7 12 1 1 1 9 12 1 9 12 1 1 10 7 12 1 1 1 10 12 1 1 9 12 1 10 12 1 1 9 12 9 12 1 10 12 1 1 100 1 10 12 1 1 9 12 1 1 10 7 12 1 1 1 7 1 10 12 1 1 10 12 1 1 9 12 1 9 12 1 1 11 7 12 1 1 1 7 1 10 7 12 1 1 1 10 12 1 9 12 1 1 9 12 1 1 8 1 10 100 12 1 1 7 1 10 12 1 10 10 12 1 10 12 1 1 10 12 1 10 7 12 1 1 100 1 10 12 1 1 10 12 1 10 12 1 1 10 12 1 1 10 11 12 1 1 11 12 1 1 11 12 1 18 12 1 1 11 100 12 1 1 1 18 12 1 1 11 12 1 1 11 12 1 1 18 18 10 12 7 1 10 12 1 8 1 10 7 12 1 1 1 10 12 1 10 12 1 1 10 12 1 1 100 1 10 12 1 8 1 11 12 1 1 7 1 10 12 10 12 1 1 10 12 1 8 1 10 12 10 12 1 1 10 12 1 11 12 1 1 10 12 1 11 12 1 1 11 100 12 1 1 1 11 100 12 1 1 11 12 1 10 12 1 1 100 1 8 1 10 100 1 9 12 1 1 10 12 1 8 1 10 12 1 9 12 1 1 10 12 1 1 10 12 1 1 100 1 8 1 10 100 12 1 1 10 12 1 8 1 10 12 1 8 1 10 7 12 1 1 1 9 7 12 1 1 8 1 10 12 1 8 1 10 8 1 8 1 10 3 10 12 1 1 10 12 1 1 100 1 8 1 8 1 10 10 12 1 10 12 1 100 1 10 12 1 1 10 12 1 10 12 1 1 9 12 1 1 9 12 1 10 7 12 1 1 9 12 1 9 12 1 9 12 1 9 12 1 10 12 1 1 9 12 1 9 12 1 9 12 1 7 1 10 7 1 10 12 1 10 12 1 1 9 7 12 1 1 1 10 12 1 1 10 7 12 1 1 100 1 10 12 9 12 1 1 9 12 1 1 10 7 12 1 1 9 12 1 10 10 12 1 10 12 1 10 12 1 1 10 100 12 1 1 1 10 12 1 1 10 100 12 1 1 10 12 1 1 100 1 10 12 1 10 12 1 1 11 100 12 1 1 10 12 1 1 10 12 100 1 10 9 12 1 10 12 1 1 10 12 1 10 12 1 1 10 12 1 1 100 1 10 10 7 1 10 10 7 12 1 1 1 10 12 1 1 8 1 10 7 12 1 1 1 10 7 12 1 1 10 12 1 8 1 8 1 10 12 1 10 12 1 8 1 10 12 1 1 8 1 1 1 1 1 1 1 1 1 1 1 1 1 1 1 1 1 1 1 1 1 1 1 1 1 1 1 1 1 1 1 1 100 1 1 1 1 1 1 1 1 1 1 1 1 1 1 1 1 100 1 1 1 1 1 1 1 1 1 1 1 1 1 1 1 1 1 1 1 1 1 1 1 1 1 1 1 1 100 1 1 1 1 1 1 1 1 1 100 1 1 1 1 1 1 1 1 1 1 100 1 1 1 1 1 1 1 1 1 1 1 15 10 100 12 1 1 1 16 15 10 12 16 16 15 10 12 1 16 15 16 16 1 1 1 1 1 1 1 100 1 100 1 1
staticfield java/util/jar/JarFile BASE_VERSION Ljava/lang/Runtime$Version; java/lang/Runtime$Version
staticfield java/util/jar/JarFile BASE_VERSION_FEATURE I 8
staticfield java/util/jar/JarFile RUNTIME_VERSION Ljava/lang/Runtime$Version; java/lang/Runtime$Version
staticfield java/util/jar/JarFile MULTI_RELEASE_ENABLED Z 1
staticfield java/util/jar/JarFile MULTI_RELEASE_FORCED Z 0
staticfield java/util/jar/JarFile isInitializing Ljava/lang/ThreadLocal; java/lang/ThreadLocal
staticfield java/util/jar/JarFile JUZFA Ljdk/internal/access/JavaUtilZipFileAccess; java/util/zip/ZipFile$1
staticfield java/util/jar/JarFile CLASSPATH_CHARS [B 12
staticfield java/util/jar/JarFile CLASSPATH_LASTOCC [B 65
staticfield java/util/jar/JarFile CLASSPATH_OPTOSFT [B 12
staticfield java/util/jar/JarFile MULTIRELEASE_CHARS [B 19
staticfield java/util/jar/JarFile MULTIRELEASE_LASTOCC [B 65
staticfield java/util/jar/JarFile MULTIRELEASE_OPTOSFT [B 19
ciMethod java/util/jar/JarFile getEntry (Ljava/lang/String;)Ljava/util/zip/ZipEntry; 514 0 8449 0 -1
ciMethod java/util/jar/JarFile entryFor (Ljava/lang/String;)Ljava/util/jar/JarEntry; 442 0 3311 0 0
ciMethod java/util/jar/JarFile getBytes (Ljava/util/zip/ZipEntry;)[B 14 0 65 0 -1
ciMethod java/util/jar/JarFile match ([B[B[B[B)I 76 1136 118 0 -1
ciMethod java/util/jar/JarFile isMultiRelease ()Z 514 0 15559 0 0
ciMethod java/util/jar/JarFile checkForSpecialAttributes ()V 12 0 7207 0 3040
ciMethod java/util/jar/JarFile getManEntry ()Ljava/util/jar/JarEntry; 16 0 71 0 -1
ciMethod java/util/jar/JarFile getVersionedEntry (Ljava/lang/String;Ljava/util/jar/JarEntry;)Ljava/util/jar/JarEntry; 512 1450 2864 0 0
instanceKlass java/util/jar/JarEntry
ciInstanceKlass java/util/zip/ZipEntry 1 1 327 100 1 100 1 10 7 12 1 1 1 5 0 9 7 12 1 1 1 9 12 1 9 12 1 9 12 1 9 12 1 1 9 12 1 1 9 12 1 9 12 1 8 1 10 7 12 1 1 1 10 7 12 1 1 1 3 100 1 8 1 10 12 1 9 12 1 8 1 9 12 1 1 9 12 1 9 12 1 9 12 1 1 9 12 1 10 12 1 1 5 0 5 0 10 12 1 1 10 100 12 1 1 9 100 12 1 1 1 10 100 12 1 1 1 10 12 1 1 10 12 1 10 12 1 10 12 1 10 12 1 10 12 1 10 12 1 5 0 10 12 1 3 10 100 12 1 1 1 10 100 12 1 1 1 10 12 1 1 10 12 1 10 10 12 1 1 5 0 5 0 5 0 5 0 5 0 5 0 10 12 1 8 1 10 12 1 1 10 12 1 8 1 8 1 8 1 8 1 8 1 10 12 1 1 8 1 10 12 1 1 10 12 1 1 5 0 10 12 1 1 10 100 12 1 1 1 10 12 1 10 12 1 8 1 10 12 1 1 10 12 1 1 10 12 1 10 12 1 1 10 100 100 1 100 1 10 12 1 100 1 100 1 1 1 3 1 3 1 1 1 1 1 1 1 1 1 1 1 1 1 1 1 1 1 1 1 1 1 1 1 1 1 1 1 1 1 1 1 1 1 1 1 1 1 1 1 1 1 1 1 1 1 1 1 1 1 1 1 1 1 1 1 1 1 1 1
instanceKlass sun/net/www/protocol/jar/URLJarFile$URLJarFileEntry
instanceKlass java/util/jar/JarFile$JarFileEntry
ciInstanceKlass java/util/jar/JarEntry 1 1 60 10 7 12 1 1 1 10 12 1 10 7 1 9 12 1 1 9 12 1 1 9 12 1 1 10 100 12 1 1 10 100 10 12 1 1 1 1 1 1 1 1 1 1 1 1 1 1 1 1 100 1 1 1 1 1 1 1 1 1
ciInstanceKlass java/util/jar/JarFile$JarFileEntry 1 1 128 9 7 12 1 1 1 10 7 12 1 1 1 9 12 1 1 10 12 1 10 7 12 1 1 1 10 12 1 1 10 100 12 1 1 1 10 12 1 1 100 1 100 1 10 12 1 9 12 1 1 9 12 1 1 10 12 1 1 10 100 12 1 1 1 10 100 12 1 1 9 12 1 1 10 12 1 1 10 100 10 12 1 1 9 12 1 1 9 12 1 10 100 12 1 1 1 10 12 1 1 1 1 1 1 1 1 1 1 1 1 1 1 1 1 1 1 1 1 1 1 1 1 1 1 1 1 1
ciMethod java/util/zip/ZipEntry setExtra0 ([BZZ)V 0 0 1 0 -1
ciMethod java/util/zip/ZipEntry <init> (Ljava/lang/String;)V 444 0 3307 0 0
ciMethod java/util/zip/ZipFile getEntry (Ljava/lang/String;)Ljava/util/zip/ZipEntry; 786 0 8185 0 0
ciMethod java/util/zip/ZipFile ensureOpen ()V 526 0 8455 0 128
ciMethod java/util/zip/ZipFile getMetaInfVersions ()[I 484 0 2632 0 0
ciMethod java/util/zip/ZipFile getZipEntry (Ljava/lang/String;I)Ljava/util/zip/ZipEntry; 186 0 3303 0 0
ciInstanceKlass java/util/jar/Manifest$FastInputStream 1 1 96 10 7 12 1 1 1 10 7 12 1 1 9 12 1 1 9 12 1 9 12 1 1 10 12 1 1 10 100 12 1 1 1 9 12 1 1 10 7 12 1 1 1 10 7 12 1 1 1 10 12 1 10 12 1 1 10 12 1 1 10 12 1 1 1 1 1 1 1 1 1 100 1 1 1 1 1 1 1 1 1 1 1 1 100 1 1 1 1 1 1 1 100 1 1 1
ciInstanceKlass java/util/jar/JavaUtilJarAccessImpl 1 1 94 10 7 12 1 1 1 10 7 12 1 1 1 10 12 1 1 10 12 1 1 10 12 1 1 10 12 1 1 10 12 1 1 10 12 1 1 10 7 12 1 1 1 10 12 1 10 12 1 10 12 1 1 100 1 100 1 1 1 1 1 1 1 1 1 1 1 100 1 1 1 1 1 1 1 1 1 1 1 1 1 1 1 1 1 1 1 1 1 1 1 1 1 1
ciInstanceKlass jdk/internal/access/JavaUtilJarAccess 1 0 36 100 1 100 1 1 1 1 100 1 1 1 1 1 1 1 1 1 1 1 1 1 1 1 1 1 1 1 1 1 1 1 1 1 1 1
ciMethod java/util/jar/JavaUtilJarAccessImpl entryFor (Ljava/util/jar/JarFile;Ljava/lang/String;)Ljava/util/jar/JarEntry; 442 0 3311 0 0
ciMethod java/util/jar/Manifest$FastInputStream <init> (Ljava/io/InputStream;)V 42 0 56 0 -1
ciInstanceKlass jdk/internal/access/JavaUtilZipFileAccess 1 0 31 100 1 100 1 1 1 1 1 1 1 1 1 1 1 1 1 1 1 1 1 1 1 1 1 1 1 1 1 1 1
instanceKlass java/util/zip/ZipCoder$UTF8ZipCoder
ciInstanceKlass java/util/zip/ZipCoder 1 1 235 9 7 12 1 1 1 9 7 12 1 1 1 10 12 1 1 10 12 1 1 10 100 12 1 1 1 10 100 12 1 1 1 10 100 12 1 1 1 100 1 100 1 10 12 1 10 12 1 10 12 1 1 10 12 1 10 100 12 1 1 1 10 12 1 1 10 12 1 10 12 1 1 10 12 1 10 12 1 1 10 12 1 1 10 7 1 10 10 12 1 10 7 12 1 1 10 12 1 10 12 1 1 10 12 1 10 100 12 1 1 1 10 7 12 1 1 9 12 1 1 9 12 1 1 10 100 12 1 1 9 100 12 1 1 1 10 12 1 1 10 12 1 9 12 1 1 10 12 1 10 12 1 10 12 9 12 1 8 1 10 12 1 1 8 1 10 12 1 1 10 7 12 1 1 1 9 12 1 1 10 1 1 1 1 1 1 1 1 1 1 1 1 1 1 1 1 1 1 1 1 1 1 1 1 1 1 1 1 1 1 1 1 1 1 100 100 1 100 1 1 1 1 1 1 1 1 1 1 1 1 1 1 1 1
staticfield java/util/zip/ZipCoder JLA Ljdk/internal/access/JavaLangAccess; java/lang/System$2
staticfield java/util/zip/ZipCoder UTF8 Ljava/util/zip/ZipCoder$UTF8ZipCoder; java/util/zip/ZipCoder$UTF8ZipCoder
ciInstanceKlass java/util/zip/ZipCoder$UTF8ZipCoder 1 1 64 10 7 12 1 1 1 9 12 1 1 11 7 12 1 1 1 11 12 1 1 10 7 12 1 1 1 1 1 1 1 1 1 1 1 1 1 1 1 1 1 1 1 1 1 1 1 1 1 1 1 1 1 1 1 100 1 1 1 1 1 1 1 1
ciMethod java/util/zip/ZipCoder$UTF8ZipCoder toString ([BII)Ljava/lang/String; 512 0 2792 0 0
ciMethod java/util/zip/ZipCoder$UTF8ZipCoder hasTrailingSlash ([BI)Z 512 0 3307 0 0
ciMethod java/util/zip/ZipCoder$UTF8ZipCoder isUTF8 ()Z 664 0 332 0 0
ciMethod java/util/zip/ZipCoder toString ([BII)Ljava/lang/String; 0 0 1 0 -1
ciMethod java/util/zip/ZipCoder hasTrailingSlash ([BI)Z 0 0 1 0 -1
ciMethod java/util/zip/ZipCoder isUTF8 ()Z 0 0 1 0 -1
ciMethod java/util/zip/ZipCoder hash (Ljava/lang/String;)I 0 0 6148 0 736
ciMethod jdk/internal/access/JavaUtilZipFileAccess getMetaInfVersions (Ljava/util/jar/JarFile;)[I 0 0 1 0 -1
ciInstanceKlass java/util/zip/ZipUtils 1 1 325 100 1 7 1 100 1 10 100 12 1 1 1 5 0 5 0 9 100 12 1 1 1 10 100 12 1 1 1 10 12 1 1 9 12 1 5 0 5 0 5 0 5 0 5 0 5 0 10 100 12 1 1 1 9 12 1 10 100 12 1 1 1 10 12 1 1 10 100 12 1 1 1 10 12 1 1 10 12 1 1 100 1 10 12 1 1 100 1 10 12 1 10 12 1 1 10 12 1 1 10 12 1 1 10 12 1 10 12 1 10 12 1 10 12 1 10 12 1 5 0 10 12 1 1 10 12 1 1 5 0 100 1 5 0 10 100 12 1 1 1 10 12 1 1 10 12 1 1 10 12 1 1 10 12 1 10 12 1 10 12 1 10 12 1 8 1 10 7 12 1 1 1 9 12 1 1 9 12 1 1 10 7 12 1 1 1 7 1 9 12 1 10 12 1 1 10 7 12 1 1 1 9 12 1 1 10 12 1 1 8 1 10 12 1 1 8 1 1 1 1 5 0 1 5 0 1 1 3 1 3 1 5 0 1 3 1 1 1 1 1 1 1 1 1 1 1 1 1 1 1 1 1 1 1 1 1 1 1 1 1 1 1 1 1 1 1 1 1 1 1 1 1 1 1 1 1 1 1 1 1 1 1 1 1 1 1 1 1 1 1 1 1 1 1 1 1 1 1 1 1 1 1 1 1 1 1 1 1 1 1 1 1 1 1 1 1 1 1 1 1 1 1 1 1
staticfield java/util/zip/ZipUtils defaultBuf Ljava/nio/ByteBuffer; java/nio/HeapByteBuffer
staticfield java/util/zip/ZipUtils unsafe Ljdk/internal/misc/Unsafe; jdk/internal/misc/Unsafe
staticfield java/util/zip/ZipUtils byteBufferArrayOffset J 48
staticfield java/util/zip/ZipUtils byteBufferOffsetOffset J 40
ciMethod java/util/zip/ZipUtils CENFLG ([BI)I 1024 0 42973 0 160
ciMethod java/util/zip/ZipUtils CENHOW ([BI)I 1024 0 48001 0 160
ciMethod java/util/zip/ZipUtils CENTIM ([BI)J 444 0 3308 0 0
ciMethod java/util/zip/ZipUtils CENCRC ([BI)J 444 0 3308 0 0
ciMethod java/util/zip/ZipUtils CENSIZ ([BI)J 512 0 9846 0 0
ciMethod java/util/zip/ZipUtils CENLEN ([BI)J 514 0 16372 0 0
ciMethod java/util/zip/ZipUtils CENNAM ([BI)I 1024 0 42519 0 160
ciMethod java/util/zip/ZipUtils CENEXT ([BI)I 1024 0 214597 0 160
ciMethod java/util/zip/ZipUtils CENCOM ([BI)I 1024 0 179965 0 0
ciMethod java/util/zip/ZipUtils CENVEM_FA ([BI)I 444 0 3308 0 0
ciMethod java/util/zip/ZipUtils CENATX_PERMS ([BI)I 18 0 462 0 0
ciMethod java/util/zip/ZipUtils SH ([BI)I 844 0 688296 0 160
ciMethod java/util/zip/ZipUtils LG ([BI)J 814 0 81350 0 224
ciMethod java/util/zip/ZipUtils CH ([BI)I 444 0 3314 0 0
ciInstanceKlass java/util/zip/ZipFile$CleanableResource 1 1 167 100 1 10 7 12 1 1 1 10 7 12 1 1 1 10 7 12 1 1 1 9 7 12 1 1 1 7 1 10 10 7 12 1 1 1 9 12 1 1 7 1 10 9 12 1 1 10 7 12 1 1 1 9 12 1 1 11 7 12 1 1 11 7 12 1 1 1 7 1 10 12 1 10 12 1 11 12 1 1 10 12 1 11 7 12 1 1 1 100 1 11 12 1 1 100 1 11 12 1 10 12 1 100 1 10 12 1 1 10 12 1 1 100 1 10 12 1 100 1 1 1 1 1 1 1 1 1 1 1 1 1 1 1 1 1 1 1 100 1 100 1 1 1 1 1 1 100 1 1 1 1 1 1 1 1 1 1 1 1 1 1 1 1 1 1 1
ciInstanceKlass java/util/zip/ZipFile$1 1 1 101 10 7 12 1 1 1 9 7 12 1 1 1 9 100 12 1 1 1 9 100 12 1 1 1 10 12 1 1 10 12 1 1 10 12 1 1 10 12 1 1 10 12 1 1 10 12 1 1 10 12 1 9 100 12 1 1 1 100 1 100 1 1 1 1 1 1 1 1 1 1 1 1 1 1 1 1 1 1 1 1 1 1 1 1 1 1 1 1 1 1 1 1 1 1 1 1 1 1 1 1
ciMethod java/util/zip/ZipFile$1 getMetaInfVersions (Ljava/util/jar/JarFile;)[I 484 0 2632 0 0
ciInstanceKlass java/util/zip/ZipFile$Source 1 1 682 100 1 100 1 7 1 7 1 9 7 12 1 1 1 10 12 1 1 5 0 8 1 10 12 1 1 10 12 1 1 10 12 1 8 1 100 1 10 12 1 1 8 1 10 12 1 1 10 12 1 8 1 10 12 1 1 10 12 1 8 1 10 12 1 9 12 1 1 8 1 10 12 1 1 10 12 1 1 10 7 12 1 1 1 3 9 12 1 1 9 12 1 1 9 12 1 100 1 8 1 3 8 1 8 1 7 1 10 12 1 8 1 7 1 10 12 1 1 10 7 12 1 1 1 10 12 1 10 12 1 10 12 1 1 5 0 8 1 10 12 1 1 10 12 1 8 1 8 1 7 1 9 12 1 1 10 7 12 1 1 10 7 12 1 1 7 1 7 1 10 7 12 1 1 1 10 12 1 100 1 100 1 10 12 1 9 12 1 1 10 7 12 1 1 1 9 12 1 10 12 1 10 12 1 1 10 12 1 10 12 1 1 9 12 1 1 10 12 1 10 9 12 1 9 12 1 9 12 1 1 9 12 1 10 7 12 1 1 1 9 12 1 1 8 1 11 100 12 1 1 1 9 12 1 1 7 1 10 12 1 10 12 1 1 10 12 1 1 10 12 1 1 10 12 1 1 5 0 9 12 1 10 9 12 1 9 12 1 9 12 1 10 12 1 1 10 7 12 1 1 1 10 12 1 1 10 12 1 10 12 1 1 8 1 7 1 10 5 0 10 7 12 1 1 1 8 1 10 12 1 1 10 12 1 1 9 12 1 10 12 1 9 12 1 1 10 12 1 9 12 1 9 12 1 10 12 1 5 0 10 12 1 9 12 1 8 1 5 0 5 0 10 12 1 5 0 10 12 1 10 12 1 10 12 1 100 1 10 12 10 12 1 1 9 12 1 9 12 1 8 1 8 1 8 1 10 12 1 10 12 1 10 12 1 10 12 1 1 10 12 1 1 10 12 1 100 1 10 12 10 12 1 10 12 1 7 1 10 11 7 1 10 12 1 1 10 12 1 1 10 12 1 10 12 1 11 11 12 1 1 11 7 12 1 1 11 12 1 1 10 12 1 10 12 1 1 10 12 1 1 10 12 1 10 12 1 10 12 10 12 1 10 12 1 1 10 12 1 1 10 12 1 100 1 10 12 1 10 12 1 9 12 1 1 9 12 1 9 100 12 1 1 1 10 12 1 9 100 12 1 1 1 10 12 1 1 10 100 12 1 1 100 1 10 10 7 12 1 1 10 12 1 1 9 12 1 1 10 10 7 12 1 1 1 1 1 3 1 1 1 3 1 1 1 3 1 1 1 1 1 1 1 1 1 1 1 1 1 1 1 1 1 1 100 1 1 1 1 1 1 1 1 1 1 1 1 1 1 1 1 1 100 1 1 1 1 1 1 1 1 1 1 1 1 1 1 1 1 1 1 1 1 1 1 1 1 1 1 1 1 1 1 1 1 1 1 1 1 1 1 1 1 1 100 1 1 1 1 1 1 1 1 1 1 1 1 1 1 1 1 1 1 1 1 1 1 1 1 100 1 1
staticfield java/util/zip/ZipFile$Source JUJA Ljdk/internal/access/JavaUtilJarAccess; java/util/jar/JavaUtilJarAccessImpl
staticfield java/util/zip/ZipFile$Source EMPTY_META_VERSIONS [I 0
staticfield java/util/zip/ZipFile$Source files Ljava/util/HashMap; java/util/HashMap
staticfield java/util/zip/ZipFile$Source builtInFS Ljava/nio/file/FileSystem; sun/nio/fs/WindowsFileSystem
staticfield java/util/zip/ZipFile$Source $assertionsDisabled Z 1
ciMethod java/util/zip/ZipFile$Source getEntryPos (Ljava/lang/String;Z)I 772 1604 6963 0 0
ciMethod java/util/zip/ZipFile$Source getEntryPos (I)I 184 0 2724 0 0
ciMethod java/util/zip/ZipFile$Source zipCoderForPos (I)Ljava/util/zip/ZipCoder; 1024 0 16566 0 128
ciMethod java/util/zip/ZipFile$Source getEntryHash (I)I 530 0 15385 0 0
ciMethod java/util/zip/ZipFile$Source getEntryNext (I)I 780 0 12662 0 0
ciMethod jdk/internal/access/JavaUtilJarAccess entryFor (Ljava/util/jar/JarFile;Ljava/lang/String;)Ljava/util/jar/JarEntry; 0 0 1 0 -1
ciMethod java/util/jar/JarEntry <init> (Ljava/lang/String;)V 444 0 3312 0 0
ciMethod java/util/jar/JarFile$JarFileEntry <init> (Ljava/util/jar/JarFile;Ljava/lang/String;)V 444 0 3311 0 0
ciMethod java/util/jar/JarFile$JarFileEntry withBasename (Ljava/lang/String;)Ljava/util/jar/JarFile$JarFileEntry; 2 0 3 0 0
ciMethod java/util/Arrays copyOfRange ([BII)[B 512 0 5413 0 736
ciMethod java/util/Arrays copyOf ([BI)[B 116 0 5178 0 672
ciMethod java/lang/Math min (II)I 516 0 55730 0 -1
ciMethod jdk/internal/access/JavaLangAccess newStringUTF8NoRepl ([BII)Ljava/lang/String; 0 0 1 0 -1
ciMethod java/io/ByteArrayInputStream <init> ([B)V 18 0 58 0 -1
ciMethod java/lang/StringBuilder <init> ()V 226 0 47002 0 384
ciMethod java/lang/StringBuilder toString ()Ljava/lang/String; 276 0 56305 0 1056
ciMethod java/lang/StringBuilder append (Ljava/lang/String;)Ljava/lang/StringBuilder; 458 0 151594 0 1568
ciMethod java/lang/StringBuilder append (C)Ljava/lang/StringBuilder; 536 0 55501 0 0
ciMethod java/lang/StringBuilder append (I)Ljava/lang/StringBuilder; 40 0 10847 0 0
ciMethod java/lang/String isEmpty ()Z 514 0 79773 0 96
ciMethod java/lang/String charAt (I)C 582 0 723904 0 160
ciMethod java/lang/String length ()I 560 0 408601 0 96
ciMethod java/lang/String <init> ([BB)V 512 0 18088 0 256
ciMethod java/lang/String equals (Ljava/lang/Object;)Z 582 0 5440 0 416
ciMethod java/lang/String hashCode ()I 538 0 19733 0 448
ciMethod java/lang/String coder ()B 676 0 584350 0 64
ciMethod java/lang/String checkBoundsOffCount (III)V 512 0 5927 0 160
ciMethod java/lang/String isNotContinuation (I)Z 0 0 4 0 0
ciMethod java/lang/String decode2 (II)C 0 0 4 0 0
ciMethod java/lang/String decodeUTF8_UTF16 ([BII[BIZ)I 0 0 4 0 0
ciMethod java/lang/String newStringUTF8NoRepl ([BII)Ljava/lang/String; 0 0 2796 0 0
ciMethod java/lang/String throwMalformed (II)V 0 0 1 0 -1
ciMethod java/lang/String isMalformed3 (III)Z 0 0 1 0 -1
ciMethod java/lang/String malformed3 ([BI)I 0 0 1 0 -1
ciMethod java/lang/String decode3 (III)C 0 0 1 0 -1
ciMethod java/lang/String isMalformed3_2 (II)Z 0 0 1 0 -1
ciMethod java/lang/String decode4 (IIII)I 0 0 1 0 -1
ciMethod java/lang/String isMalformed4 (III)Z 0 0 1 0 -1
ciMethod java/lang/String malformed4 ([BI)I 0 0 1 0 -1
ciMethod java/lang/String isMalformed4_2 (II)Z 0 0 1 0 -1
ciMethod java/lang/String isMalformed4_3 (I)Z 0 0 1 0 -1
ciMethod java/lang/String isLatin1 ()Z 738 0 933552 0 96
ciMethod java/lang/String startsWith (Ljava/lang/String;I)Z 512 2022 8620 0 672
ciMethod java/lang/String startsWith (Ljava/lang/String;)Z 520 0 73339 0 544
ciMethod java/lang/String endsWith (Ljava/lang/String;)Z 4 0 1930 0 0
ciMethod java/lang/Object <init> ()V 1024 0 715094 0 128
instanceKlass com/fasterxml/jackson/core/JacksonException
instanceKlass org/codehaus/plexus/util/xml/XmlReaderException
instanceKlass org/apache/maven/model/io/ModelParseException
instanceKlass org/apache/maven/settings/io/SettingsParseException
instanceKlass org/codehaus/plexus/util/xml/XmlReaderException
instanceKlass org/apache/maven/settings/io/SettingsParseException
instanceKlass com/google/gson/stream/MalformedJsonException
instanceKlass java/util/zip/ZipException
instanceKlass java/rmi/RemoteException
instanceKlass org/apache/xerces/util/URI$MalformedURIException
instanceKlass java/nio/charset/CharacterCodingException
instanceKlass java/net/SocketException
instanceKlass java/net/UnknownHostException
instanceKlass java/io/CharConversionException
instanceKlass java/io/EOFException
instanceKlass java/net/ProtocolException
instanceKlass java/nio/file/FileSystemException
instanceKlass java/io/UnsupportedEncodingException
instanceKlass java/io/ObjectStreamException
instanceKlass java/net/MalformedURLException
instanceKlass java/io/FileNotFoundException
instanceKlass java/io/InterruptedIOException
ciInstanceKlass java/io/IOException 1 1 34 10 7 12 1 1 1 10 12 1 10 12 1 10 12 1 100 1 1 1 1 5 0 1 1 1 1 1 1 1 1 1 1 1
instanceKlass java/nio/channels/OverlappingFileLockException
instanceKlass java/util/concurrent/CancellationException
ciInstanceKlass java/lang/IllegalStateException 0 0 35 10 100 12 1 1 1 10 12 1 10 12 1 10 12 1 100 1 1 1 1 5 0 1 1 1 1 1 1 1 1 1 1 1 1
ciInstanceKlass sun/net/www/protocol/jar/URLJarFile 1 1 304 10 7 12 1 1 1 10 12 1 1 8 1 10 7 12 1 1 1 10 7 12 1 1 1 10 7 12 1 1 1 10 12 1 10 12 1 1 10 12 1 10 12 1 100 1 10 12 1 9 12 1 1 10 12 1 7 1 10 12 1 10 7 12 1 1 1 10 12 1 10 12 1 8 1 10 12 1 1 10 12 1 10 12 1 1 8 1 8 1 10 12 1 1 7 1 7 1 10 12 1 100 1 100 1 10 12 1 10 100 12 1 1 1 10 12 1 1 8 1 10 12 1 10 12 1 10 10 12 1 100 1 10 10 12 1 1 9 12 1 1 10 100 12 1 1 1 100 1 10 12 1 1 9 12 1 1 10 12 1 1 11 12 1 1 11 100 12 1 1 1 11 100 12 1 1 11 12 1 11 12 1 1 11 12 1 1 11 7 12 1 1 1 10 12 9 12 1 1 10 12 1 1 9 12 1 1 11 100 12 1 1 10 12 1 1 10 100 12 1 1 1 100 1 10 12 1 10 100 12 1 1 1 10 100 1 100 1 10 12 1 1 100 1 10 12 1 1 100 1 9 12 1 1 1 1 1 1 1 1 1 1 1 1 1 100 1 1 1 1 1 1 1 1 1 1 1 100 1 1 1 1 1 1 1 1 1 1 1 1 1 1 1 1 1 1 1 1 1 1 100 1 1 1
ciInstanceKlass java/lang/StringIndexOutOfBoundsException 0 0 45 10 100 12 1 1 1 10 12 1 100 1 10 8 1 10 12 1 1 10 12 1 10 12 1 1 100 1 1 1 1 5 0 1 1 1 1 1 1 1 1 1 1 1 1
ciMethodData java/lang/Object <init> ()V 2 715116 orig 80 1 0 0 0 0 0 0 0 0 0 0 0 0 0 0 0 0 0 0 0 0 0 0 0 0 0 0 0 0 0 0 0 0 0 0 0 0 0 0 0 0 0 0 0 0 0 0 0 0 0 0 0 0 0 0 0 0 0 0 0 0 0 0 0 0 0 0 0 0 0 0 0 0 0 0 0 0 0 0 0 data 4 0x0 0x9 0x1 0x0 oops 0 methods 0
ciMethodData java/lang/StringLatin1 hashCode ([B)I 2 27049 orig 80 0 0 0 0 0 0 0 0 0 0 0 0 121 2 0 0 0 0 0 0 0 0 0 0 0 0 0 0 0 0 0 0 0 0 0 0 0 0 0 0 0 0 0 0 0 0 0 0 0 0 0 0 0 0 0 0 0 0 0 0 0 0 0 0 0 0 0 0 0 0 0 0 0 0 0 0 0 0 0 0 data 14 0xd0007 0x3d2 0x38 0x60a7 0x250003 0x60a7 0xffffffffffffffe0 0x0 0x0 0x0 0x0 0x9 0x1 0x0 oops 0 methods 0
ciMethodData java/lang/String hashCode ()I 2 19733 orig 80 1 0 0 0 0 0 0 0 0 0 0 0 121 2 0 0 0 0 0 0 0 0 0 0 0 0 0 0 0 0 0 0 0 0 0 0 0 0 0 1 0 0 0 0 0 0 0 0 0 0 0 0 0 0 0 0 0 0 0 0 0 0 0 0 0 0 0 0 0 0 0 0 0 0 0 0 0 0 0 0 data 42 0x60007 0x2e15 0x108 0x1df3 0xd0007 0x43 0xe8 0x1db0 0x110005 0x1db0 0x0 0x0 0x0 0x0 0x0 0x8000000600140007 0x4 0x48 0x1dad 0x1b0002 0x1dad 0x1e0003 0x1dad 0x28 0x250002 0x4 0x2a0007 0x1db0 0x38 0x1 0x320003 0x1 0x18 0x0 0x0 0x0 0x0 0x0 0x0 0x9 0x1 0xe oops 0 methods 0
ciMethodData java/lang/String isLatin1 ()Z 2 933552 orig 80 0 0 0 0 0 0 0 0 0 0 0 0 121 2 0 0 0 0 0 0 0 0 0 0 0 0 0 0 0 0 0 0 0 0 0 0 0 0 0 0 0 0 0 0 0 0 0 0 0 0 0 0 0 0 0 0 0 0 0 0 0 0 0 0 0 0 0 0 0 0 0 0 0 0 0 0 0 0 0 0 data 18 0x30007 0x0 0x58 0xe3d89 0xa0007 0xa2 0x38 0xe3c6b 0xe0003 0xe3cc5 0x18 0x0 0x0 0x0 0x0 0x9 0x1 0x0 oops 0 methods 0
ciMethodData java/lang/StringUTF16 hashCode ([B)I 1 304 orig 80 0 0 0 0 0 0 0 0 0 0 0 0 121 2 0 0 0 0 0 0 0 0 0 0 0 0 0 0 0 0 0 0 0 0 0 0 0 0 0 0 0 0 0 0 0 0 0 0 0 0 0 0 0 0 0 0 0 0 0 0 0 0 0 0 0 0 0 0 0 0 0 0 0 0 0 0 0 0 0 0 data 18 0xb0007 0x9c 0x48 0x130 0x140002 0x130 0x1c0003 0x130 0xffffffffffffffd0 0x0 0x0 0x0 0x0 0x0 0x0 0x9 0x1 0x0 oops 0 methods 0
ciMethodData java/lang/String equals (Ljava/lang/Object;)Z 2 5440 orig 80 0 0 0 0 0 0 0 0 0 0 0 0 121 2 0 0 0 0 0 0 0 0 0 0 0 0 0 0 0 0 0 0 0 0 0 0 0 0 0 0 0 0 0 0 0 0 0 0 0 0 0 0 0 0 0 0 0 0 0 0 0 0 0 0 0 0 0 0 0 0 0 0 0 0 0 0 0 0 0 0 data 49 0x20007 0xf35 0x20 0x4e8 0x80104 0x0 0x0 0x279498a3440 0xf25 0x0 0x0 0xb0007 0x10 0xe0 0xf25 0xf0004 0x0 0x0 0x279498a3440 0xf25 0x0 0x0 0x160007 0x0 0x40 0xf25 0x210007 0x0 0x68 0xf25 0x2c0002 0xf25 0x2f0007 0x64e 0x38 0x8d7 0x330003 0x8d7 0x18 0x0 0x0 0x0 0x0 0x0 0x0 0x9 0x2 0x0 0x0 oops 2 7 java/lang/String 18 java/lang/String methods 0
ciMethodData java/lang/String coder ()B 2 584350 orig 80 0 0 0 0 0 0 0 0 0 0 0 0 121 2 0 0 0 0 0 0 0 0 0 0 0 0 0 0 0 0 0 0 0 0 0 0 0 0 0 0 0 0 0 0 0 0 0 0 0 0 0 0 0 0 0 0 0 0 0 0 0 0 0 0 0 0 0 0 0 0 0 0 0 0 0 0 0 0 0 0 data 14 0x30007 0x0 0x38 0x8e951 0xa0003 0x8e95d 0x18 0x0 0x0 0x0 0x0 0x9 0x1 0x0 oops 0 methods 0
ciMethodData java/lang/String length ()I 2 408601 orig 80 0 0 0 0 0 0 0 0 0 0 0 0 121 2 0 0 0 0 0 0 0 0 0 0 0 0 0 0 0 0 0 0 0 0 0 0 0 0 0 0 0 0 0 0 0 0 0 0 0 0 0 0 0 0 0 0 0 0 0 0 0 0 0 0 0 0 0 0 0 0 0 0 0 0 0 0 0 0 0 0 data 16 0x60005 0x63b02 0x0 0x0 0x0 0x0 0x0 0x0 0x0 0x0 0x0 0x0 0x0 0x9 0x1 0x0 oops 0 methods 0
ciMethodData java/lang/String charAt (I)C 2 723904 orig 80 0 0 0 0 0 0 0 0 0 0 0 0 121 2 0 0 0 0 0 0 0 0 0 0 0 0 0 0 0 0 0 0 0 0 0 0 0 0 0 0 0 0 0 0 0 0 0 0 0 0 0 0 0 0 0 0 0 0 0 0 0 0 0 0 0 0 0 0 0 0 0 0 0 0 0 0 0 0 0 0 data 25 0x10005 0xb0ad3 0x0 0x0 0x0 0x0 0x0 0x40007 0x7 0x30 0xb0a6e 0xc0002 0xb0abd 0x150002 0x7 0x0 0x0 0x0 0x0 0x0 0x0 0x9 0x2 0x0 0x0 oops 0 methods 0
ciMethodData java/lang/StringLatin1 charAt ([BI)C 2 700334 orig 80 0 0 0 0 0 0 0 0 0 0 0 0 121 2 0 0 0 0 0 0 0 0 0 0 0 0 0 0 0 0 0 0 0 0 0 0 0 0 0 0 0 0 0 0 0 0 0 0 0 0 0 0 0 0 0 0 0 0 0 0 0 0 0 0 0 0 0 0 0 0 0 0 0 0 0 0 0 0 0 0 data 18 0x10007 0x0 0x40 0xaae6f 0x70007 0xaaea4 0x30 0x0 0xf0002 0x0 0x0 0x0 0x0 0x0 0x9 0x2 0x0 0x0 oops 0 methods 0
ciMethodData java/lang/StringUTF16 charAt ([BI)C 1 49 orig 80 0 0 0 0 0 0 0 0 0 0 0 0 121 2 0 0 0 0 0 0 0 0 0 0 0 0 0 0 0 0 0 0 0 0 0 0 0 0 0 0 0 0 0 0 0 0 0 0 0 0 0 0 0 0 0 0 0 0 0 0 0 0 0 0 0 0 0 0 0 0 0 0 0 0 0 0 0 0 0 0 data 14 0x20002 0x32 0x70002 0x2b 0x0 0x0 0x0 0x0 0x0 0x0 0x9 0x2 0x0 0x0 oops 0 methods 0
ciMethodData java/util/Arrays copyOf ([BI)[B 2 5178 orig 80 0 0 0 0 0 0 0 0 0 0 0 0 121 2 0 0 0 0 0 0 0 0 0 0 0 0 0 0 0 0 0 0 0 0 0 0 0 0 0 0 0 0 0 0 0 0 0 0 0 0 0 0 0 0 0 0 0 0 0 0 0 0 0 0 0 0 0 0 0 0 0 0 0 0 0 0 0 0 0 0 data 14 0xb0002 0x1400 0xe0002 0x1400 0x0 0x0 0x0 0x0 0x0 0x0 0x9 0x2 0xffffffffffffffff 0x0 oops 0 methods 0
ciMethodData java/lang/String isEmpty ()Z 2 79776 orig 80 0 0 0 0 0 0 0 0 0 0 0 0 121 2 0 0 0 0 0 0 0 0 0 0 0 0 0 0 0 0 0 0 0 0 0 0 0 0 0 0 0 0 0 0 0 0 0 0 0 0 0 0 0 0 0 0 0 0 0 0 0 0 0 0 0 0 0 0 0 0 0 0 0 0 0 0 0 0 0 0 data 14 0x50007 0x10ec3 0x38 0x27d8 0x90003 0x27d8 0x18 0x0 0x0 0x0 0x0 0x9 0x1 0x0 oops 0 methods 0
ciMethodData java/lang/String <init> ([BB)V 2 18088 orig 80 0 0 0 0 0 0 0 0 0 0 0 0 121 2 0 0 0 0 0 0 0 0 0 0 0 0 0 0 0 0 0 0 0 0 0 0 0 0 0 0 0 0 0 0 0 0 0 0 0 0 0 0 0 0 0 0 0 0 0 0 0 0 0 0 0 0 0 0 0 0 0 0 0 0 0 0 0 0 0 0 data 11 0x10002 0x45a8 0x0 0x0 0x0 0x0 0x9 0x3 0xc 0x0 0x0 oops 0 methods 0
ciMethodData java/util/zip/ZipUtils SH ([BI)I 2 688296 orig 80 0 0 0 0 0 0 0 0 0 0 0 0 121 2 0 0 0 0 0 0 0 0 0 0 0 0 0 0 0 0 0 0 0 0 0 0 0 0 0 0 0 0 0 0 0 0 0 0 0 0 0 0 0 0 0 0 0 0 0 0 0 0 0 0 0 0 0 0 0 0 0 0 0 0 0 0 0 0 0 0 data 8 0x0 0x0 0x0 0x0 0x9 0x2 0x0 0x0 oops 0 methods 0
ciMethodData java/lang/System$2 newStringUTF8NoRepl ([BII)Ljava/lang/String; 2 2793 orig 80 0 0 0 0 0 0 0 0 0 0 0 0 121 2 0 0 0 0 0 0 0 0 0 0 0 0 0 0 0 0 0 0 0 0 0 0 0 0 0 0 0 0 0 0 0 0 0 0 0 0 0 0 0 0 0 0 0 0 0 0 0 0 0 0 0 0 0 0 0 0 0 0 0 0 0 0 0 0 0 0 data 14 0x30002 0xae9 0x0 0x0 0x0 0x0 0x0 0x0 0x9 0x4 0x0 0x0 0x0 0x0 oops 0 methods 0
ciMethodData java/lang/String newStringUTF8NoRepl ([BII)Ljava/lang/String; 2 2796 orig 80 0 0 0 0 0 0 0 0 0 0 0 0 121 2 0 0 0 0 0 0 0 0 0 0 0 0 0 0 0 0 0 0 0 0 0 0 0 0 0 0 0 0 0 0 0 0 0 0 0 0 0 0 0 0 0 0 0 0 0 0 0 0 0 0 0 0 0 0 0 0 0 0 0 0 0 0 0 0 0 0 data 107 0x40002 0xaec 0x80007 0xaec 0x20 0x0 0x110007 0x0 0x70 0xaec 0x170002 0xaec 0x1a0007 0x4 0x40 0xae8 0x260002 0xae8 0x2a0002 0xae8 0x3b0007 0x0 0x188 0x4 0x450007 0x0 0x108 0x80 0x4f0007 0x4 0x38 0x7c 0x600003 0x7c 0xffffffffffffffc0 0x6c0007 0x4 0xb0 0x0 0x730007 0x0 0x90 0x0 0x7f0002 0x0 0x820007 0x0 0x48 0x0 0x900002 0x0 0x980003 0x0 0xffffffffffffff28 0x9b0003 0x0 0x18 0xa00007 0x4 0x60 0x0 0xa80007 0x0 0x30 0x0 0xaf0002 0x0 0xbb0002 0x0 0xc10007 0x0 0x40 0x4 0xc60007 0x4 0x48 0x0 0xca0002 0x0 0xcf0003 0x0 0x38 0xd30002 0x4 0xe00002 0x4 0xef0002 0x4 0xf70007 0x0 0x30 0x4 0x1000002 0x4 0x10c0002 0x4 0x0 0x0 0x0 0x0 0x0 0x0 0x9 0x3 0x0 0x0 0x0 oops 0 methods 0
ciMethodData java/util/zip/ZipCoder hash (Ljava/lang/String;)I 2 6148 orig 80 0 0 0 0 0 0 0 0 0 0 0 0 121 2 0 0 0 0 0 0 0 0 0 0 0 0 0 0 0 0 0 0 0 0 0 0 0 0 0 0 0 0 0 0 0 0 0 0 0 0 0 0 0 0 0 0 0 0 0 0 0 0 0 0 0 0 0 0 0 0 0 0 0 0 0 0 0 0 0 0 data 38 0x10005 0x1804 0x0 0x0 0x0 0x0 0x0 0x60005 0x1804 0x0 0x0 0x0 0x0 0x0 0xb0007 0x0 0x78 0x1804 0x120005 0x1804 0x0 0x0 0x0 0x0 0x0 0x170007 0x0 0x20 0x1804 0x0 0x0 0x0 0x0 0x0 0x0 0x9 0x1 0xe oops 0 methods 0
ciMethodData java/util/zip/ZipUtils CENEXT ([BI)I 2 214598 orig 80 0 0 0 0 0 0 0 0 0 0 0 0 0 0 0 0 0 0 0 0 0 0 0 0 0 0 0 0 0 0 0 0 0 0 0 0 0 0 0 0 0 0 0 0 0 0 0 0 0 0 0 0 0 0 0 0 0 0 0 0 0 0 0 0 0 0 0 0 0 0 0 0 0 0 0 0 0 0 0 0 data 12 0x50002 0x34447 0x0 0x0 0x0 0x0 0x0 0x0 0x9 0x2 0x0 0x0 oops 0 methods 0
ciMethodData java/util/zip/ZipUtils LG ([BI)J 2 81350 orig 80 0 0 0 0 0 0 0 0 0 0 0 0 121 2 0 0 0 0 0 0 0 0 0 0 0 0 0 0 0 0 0 0 0 0 0 0 0 0 0 0 0 0 0 0 0 0 0 0 0 0 0 0 0 0 0 0 0 0 0 0 0 0 0 0 0 0 0 0 0 0 0 0 0 0 0 0 0 0 0 0 data 14 0x20002 0x13c2f 0x90002 0x13c21 0x0 0x0 0x0 0x0 0x0 0x0 0x9 0x2 0x0 0x0 oops 0 methods 0
ciMethodData java/util/zip/ZipUtils CENHOW ([BI)I 2 48007 orig 80 0 0 0 0 0 0 0 0 0 0 0 0 0 0 0 0 0 0 0 0 0 0 0 0 0 0 0 0 0 0 0 0 0 0 0 0 0 0 0 0 0 0 0 0 0 0 0 0 0 0 0 0 0 0 0 0 0 0 0 0 0 0 0 0 0 0 0 0 0 0 0 0 0 0 0 0 0 0 0 0 data 12 0x50002 0xb988 0x0 0x0 0x0 0x0 0x0 0x0 0x9 0x2 0x0 0x0 oops 0 methods 0
ciMethodData java/util/zip/ZipUtils CENFLG ([BI)I 2 42979 orig 80 0 0 0 0 0 0 0 0 0 0 0 0 0 0 0 0 0 0 0 0 0 0 0 0 0 0 0 0 0 0 0 0 0 0 0 0 0 0 0 0 0 0 0 0 0 0 0 0 0 0 0 0 0 0 0 0 0 0 0 0 0 0 0 0 0 0 0 0 0 0 0 0 0 0 0 0 0 0 0 0 data 12 0x50002 0xa5e4 0x0 0x0 0x0 0x0 0x0 0x0 0x9 0x2 0x0 0x0 oops 0 methods 0
ciMethodData java/util/zip/ZipUtils CENNAM ([BI)I 2 42525 orig 80 0 0 0 0 0 0 0 0 0 0 0 0 0 0 0 0 0 0 0 0 0 0 0 0 0 0 0 0 0 0 0 0 0 0 0 0 0 0 0 0 0 0 0 0 0 0 0 0 0 0 0 0 0 0 0 0 0 0 0 0 0 0 0 0 0 0 0 0 0 0 0 0 0 0 0 0 0 0 0 0 data 12 0x50002 0xa41e 0x0 0x0 0x0 0x0 0x0 0x0 0x9 0x2 0x0 0x0 oops 0 methods 0
ciMethodData java/util/zip/ZipFile$Source zipCoderForPos (I)Ljava/util/zip/ZipCoder; 2 16566 orig 80 0 0 0 0 0 0 0 0 0 0 0 0 0 0 0 0 0 0 0 0 0 0 0 0 0 0 0 0 0 0 0 0 0 0 0 0 0 0 0 0 0 0 0 0 0 0 0 0 0 0 0 0 0 0 0 0 0 0 0 0 0 0 0 0 0 0 0 0 0 0 0 0 0 0 0 0 0 0 0 0 data 27 0x40005 0x0 0x0 0x279915d63d0 0x3eb7 0x0 0x0 0x70007 0x0 0x20 0x3eb7 0x140002 0x0 0x1b0007 0x0 0x20 0x0 0x0 0x0 0x0 0x0 0x0 0x0 0x9 0x2 0x0 0x0 oops 1 3 java/util/zip/ZipCoder$UTF8ZipCoder methods 0
ciMethodData java/util/zip/ZipUtils CENCOM ([BI)I 2 179966 orig 80 0 0 0 0 0 0 0 0 0 0 0 0 0 0 0 0 0 0 0 0 0 0 0 0 0 0 0 0 0 0 0 0 0 0 0 0 0 0 0 0 0 0 0 0 0 0 0 0 0 0 0 0 0 0 0 0 0 0 0 0 0 0 0 0 0 0 0 0 0 0 0 0 0 0 0 0 0 0 0 0 data 12 0x50002 0x2bcff 0x0 0x0 0x0 0x0 0x0 0x0 0x9 0x2 0x0 0x0 oops 0 methods 0
ciMethodData java/util/Arrays copyOfRange ([BII)[B 2 5413 orig 80 0 0 0 0 0 0 0 0 0 0 0 0 121 2 0 0 0 0 0 0 0 0 0 0 0 0 0 0 0 0 0 0 0 0 0 0 0 0 0 0 0 0 0 0 0 0 0 0 0 0 0 0 0 0 0 0 0 0 0 0 0 0 0 0 0 0 0 0 0 0 0 0 0 0 0 0 0 0 0 0 data 51 0x50007 0x1425 0x120 0x0 0x100002 0x0 0x140005 0x0 0x0 0x0 0x0 0x0 0x0 0x1a0005 0x0 0x0 0x0 0x0 0x0 0x0 0x1e0005 0x0 0x0 0x0 0x0 0x0 0x0 0x210005 0x0 0x0 0x0 0x0 0x0 0x0 0x240002 0x0 0x370002 0x1425 0x3a0002 0x1425 0x0 0x0 0x0 0x0 0x0 0x0 0x9 0x3 0xffffffffffffffff 0x0 0x0 oops 0 methods 0
ciMethodData java/util/Objects requireNonNull (Ljava/lang/Object;Ljava/lang/String;)Ljava/lang/Object; 2 39994 orig 80 0 0 0 0 0 0 0 0 0 0 0 0 121 2 0 0 0 0 0 0 0 0 0 0 0 0 0 0 0 0 0 0 0 0 0 0 0 0 0 0 0 0 0 0 0 0 0 0 0 0 0 0 0 0 0 0 0 0 0 0 0 0 0 0 0 0 0 0 0 0 0 0 0 0 0 0 0 0 0 0 data 16 0x10007 0x9b35 0x30 0x0 0x90002 0x0 0x0 0x0 0x0 0x0 0x0 0x0 0x9 0x2 0x0 0xffffffffffffffff oops 0 methods 0
ciMethodData java/util/zip/ZipFile$Source getEntryHash (I)I 2 15393 orig 80 0 0 0 0 0 0 0 0 0 0 0 0 121 2 0 0 0 0 0 0 0 0 0 0 0 0 0 0 0 0 0 0 0 0 0 0 0 0 0 0 0 0 0 0 0 0 0 0 0 0 0 0 0 0 0 0 0 0 0 0 0 0 0 0 0 0 0 0 0 0 0 0 0 0 0 0 0 0 0 0 data 8 0x0 0x0 0x0 0x0 0x9 0x2 0x0 0x0 oops 0 methods 0
ciMethodData java/lang/StringUTF16 newBytesFor (I)[B 1 372 orig 80 0 0 0 0 0 0 0 0 0 0 0 0 121 2 0 0 0 0 0 0 0 0 0 0 0 0 0 0 0 0 0 0 0 0 0 0 0 0 0 0 0 0 0 0 0 0 0 0 0 0 0 0 0 0 0 0 0 0 0 0 0 0 0 0 0 0 0 0 0 0 0 0 0 0 0 0 0 0 0 0 data 58 0x10007 0x174 0x30 0x0 0x80002 0x0 0xf0007 0x174 0x158 0x0 0x1a0002 0x0 0x1f0005 0x0 0x0 0x0 0x0 0x0 0x0 0x230005 0x0 0x0 0x0 0x0 0x0 0x0 0x280005 0x0 0x0 0x0 0x0 0x0 0x0 0x2d0005 0x0 0x0 0x0 0x0 0x0 0x0 0x300005 0x0 0x0 0x0 0x0 0x0 0x0 0x330002 0x0 0x0 0x0 0x0 0x0 0x0 0x0 0x9 0x1 0x0 oops 0 methods 0
ciMethodData java/util/zip/ZipFile ensureOpen ()V 2 8455 orig 80 0 0 0 0 0 0 0 0 0 0 0 0 121 2 0 0 0 0 0 0 0 0 0 0 0 0 0 0 0 0 0 0 0 0 0 0 0 0 0 0 0 0 0 0 0 0 0 0 0 0 0 0 0 0 0 0 0 0 0 0 0 0 0 0 0 0 0 0 0 0 0 0 0 0 0 0 0 0 0 0 data 21 0x40007 0x2000 0x30 0x0 0xe0002 0x0 0x190007 0x2000 0x30 0x0 0x230002 0x0 0x0 0x0 0x0 0x0 0x0 0x0 0x9 0x1 0x0 oops 0 methods 0
ciMethodData java/util/zip/ZipFile$Source getEntryNext (I)I 2 12671 orig 80 0 0 0 0 0 0 0 0 0 0 0 0 121 2 0 0 0 0 0 0 0 0 0 0 0 0 0 0 0 0 0 0 0 0 0 0 0 0 0 0 0 0 0 0 0 0 0 0 0 0 0 0 0 0 0 0 0 0 0 0 0 0 0 0 0 0 0 0 0 0 0 0 0 0 0 0 0 0 0 0 data 8 0x0 0x0 0x0 0x0 0x9 0x2 0x0 0x0 oops 0 methods 0
ciMethodData java/lang/String startsWith (Ljava/lang/String;I)Z 2 49642 orig 80 1 0 0 0 0 0 0 0 0 0 0 0 121 2 0 0 0 0 0 0 0 0 0 0 0 0 0 0 0 0 0 0 0 0 0 0 0 0 0 1 0 0 0 0 0 0 0 0 0 0 0 0 0 0 0 0 0 0 0 0 0 0 0 0 0 0 0 0 0 0 0 0 0 0 0 0 0 0 0 0 data 83 0x8000000600010007 0xa 0xb0 0x20a3 0x60005 0x20a3 0x0 0x0 0x0 0x0 0x0 0xa0005 0x20a3 0x0 0x0 0x0 0x0 0x0 0xe0007 0x2035 0x20 0x6e 0x270005 0x2035 0x0 0x0 0x0 0x0 0x0 0x2f0005 0x2035 0x0 0x0 0x0 0x0 0x0 0x320007 0x0 0xb0 0x2035 0x370007 0x0 0x38 0x2035 0x3b0003 0x2035 0x18 0x470007 0x878 0x40 0xd5b4 0x590007 0xbdf7 0xffffffffffffffe0 0x17bd 0x5e0003 0x878 0x88 0x630007 0x0 0x20 0x0 0x6c0007 0x0 0x50 0x0 0x740002 0x0 0x830007 0x0 0xffffffffffffffd0 0x0 0x0 0x0 0x0 0x0 0x0 0x0 0x9 0x3 0x0 0x0 0x0 oops 0 methods 0
ciMethodData java/lang/String startsWith (Ljava/lang/String;)Z 2 73341 orig 80 0 0 0 0 0 0 0 0 0 0 0 0 121 2 0 0 0 0 0 0 0 0 0 0 0 0 0 0 0 0 0 0 0 0 0 0 0 0 0 0 0 0 0 0 0 0 0 0 0 0 0 0 0 0 0 0 0 0 0 0 0 0 0 0 0 0 0 0 0 0 0 0 0 0 0 0 0 0 0 0 data 17 0x30005 0x11d75 0x0 0x0 0x0 0x0 0x0 0x0 0x0 0x0 0x0 0x0 0x0 0x9 0x2 0x0 0x0 oops 0 methods 0
ciMethodData java/util/zip/ZipUtils CENLEN ([BI)J 2 16377 orig 80 0 0 0 0 0 0 0 0 0 0 0 0 121 2 0 0 0 0 0 0 0 0 0 0 0 0 0 0 0 0 0 0 0 0 0 0 0 0 0 0 0 0 0 0 0 0 0 0 0 0 0 0 0 0 0 0 0 0 0 0 0 0 0 0 0 0 0 0 0 0 0 0 0 0 0 0 0 0 0 0 data 12 0x50002 0x3efb 0x0 0x0 0x0 0x0 0x0 0x0 0x9 0x2 0x0 0x0 oops 0 methods 0
ciMethodData java/util/zip/ZipFile$Source getEntryPos (Ljava/lang/String;Z)I 2 12665 orig 80 1 0 0 0 0 0 0 0 0 0 0 0 121 2 0 0 0 0 0 0 0 0 0 0 0 0 0 0 0 0 0 0 0 0 0 0 0 0 0 1 0 0 0 0 0 0 0 0 0 0 0 0 0 0 0 0 0 0 0 0 0 0 0 0 0 0 0 0 0 0 0 0 0 0 0 0 0 0 0 0 data 141 0x40007 0x19b2 0x20 0x0 0xa0002 0x19b2 0x210007 0xf6a 0x3e0 0x389f 0x270005 0x389f 0x0 0x0 0x0 0x0 0x0 0x2b0007 0x2e56 0x338 0xa49 0x310005 0xa49 0x0 0x0 0x0 0x0 0x0 0x390005 0xa49 0x0 0x0 0x0 0x0 0x0 0x4f0002 0xa49 0x520005 0x0 0x0 0x279915d63d0 0xa49 0x0 0x0 0x590005 0xa48 0x0 0x0 0x0 0x0 0x0 0x5f0005 0xa48 0x0 0x0 0x0 0x0 0x0 0x8000000600680007 0x2 0x78 0xa48 0x6e0005 0xa48 0x0 0x0 0x0 0x0 0x0 0x710007 0x0 0x20 0xa48 0x780007 0x1 0x160 0x1 0x810007 0x0 0x140 0x1 0x870005 0x1 0x0 0x0 0x0 0x0 0x0 0x8a0007 0x0 0xe8 0x1 0x930005 0x1 0x0 0x0 0x0 0x0 0x0 0x980007 0x0 0x90 0x1 0x9e0005 0x1 0x0 0x0 0x0 0x0 0x0 0xa60007 0x0 0x38 0x1 0xab0003 0x1 0x18 0xb10003 0x1 0x18 0xb90005 0x2e57 0x0 0x0 0x0 0x0 0x0 0xbe0003 0x2e57 0xfffffffffffffc38 0x0 0x0 0x0 0x0 0x0 0x0 0x9 0x3 0x0 0x0 0x0 oops 1 40 java/util/zip/ZipCoder$UTF8ZipCoder methods 0
ciMethodData java/util/zip/ZipFile$Source getEntryPos (I)I 2 2726 orig 80 0 0 0 0 0 0 0 0 0 0 0 0 121 2 0 0 0 0 0 0 0 0 0 0 0 0 0 0 0 0 0 0 0 0 0 0 0 0 0 0 0 0 0 0 0 0 0 0 0 0 0 0 0 0 0 0 0 0 0 0 0 0 0 0 0 0 0 0 0 0 0 0 0 0 0 0 0 0 0 0 data 8 0x0 0x0 0x0 0x0 0x9 0x2 0x0 0x0 oops 0 methods 0
ciMethodData java/util/zip/ZipFile getEntry (Ljava/lang/String;)Ljava/util/zip/ZipEntry; 2 8186 orig 80 1 0 0 0 0 0 0 0 0 0 0 0 121 2 0 0 0 0 0 0 0 0 0 0 0 0 0 0 0 0 0 0 0 0 0 0 0 0 0 0 0 0 0 0 0 0 0 0 0 0 0 0 0 0 0 0 0 0 0 0 0 0 0 0 0 0 0 0 0 0 0 0 0 0 0 0 0 0 0 0 data 40 0x30002 0x1e71 0xe0005 0x1e71 0x0 0x0 0x0 0x0 0x0 0x1a0005 0x1e71 0x0 0x0 0x0 0x0 0x0 0x220007 0x11e7 0x58 0xc8a 0x290005 0xc8a 0x0 0x0 0x0 0x0 0x0 0x2f0003 0x1e72 0x18 0x0 0x0 0x0 0x0 0x0 0x0 0x9 0x2 0xffffffffffffffff 0xffffffffffffffff oops 0 methods 0
ciMethodData java/util/zip/ZipFile getZipEntry (Ljava/lang/String;I)Ljava/util/zip/ZipEntry; 2 3307 orig 80 0 0 0 0 0 0 0 0 0 0 0 0 121 2 0 0 0 0 0 0 0 0 0 0 0 0 0 0 0 0 0 0 0 0 0 0 0 0 0 0 0 0 0 0 0 0 0 0 0 0 0 0 0 0 0 0 0 0 0 0 0 0 0 0 0 0 0 0 0 0 0 0 0 0 0 0 0 0 0 0 data 174 0xd0002 0xc8e 0x140002 0xc8d 0x1b0002 0xc8e 0x280005 0xc8e 0x0 0x0 0x0 0x0 0x0 0x2e0007 0x0 0x218 0xc8e 0x330007 0x0 0x230 0xc8e 0x370005 0xc8e 0x0 0x0 0x0 0x0 0x0 0x3a0007 0x0 0x1d8 0xc8e 0x470005 0x0 0x0 0x279915d63d0 0xc8e 0x0 0x0 0x4a0007 0xc8d 0x180 0x1 0x510005 0x1 0x0 0x0 0x0 0x0 0x0 0x540007 0x0 0x128 0x1 0x5b0002 0x1 0x5f0005 0x1 0x0 0x0 0x0 0x0 0x0 0x640005 0x1 0x0 0x0 0x0 0x0 0x0 0x670005 0x1 0x0 0x0 0x0 0x0 0x0 0x6b0003 0x1 0x50 0x770005 0x0 0x0 0x0 0x0 0x0 0x0 0x7c0004 0x0 0x0 0x279932f8dc0 0xc79 0x279932a8be0 0x16 0x7f0007 0x0 0xa8 0xc8f 0x860004 0x0 0x0 0x279932f8dc0 0xc79 0x279932a8be0 0x16 0x8a0005 0x0 0x0 0x279932a8c90 0xc8f 0x0 0x0 0x910003 0xc8e 0x28 0x990002 0x0 0xa20002 0xc8e 0xac0002 0xc8f 0xb60002 0xc8f 0xc00002 0xc8f 0xca0002 0xc8f 0xd40002 0xc8f 0xdc0002 0xc8f 0xe00007 0xac8 0x30 0x1c7 0xe70002 0x1c7 0xf30007 0xc8f 0x68 0x0 0x1090002 0x0 0x10e0005 0x0 0x0 0x0 0x0 0x0 0x0 0x1130007 0xc8f 0x58 0x0 0x12b0005 0x0 0x0 0x0 0x0 0x0 0x0 0x0 0x0 0x0 0x0 0x0 0x0 0x0 0x0 0x9 0x3 0x0 0x0 0x0 oops 6 35 java/util/zip/ZipCoder$UTF8ZipCoder 90 java/util/jar/JarFile 92 sun/net/www/protocol/jar/URLJarFile 101 java/util/jar/JarFile 103 sun/net/www/protocol/jar/URLJarFile 108 java/util/jar/JavaUtilJarAccessImpl methods 0
ciMethodData java/lang/String checkBoundsOffCount (III)V 2 5927 orig 80 0 0 0 0 0 0 0 0 0 0 0 0 121 2 0 0 0 0 0 0 0 0 0 0 0 0 0 0 0 0 0 0 0 0 0 0 0 0 0 0 0 0 0 0 0 0 0 0 0 0 0 0 0 0 0 0 0 0 0 0 0 0 0 0 0 0 0 0 0 0 0 0 0 0 0 0 0 0 0 0 data 76 0x10007 0x0 0x60 0x1627 0x50007 0x0 0x40 0x1627 0xc0007 0x1627 0x1c8 0x0 0x170002 0x0 0x1d0005 0x0 0x0 0x0 0x0 0x0 0x0 0x210005 0x0 0x0 0x0 0x0 0x0 0x0 0x270005 0x0 0x0 0x0 0x0 0x0 0x0 0x2b0005 0x0 0x0 0x0 0x0 0x0 0x0 0x310005 0x0 0x0 0x0 0x0 0x0 0x0 0x350005 0x0 0x0 0x0 0x0 0x0 0x0 0x380005 0x0 0x0 0x0 0x0 0x0 0x0 0x3b0002 0x0 0x0 0x0 0x0 0x0 0x0 0x0 0x9 0x3 0x0 0x0 0x0 oops 0 methods 0
ciMethodData java/util/jar/JarFile isMultiRelease ()Z 2 15559 orig 80 0 0 0 0 0 0 0 0 0 0 0 0 121 2 0 0 0 0 0 0 0 0 0 0 0 0 0 0 0 0 0 0 0 0 0 0 0 0 0 0 0 0 0 0 0 0 0 0 0 0 0 0 0 0 0 0 0 0 0 0 0 0 0 0 0 0 0 0 0 0 0 0 0 0 0 0 0 0 0 0 data 27 0x40007 0x282e 0x20 0x1397 0xc0007 0x0 0x70 0x2830 0x100005 0x282f 0x0 0x0 0x0 0x0 0x0 0x130003 0x2834 0x18 0x0 0x0 0x0 0x0 0x0 0x0 0x9 0x1 0x0 oops 0 methods 0
ciMethodData java/util/jar/JarFile checkForSpecialAttributes ()V 2 7207 orig 80 0 0 0 0 0 0 0 0 0 0 0 0 121 2 0 0 0 0 0 0 0 0 0 0 0 0 0 0 0 0 0 0 0 0 0 0 0 0 0 0 0 0 0 0 0 0 0 0 0 0 0 0 0 0 0 0 0 0 0 0 0 0 0 0 0 0 0 0 0 0 0 0 0 0 0 0 0 0 0 0 data 93 0x40007 0x36 0x20 0x1bf1 0x100007 0x36 0x20 0x0 0x170005 0x36 0x0 0x0 0x0 0x0 0x0 0x1c0007 0x0 0x1f0 0x36 0x210005 0x36 0x0 0x0 0x0 0x0 0x0 0x310005 0x36 0x0 0x0 0x0 0x0 0x0 0x350007 0x36 0x38 0x0 0x390003 0x0 0x18 0x430007 0x0 0x128 0x36 0x510005 0x36 0x0 0x0 0x0 0x0 0x0 0x590007 0x10 0xd0 0x26 0x670002 0x26 0x770002 0x26 0x7a0002 0x26 0x7f0005 0x0 0x0 0x279932933e0 0x26 0x0 0x0 0x880005 0x0 0x0 0x279932933e0 0x26 0x0 0x0 0x8b0002 0x26 0x980003 0x36 0x18 0x0 0x0 0x0 0x0 0x0 0x0 0x0 0x0 0x0 0x0 0x9 0x1 0x0 oops 2 64 java/util/jar/Attributes 71 java/util/jar/Attributes methods 0
ciMethodData java/util/zip/ZipUtils CENSIZ ([BI)J 2 9851 orig 80 0 0 0 0 0 0 0 0 0 0 0 0 121 2 0 0 0 0 0 0 0 0 0 0 0 0 0 0 0 0 0 0 0 0 0 0 0 0 0 0 0 0 0 0 0 0 0 0 0 0 0 0 0 0 0 0 0 0 0 0 0 0 0 0 0 0 0 0 0 0 0 0 0 0 0 0 0 0 0 0 data 12 0x50002 0x257d 0x0 0x0 0x0 0x0 0x0 0x0 0x9 0x2 0x0 0x0 oops 0 methods 0
ciMethodData java/lang/String endsWith (Ljava/lang/String;)Z 2 1930 orig 80 0 0 0 0 0 0 0 0 0 0 0 0 121 2 0 0 0 0 0 0 0 0 0 0 0 0 0 0 0 0 0 0 0 0 0 0 0 0 0 0 0 0 0 0 0 0 0 0 0 0 0 0 0 0 0 0 0 0 0 0 0 0 0 0 0 0 0 0 0 0 0 0 0 0 0 0 0 0 0 0 data 31 0x30005 0x787 0x0 0x0 0x0 0x0 0x0 0x70005 0x782 0x0 0x0 0x0 0x0 0x0 0xb0005 0x781 0x0 0x0 0x0 0x0 0x0 0x0 0x0 0x0 0x0 0x0 0x0 0x9 0x2 0x0 0x0 oops 0 methods 0
ciMethodData java/util/jar/JavaUtilJarAccessImpl entryFor (Ljava/util/jar/JarFile;Ljava/lang/String;)Ljava/util/jar/JarEntry; 2 3311 orig 80 0 0 0 0 0 0 0 0 0 0 0 0 121 2 0 0 0 0 0 0 0 0 0 0 0 0 0 0 0 0 0 0 0 0 0 0 0 0 0 0 0 0 0 0 0 0 0 0 0 0 0 0 0 0 0 0 0 0 0 0 0 0 0 0 0 0 0 0 0 0 0 0 0 0 0 0 0 0 0 0 data 18 0x20005 0x0 0x0 0x279932f8dc0 0xc00 0x279932a8be0 0x12 0x0 0x0 0x0 0x0 0x0 0x0 0x9 0x3 0x0 0x0 0x0 oops 2 3 java/util/jar/JarFile 5 sun/net/www/protocol/jar/URLJarFile methods 0
ciMethodData java/util/jar/JarFile entryFor (Ljava/lang/String;)Ljava/util/jar/JarEntry; 2 3312 orig 80 0 0 0 0 0 0 0 0 0 0 0 0 121 2 0 0 0 0 0 0 0 0 0 0 0 0 0 0 0 0 0 0 0 0 0 0 0 0 0 0 0 0 0 0 0 0 0 0 0 0 0 0 0 0 0 0 0 0 0 0 0 0 0 0 0 0 0 0 0 0 0 0 0 0 0 0 0 0 0 0 data 9 0x60002 0xc13 0x0 0x0 0x0 0x9 0x2 0x0 0x0 oops 0 methods 0
ciMethodData java/util/jar/JarFile$JarFileEntry <init> (Ljava/util/jar/JarFile;Ljava/lang/String;)V 2 3311 orig 80 0 0 0 0 0 0 0 0 0 0 0 0 121 2 0 0 0 0 0 0 0 0 0 0 0 0 0 0 0 0 0 0 0 0 0 0 0 0 0 0 0 0 0 0 0 0 0 0 0 0 0 0 0 0 0 0 0 0 0 0 0 0 0 0 0 0 0 0 0 0 0 0 0 0 0 0 0 0 0 0 data 11 0x70002 0xc12 0x0 0x0 0x0 0x0 0x9 0x3 0x31fe 0x0 0x0 oops 0 methods 0
ciMethodData java/util/jar/JarEntry <init> (Ljava/lang/String;)V 2 3312 orig 80 0 0 0 0 0 0 0 0 0 0 0 0 121 2 0 0 0 0 0 0 0 0 0 0 0 0 0 0 0 0 0 0 0 0 0 0 0 0 0 0 0 0 0 0 0 0 0 0 0 0 0 0 0 0 0 0 0 0 0 0 0 0 0 0 0 0 0 0 0 0 0 0 0 0 0 0 0 0 0 0 data 8 0x20002 0xc12 0x0 0x0 0x9 0x2 0x1fe 0x0 oops 0 methods 0
ciMethodData java/util/zip/ZipEntry <init> (Ljava/lang/String;)V 2 3311 orig 80 0 0 0 0 0 0 0 0 0 0 0 0 121 2 0 0 0 0 0 0 0 0 0 0 0 0 0 0 0 0 0 0 0 0 0 0 0 0 0 0 0 0 0 0 0 0 0 0 0 0 0 0 0 0 0 0 0 0 0 0 0 0 0 0 0 0 0 0 0 0 0 0 0 0 0 0 0 0 0 0 data 29 0x10002 0xc12 0x370002 0xc11 0x3c0005 0xc11 0x0 0x0 0x0 0x0 0x0 0x410007 0xc10 0x30 0x0 0x4a0002 0x0 0x0 0x0 0x0 0x0 0x0 0x0 0x0 0x0 0x9 0x2 0x1fe 0x0 oops 0 methods 0
ciMethodData java/util/zip/ZipUtils CENTIM ([BI)J 2 3312 orig 80 0 0 0 0 0 0 0 0 0 0 0 0 121 2 0 0 0 0 0 0 0 0 0 0 0 0 0 0 0 0 0 0 0 0 0 0 0 0 0 0 0 0 0 0 0 0 0 0 0 0 0 0 0 0 0 0 0 0 0 0 0 0 0 0 0 0 0 0 0 0 0 0 0 0 0 0 0 0 0 0 data 12 0x50002 0xc12 0x0 0x0 0x0 0x0 0x0 0x0 0x9 0x2 0x0 0x0 oops 0 methods 0
ciMethodData java/util/zip/ZipUtils CENCRC ([BI)J 2 3313 orig 80 0 0 0 0 0 0 0 0 0 0 0 0 121 2 0 0 0 0 0 0 0 0 0 0 0 0 0 0 0 0 0 0 0 0 0 0 0 0 0 0 0 0 0 0 0 0 0 0 0 0 0 0 0 0 0 0 0 0 0 0 0 0 0 0 0 0 0 0 0 0 0 0 0 0 0 0 0 0 0 0 data 12 0x50002 0xc13 0x0 0x0 0x0 0x0 0x0 0x0 0x9 0x2 0x0 0x0 oops 0 methods 0
ciMethodData java/util/zip/ZipUtils CENVEM_FA ([BI)I 2 3314 orig 80 0 0 0 0 0 0 0 0 0 0 0 0 121 2 0 0 0 0 0 0 0 0 0 0 0 0 0 0 0 0 0 0 0 0 0 0 0 0 0 0 0 0 0 0 0 0 0 0 0 0 0 0 0 0 0 0 0 0 0 0 0 0 0 0 0 0 0 0 0 0 0 0 0 0 0 0 0 0 0 0 data 12 0x40002 0xc14 0x0 0x0 0x0 0x0 0x0 0x0 0x9 0x2 0x0 0x0 oops 0 methods 0
ciMethodData java/util/zip/ZipUtils CH ([BI)I 2 3314 orig 80 0 0 0 0 0 0 0 0 0 0 0 0 121 2 0 0 0 0 0 0 0 0 0 0 0 0 0 0 0 0 0 0 0 0 0 0 0 0 0 0 0 0 0 0 0 0 0 0 0 0 0 0 0 0 0 0 0 0 0 0 0 0 0 0 0 0 0 0 0 0 0 0 0 0 0 0 0 0 0 0 data 7 0x0 0x0 0x0 0x9 0x2 0x0 0x0 oops 0 methods 0
ciMethodData java/util/zip/ZipUtils CENATX_PERMS ([BI)I 1 462 orig 80 0 0 0 0 0 0 0 0 0 0 0 0 121 2 0 0 0 0 0 0 0 0 0 0 0 0 0 0 0 0 0 0 0 0 0 0 0 0 0 0 0 0 0 0 0 0 0 0 0 0 0 0 0 0 0 0 0 0 0 0 0 0 0 0 0 0 0 0 0 0 0 0 0 0 0 0 0 0 0 0 data 12 0x50002 0x1c5 0x0 0x0 0x0 0x0 0x0 0x0 0x9 0x2 0x0 0x0 oops 0 methods 0
ciMethodData java/util/jar/JarFile getVersionedEntry (Ljava/lang/String;Ljava/util/jar/JarEntry;)Ljava/util/jar/JarEntry; 2 7884 orig 80 0 0 0 0 0 0 0 0 0 0 0 0 121 2 0 0 0 0 0 0 0 0 0 0 0 0 0 0 0 0 0 0 0 0 0 0 0 0 0 0 0 0 0 0 0 0 0 0 0 0 0 0 0 0 0 0 0 0 0 0 0 0 0 0 0 0 0 0 0 0 0 0 0 0 0 0 0 0 0 0 data 115 0x30005 0xa30 0x0 0x0 0x0 0x0 0x0 0x60007 0xda 0x308 0x956 0xd0005 0x0 0x0 0x27993308cb0 0x956 0x0 0x0 0x1a0007 0x3 0x2b0 0x953 0x1f0007 0x0 0x290 0x953 0x2a0007 0x951 0x270 0x1bf9 0x390007 0x1bf9 0x38 0x0 0x3c0003 0x0 0x218 0x440007 0x1bf9 0x38 0x0 0x470003 0x0 0x1f8 0x4f0002 0x1bf9 0x540005 0x1bf9 0x0 0x0 0x0 0x0 0x0 0x590005 0x1bf9 0x0 0x0 0x0 0x0 0x0 0x5f0005 0x1bf9 0x0 0x0 0x0 0x0 0x0 0x630005 0x1bf9 0x0 0x0 0x0 0x0 0x0 0x660005 0x1bf9 0x0 0x0 0x0 0x0 0x0 0x690002 0x1bf9 0x6c0104 0x0 0x0 0x279932f9ac0 0x2 0x0 0x0 0x730007 0x1bf7 0x58 0x2 0x790005 0x0 0x0 0x279932f9ac0 0x2 0x0 0x0 0x800003 0x1bf7 0xfffffffffffffda8 0x0 0x0 0x0 0x0 0x0 0x0 0x9 0x3 0x0 0x0 0x0 oops 3 14 java/util/zip/ZipFile$1 86 java/util/jar/JarFile$JarFileEntry 97 java/util/jar/JarFile$JarFileEntry methods 0
ciMethodData java/util/zip/ZipFile$1 getMetaInfVersions (Ljava/util/jar/JarFile;)[I 2 2632 orig 80 0 0 0 0 0 0 0 0 0 0 0 0 121 2 0 0 0 0 0 0 0 0 0 0 0 0 0 0 0 0 0 0 0 0 0 0 0 0 0 0 0 0 0 0 0 0 0 0 0 0 0 0 0 0 0 0 0 0 0 0 0 0 0 0 0 0 0 0 0 0 0 0 0 0 0 0 0 0 0 0 data 17 0x10005 0x956 0x0 0x0 0x0 0x0 0x0 0x0 0x0 0x0 0x0 0x0 0x0 0x9 0x2 0x0 0x0 oops 0 methods 0
ciMethodData java/util/zip/ZipFile getMetaInfVersions ()[I 2 2632 orig 80 0 0 0 0 0 0 0 0 0 0 0 0 121 2 0 0 0 0 0 0 0 0 0 0 0 0 0 0 0 0 0 0 0 0 0 0 0 0 0 0 0 0 0 0 0 0 0 0 0 0 0 0 0 0 0 0 0 0 0 0 0 0 0 0 0 0 0 0 0 0 0 0 0 0 0 0 0 0 0 0 data 16 0x50005 0x956 0x0 0x0 0x0 0x0 0x0 0x0 0x0 0x0 0x0 0x0 0x0 0x9 0x1 0x0 oops 0 methods 0
ciMethodData java/util/jar/JarFile$JarFileEntry withBasename (Ljava/lang/String;)Ljava/util/jar/JarFile$JarFileEntry; 1 3 orig 80 0 0 0 0 0 0 0 0 0 0 0 0 121 2 0 0 0 0 0 0 0 0 0 0 0 0 0 0 0 0 0 0 0 0 0 0 0 0 0 0 0 0 0 0 0 0 0 0 0 0 0 0 0 0 0 0 0 0 0 0 0 0 0 0 0 0 0 0 0 0 0 0 0 0 0 0 0 0 0 0 data 8 0x0 0x0 0x0 0x0 0x9 0x2 0x1000 0x0 oops 0 methods 0
ciMethodData java/util/jar/JarFile getEntry (Ljava/lang/String;)Ljava/util/zip/ZipEntry; 2 8449 orig 80 0 0 0 0 0 0 0 0 0 0 0 0 121 2 0 0 0 0 0 0 0 0 0 0 0 0 0 0 0 0 0 0 0 0 0 0 0 0 0 0 0 0 0 0 0 0 0 0 0 0 0 0 0 0 0 0 0 0 0 0 0 0 0 0 0 0 0 0 0 0 0 0 0 0 0 0 0 0 0 0 data 43 0x10005 0x1fff 0x0 0x0 0x0 0x0 0x0 0x40007 0x15d0 0xc0 0xa2f 0xa0005 0xa2f 0x0 0x0 0x0 0x0 0x0 0xf0007 0x2 0x68 0xa2d 0x140002 0xa2d 0x170104 0x0 0x0 0x279932f9ac0 0x8ca 0x0 0x0 0x1f0002 0x15cf 0x0 0x0 0x0 0x0 0x0 0x0 0x9 0x2 0x0 0x0 oops 1 27 java/util/jar/JarFile$JarFileEntry methods 0
ciMethodData java/util/zip/ZipCoder$UTF8ZipCoder toString ([BII)Ljava/lang/String; 2 2792 orig 80 0 0 0 0 0 0 0 0 0 0 0 0 121 2 0 0 0 0 0 0 0 0 0 0 0 0 0 0 0 0 0 0 0 0 0 0 0 0 0 0 0 0 0 0 0 0 0 0 0 0 0 0 0 0 0 0 0 0 0 0 0 0 0 0 0 0 0 0 0 0 0 0 0 0 0 0 0 0 0 0 data 19 0x60005 0x0 0x0 0x2799171ed50 0x9e8 0x0 0x0 0x0 0x0 0x0 0x0 0x0 0x0 0x9 0x4 0x0 0x0 0x0 0x0 oops 1 3 java/lang/System$2 methods 0
ciMethodData java/lang/String isNotContinuation (I)Z 1 4 orig 80 0 0 0 0 0 0 0 0 0 0 0 0 121 2 0 0 0 0 0 0 0 0 0 0 0 0 0 0 0 0 0 0 0 0 0 0 0 0 0 0 0 0 0 0 0 0 0 0 0 0 0 0 0 0 0 0 0 0 0 0 0 0 0 0 0 0 0 0 0 0 0 0 0 0 0 0 0 0 0 0 data 11 0x80007 0x4 0x38 0x0 0xc0003 0x0 0x18 0x0 0x9 0x1 0x0 oops 0 methods 0
ciMethodData java/lang/String decode2 (II)C 1 4 orig 80 0 0 0 0 0 0 0 0 0 0 0 0 121 2 0 0 0 0 0 0 0 0 0 0 0 0 0 0 0 0 0 0 0 0 0 0 0 0 0 0 0 0 0 0 0 0 0 0 0 0 0 0 0 0 0 0 0 0 0 0 0 0 0 0 0 0 0 0 0 0 0 0 0 0 0 0 0 0 0 0 data 5 0x0 0x9 0x2 0x0 0x0 oops 0 methods 0
ciMethodData java/lang/String decodeUTF8_UTF16 ([BII[BIZ)I 1 28 orig 80 0 0 0 0 0 0 0 0 0 0 0 0 121 2 0 0 0 0 0 0 0 0 0 0 0 0 0 0 0 0 0 0 0 0 0 0 0 0 0 0 0 0 0 0 0 0 0 0 0 0 0 0 0 0 0 0 0 0 0 0 0 0 0 0 0 0 0 0 0 0 0 0 0 0 0 0 0 0 0 0 data 263 0x20007 0x4 0x7b0 0x1c 0xf0007 0x4 0x48 0x18 0x1b0002 0x18 0x1e0003 0x18 0x748 0x270007 0x0 0x178 0x4 0x2f0007 0x0 0x158 0x4 0x340007 0x0 0xe0 0x4 0x410002 0x4 0x440007 0x4 0x78 0x0 0x490007 0x0 0x30 0x0 0x500002 0x0 0x5b0002 0x0 0x610003 0x0 0xfffffffffffffec8 0x6e0002 0x4 0x710002 0x4 0x740003 0x4 0xfffffffffffffe90 0x790007 0x0 0x30 0x0 0x7e0002 0x0 0x890002 0x0 0x8c0003 0x0 0x5e8 0x950007 0x0 0x298 0x0 0x9c0007 0x0 0x178 0x0 0xb50002 0x0 0xb80007 0x0 0x88 0x0 0xbd0007 0x0 0x30 0x0 0xc40002 0x0 0xcf0002 0x0 0xd80002 0x0 0xdd0003 0x0 0xfffffffffffffd60 0xe60002 0x0 0xed0002 0x0 0xf00007 0x0 0x78 0x0 0xf50007 0x0 0x30 0x0 0xfc0002 0x0 0x1070002 0x0 0x10a0003 0x0 0x28 0x1150002 0x0 0x1180003 0x0 0xfffffffffffffca0 0x11d0007 0x0 0xa8 0x0 0x1250002 0x0 0x1280007 0x0 0x78 0x0 0x12d0007 0x0 0x30 0x0 0x1340002 0x0 0x13f0002 0x0 0x1420003 0x0 0xfffffffffffffbf8 0x1470007 0x0 0x30 0x0 0x14c0002 0x0 0x1570002 0x0 0x15a0003 0x0 0x350 0x1630007 0x0 0x2e0 0x0 0x16a0007 0x0 0x150 0x0 0x18d0002 0x0 0x1980002 0x0 0x19b0007 0x0 0x50 0x0 0x1a00002 0x0 0x1a30007 0x0 0x88 0x0 0x1a80007 0x0 0x30 0x0 0x1af0002 0x0 0x1ba0002 0x0 0x1c30002 0x0 0x1c80003 0x0 0xfffffffffffffa88 0x1d30002 0x0 0x1d60002 0x0 0x1e10002 0x0 0x1e40002 0x0 0x1e70003 0x0 0xfffffffffffffa30 0x1f70007 0x0 0x70 0x0 0x1fc0007 0x0 0xa8 0x0 0x2080002 0x0 0x20b0007 0x0 0x78 0x0 0x2100007 0x0 0x30 0x0 0x2170002 0x0 0x2220002 0x0 0x2250003 0x0 0xfffffffffffff968 0x22a0007 0x0 0x30 0x0 0x2310002 0x0 0x23f0002 0x0 0x2440007 0x0 0xc0 0x0 0x24a0002 0x0 0x24d0007 0x0 0x90 0x0 0x2500003 0x0 0xfffffffffffff8c0 0x2550007 0x0 0x30 0x0 0x25c0002 0x0 0x2670002 0x0 0x26a0003 0x18 0xfffffffffffff868 0x0 0x0 0x0 0x0 0x0 0x0 0x0 0x0 0x0 0x9 0x6 0x0 0x0 0x0 0x0 0x0 0x0 oops 0 methods 0
ciMethodData java/util/zip/ZipCoder$UTF8ZipCoder hasTrailingSlash ([BI)Z 2 3307 orig 80 0 0 0 0 0 0 0 0 0 0 0 0 121 2 0 0 0 0 0 0 0 0 0 0 0 0 0 0 0 0 0 0 0 0 0 0 0 0 0 1 0 0 0 0 0 0 0 0 0 0 0 0 0 0 0 0 0 0 0 0 0 0 0 0 0 0 0 0 0 0 0 0 0 0 0 0 0 0 0 0 data 18 0x10007 0x0 0x58 0xbeb 0x80000006000b0007 0xbeb 0x38 0x1 0xf0003 0x1 0x18 0x0 0x0 0x9 0x3 0x0 0x0 0x0 oops 0 methods 0
compile java/util/jar/JarFile getEntry (Ljava/lang/String;)Ljava/util/zip/ZipEntry; -1 4 inline 263 0 -1 java/util/jar/JarFile getEntry (Ljava/lang/String;)Ljava/util/zip/ZipEntry; 1 1 java/util/jar/JarFile isMultiRelease ()Z 1 10 java/util/jar/JarFile getVersionedEntry (Ljava/lang/String;Ljava/util/jar/JarEntry;)Ljava/util/jar/JarEntry; 2 3 java/lang/String startsWith (Ljava/lang/String;)Z 3 3 java/lang/String startsWith (Ljava/lang/String;I)Z 4 6 java/lang/String length ()I 5 6 java/lang/String coder ()B 4 10 java/lang/String length ()I 5 6 java/lang/String coder ()B 4 39 java/lang/String coder ()B 4 47 java/lang/String coder ()B 2 13 java/util/zip/ZipFile$1 getMetaInfVersions (Ljava/util/jar/JarFile;)[I 3 1 java/util/zip/ZipFile getMetaInfVersions ()[I 4 5 java/util/zip/ZipFile ensureOpen ()V 2 79 java/lang/StringBuilder <init> ()V 2 84 java/lang/StringBuilder append (Ljava/lang/String;)Ljava/lang/StringBuilder; 2 89 java/lang/StringBuilder append (I)Ljava/lang/StringBuilder; 2 95 java/lang/StringBuilder append (Ljava/lang/String;)Ljava/lang/StringBuilder; 2 99 java/lang/StringBuilder append (Ljava/lang/String;)Ljava/lang/StringBuilder; 2 102 java/lang/StringBuilder toString ()Ljava/lang/String; 2 105 java/util/zip/ZipFile getEntry (Ljava/lang/String;)Ljava/util/zip/ZipEntry; 3 3 java/util/Objects requireNonNull (Ljava/lang/Object;Ljava/lang/String;)Ljava/lang/Object; 3 14 java/util/zip/ZipFile ensureOpen ()V 3 26 java/util/zip/ZipFile$Source getEntryPos (Ljava/lang/String;Z)I 4 10 java/util/zip/ZipCoder hash (Ljava/lang/String;)I 5 1 java/lang/String hashCode ()I 6 17 java/lang/String isLatin1 ()Z 6 27 java/lang/StringLatin1 hashCode ([B)I 5 6 java/lang/String length ()I 6 6 java/lang/String coder ()B 5 18 java/lang/String charAt (I)C 6 1 java/lang/String isLatin1 ()Z 6 12 java/lang/StringLatin1 charAt ([BI)C 4 39 java/util/zip/ZipFile$Source getEntryHash (I)I 4 49 java/util/zip/ZipFile$Source getEntryPos (I)I 4 57 java/util/zip/ZipFile$Source zipCoderForPos (I)Ljava/util/zip/ZipCoder; 5 4 java/util/zip/ZipCoder$UTF8ZipCoder isUTF8 ()Z 4 79 java/util/zip/ZipUtils CENNAM ([BI)I 5 5 java/util/zip/ZipUtils SH ([BI)I 4 82 java/util/zip/ZipCoder$UTF8ZipCoder toString ([BII)Ljava/lang/String; 5 6 java/lang/System$2 newStringUTF8NoRepl ([BII)Ljava/lang/String; 6 3 java/lang/String newStringUTF8NoRepl ([BII)Ljava/lang/String; 7 4 java/lang/String checkBoundsOffCount (III)V 7 38 java/util/Arrays copyOfRange ([BII)[B 7 42 java/lang/String <init> ([BB)V 8 1 java/lang/Object <init> ()V 7 268 java/lang/String <init> ([BB)V 8 1 java/lang/Object <init> ()V 4 89 java/lang/String length ()I 5 6 java/lang/String coder ()B 4 95 java/lang/String length ()I 5 6 java/lang/String coder ()B 4 110 java/lang/String equals (Ljava/lang/Object;)Z 4 135 java/lang/String startsWith (Ljava/lang/String;)Z 5 3 java/lang/String startsWith (Ljava/lang/String;I)Z 6 6 java/lang/String length ()I 7 6 java/lang/String coder ()B 6 10 java/lang/String length ()I 7 6 java/lang/String coder ()B 6 39 java/lang/String coder ()B 6 47 java/lang/String coder ()B 4 147 java/lang/String charAt (I)C 5 1 java/lang/String isLatin1 ()Z 5 12 java/lang/StringLatin1 charAt ([BI)C 4 185 java/util/zip/ZipFile$Source getEntryNext (I)I 3 41 java/util/zip/ZipFile getZipEntry (Ljava/lang/String;I)Ljava/util/zip/ZipEntry; 4 13 java/util/zip/ZipUtils CENNAM ([BI)I 5 5 java/util/zip/ZipUtils SH ([BI)I 4 20 java/util/zip/ZipUtils CENEXT ([BI)I 5 5 java/util/zip/ZipUtils SH ([BI)I 4 27 java/util/zip/ZipUtils CENCOM ([BI)I 5 5 java/util/zip/ZipUtils SH ([BI)I 4 40 java/util/zip/ZipFile$Source zipCoderForPos (I)Ljava/util/zip/ZipCoder; 5 4 java/util/zip/ZipCoder$UTF8ZipCoder isUTF8 ()Z 4 55 java/lang/String isEmpty ()Z 4 71 java/util/zip/ZipCoder$UTF8ZipCoder hasTrailingSlash ([BI)Z 4 81 java/lang/String endsWith (Ljava/lang/String;)Z 5 3 java/lang/String length ()I 6 6 java/lang/String coder ()B 5 7 java/lang/String length ()I 6 6 java/lang/String coder ()B 5 11 java/lang/String startsWith (Ljava/lang/String;I)Z 6 6 java/lang/String length ()I 7 6 java/lang/String coder ()B 6 10 java/lang/String length ()I 7 6 java/lang/String coder ()B 6 39 java/lang/String coder ()B 6 47 java/lang/String coder ()B 4 91 java/lang/StringBuilder <init> ()V 4 100 java/lang/StringBuilder append (C)Ljava/lang/StringBuilder; 4 138 java/util/jar/JavaUtilJarAccessImpl entryFor (Ljava/util/jar/JarFile;Ljava/lang/String;)Ljava/util/jar/JarEntry; 5 2 java/util/jar/JarFile entryFor (Ljava/lang/String;)Ljava/util/jar/JarEntry; 6 6 java/util/jar/JarFile$JarFileEntry <init> (Ljava/util/jar/JarFile;Ljava/lang/String;)V 7 7 java/util/jar/JarEntry <init> (Ljava/lang/String;)V 8 2 java/util/zip/ZipEntry <init> (Ljava/lang/String;)V 9 1 java/lang/Object <init> ()V 9 55 java/util/Objects requireNonNull (Ljava/lang/Object;Ljava/lang/String;)Ljava/lang/Object; 9 60 java/lang/String length ()I 10 6 java/lang/String coder ()B 4 162 java/util/zip/ZipUtils CENFLG ([BI)I 5 5 java/util/zip/ZipUtils SH ([BI)I 4 172 java/util/zip/ZipUtils CENTIM ([BI)J 5 5 java/util/zip/ZipUtils LG ([BI)J 6 2 java/util/zip/ZipUtils SH ([BI)I 6 9 java/util/zip/ZipUtils SH ([BI)I 4 182 java/util/zip/ZipUtils CENCRC ([BI)J 5 5 java/util/zip/ZipUtils LG ([BI)J 6 2 java/util/zip/ZipUtils SH ([BI)I 6 9 java/util/zip/ZipUtils SH ([BI)I 4 192 java/util/zip/ZipUtils CENLEN ([BI)J 5 5 java/util/zip/ZipUtils LG ([BI)J 6 2 java/util/zip/ZipUtils SH ([BI)I 6 9 java/util/zip/ZipUtils SH ([BI)I 4 202 java/util/zip/ZipUtils CENSIZ ([BI)J 5 5 java/util/zip/ZipUtils LG ([BI)J 6 2 java/util/zip/ZipUtils SH ([BI)I 6 9 java/util/zip/ZipUtils SH ([BI)I 4 212 java/util/zip/ZipUtils CENHOW ([BI)I 5 5 java/util/zip/ZipUtils SH ([BI)I 4 220 java/util/zip/ZipUtils CENVEM_FA ([BI)I 5 4 java/util/zip/ZipUtils CH ([BI)I 4 231 java/util/zip/ZipUtils CENATX_PERMS ([BI)I 5 5 java/util/zip/ZipUtils SH ([BI)I 1 20 java/util/zip/ZipFile getEntry (Ljava/lang/String;)Ljava/util/zip/ZipEntry; 2 3 java/util/Objects requireNonNull (Ljava/lang/Object;Ljava/lang/String;)Ljava/lang/Object; 2 14 java/util/zip/ZipFile ensureOpen ()V 2 26 java/util/zip/ZipFile$Source getEntryPos (Ljava/lang/String;Z)I 3 10 java/util/zip/ZipCoder hash (Ljava/lang/String;)I 4 1 java/lang/String hashCode ()I 5 17 java/lang/String isLatin1 ()Z 5 27 java/lang/StringLatin1 hashCode ([B)I 4 6 java/lang/String length ()I 5 6 java/lang/String coder ()B 4 18 java/lang/String charAt (I)C 5 1 java/lang/String isLatin1 ()Z 5 12 java/lang/StringLatin1 charAt ([BI)C 3 39 java/util/zip/ZipFile$Source getEntryHash (I)I 3 49 java/util/zip/ZipFile$Source getEntryPos (I)I 3 57 java/util/zip/ZipFile$Source zipCoderForPos (I)Ljava/util/zip/ZipCoder; 4 4 java/util/zip/ZipCoder$UTF8ZipCoder isUTF8 ()Z 3 79 java/util/zip/ZipUtils CENNAM ([BI)I 4 5 java/util/zip/ZipUtils SH ([BI)I 3 82 java/util/zip/ZipCoder$UTF8ZipCoder toString ([BII)Ljava/lang/String; 4 6 java/lang/System$2 newStringUTF8NoRepl ([BII)Ljava/lang/String; 5 3 java/lang/String newStringUTF8NoRepl ([BII)Ljava/lang/String; 6 4 java/lang/String checkBoundsOffCount (III)V 6 38 java/util/Arrays copyOfRange ([BII)[B 6 42 java/lang/String <init> ([BB)V 7 1 java/lang/Object <init> ()V 6 268 java/lang/String <init> ([BB)V 7 1 java/lang/Object <init> ()V 3 89 java/lang/String length ()I 4 6 java/lang/String coder ()B 3 95 java/lang/String length ()I 4 6 java/lang/String coder ()B 3 110 java/lang/String equals (Ljava/lang/Object;)Z 3 135 java/lang/String startsWith (Ljava/lang/String;)Z 4 3 java/lang/String startsWith (Ljava/lang/String;I)Z 5 6 java/lang/String length ()I 6 6 java/lang/String coder ()B 5 10 java/lang/String length ()I 6 6 java/lang/String coder ()B 5 39 java/lang/String coder ()B 5 47 java/lang/String coder ()B 3 147 java/lang/String charAt (I)C 4 1 java/lang/String isLatin1 ()Z 4 12 java/lang/StringLatin1 charAt ([BI)C 3 185 java/util/zip/ZipFile$Source getEntryNext (I)I 2 41 java/util/zip/ZipFile getZipEntry (Ljava/lang/String;I)Ljava/util/zip/ZipEntry; 3 13 java/util/zip/ZipUtils CENNAM ([BI)I 4 5 java/util/zip/ZipUtils SH ([BI)I 3 20 java/util/zip/ZipUtils CENEXT ([BI)I 4 5 java/util/zip/ZipUtils SH ([BI)I 3 27 java/util/zip/ZipUtils CENCOM ([BI)I 4 5 java/util/zip/ZipUtils SH ([BI)I 3 40 java/util/zip/ZipFile$Source zipCoderForPos (I)Ljava/util/zip/ZipCoder; 4 4 java/util/zip/ZipCoder$UTF8ZipCoder isUTF8 ()Z 3 55 java/lang/String isEmpty ()Z 3 71 java/util/zip/ZipCoder$UTF8ZipCoder hasTrailingSlash ([BI)Z 3 81 java/lang/String endsWith (Ljava/lang/String;)Z 4 3 java/lang/String length ()I 5 6 java/lang/String coder ()B 4 7 java/lang/String length ()I 5 6 java/lang/String coder ()B 4 11 java/lang/String startsWith (Ljava/lang/String;I)Z 5 6 java/lang/String length ()I 6 6 java/lang/String coder ()B 5 10 java/lang/String length ()I 6 6 java/lang/String coder ()B 5 39 java/lang/String coder ()B 5 47 java/lang/String coder ()B 3 91 java/lang/StringBuilder <init> ()V 3 100 java/lang/StringBuilder append (C)Ljava/lang/StringBuilder; 3 138 java/util/jar/JavaUtilJarAccessImpl entryFor (Ljava/util/jar/JarFile;Ljava/lang/String;)Ljava/util/jar/JarEntry; 4 2 java/util/jar/JarFile entryFor (Ljava/lang/String;)Ljava/util/jar/JarEntry; 5 6 java/util/jar/JarFile$JarFileEntry <init> (Ljava/util/jar/JarFile;Ljava/lang/String;)V 6 7 java/util/jar/JarEntry <init> (Ljava/lang/String;)V 7 2 java/util/zip/ZipEntry <init> (Ljava/lang/String;)V 8 1 java/lang/Object <init> ()V 8 55 java/util/Objects requireNonNull (Ljava/lang/Object;Ljava/lang/String;)Ljava/lang/Object; 8 60 java/lang/String length ()I 9 6 java/lang/String coder ()B 3 162 java/util/zip/ZipUtils CENFLG ([BI)I 4 5 java/util/zip/ZipUtils SH ([BI)I 3 172 java/util/zip/ZipUtils CENTIM ([BI)J 4 5 java/util/zip/ZipUtils LG ([BI)J 5 2 java/util/zip/ZipUtils SH ([BI)I 5 9 java/util/zip/ZipUtils SH ([BI)I 3 182 java/util/zip/ZipUtils CENCRC ([BI)J 4 5 java/util/zip/ZipUtils LG ([BI)J 5 2 java/util/zip/ZipUtils SH ([BI)I 5 9 java/util/zip/ZipUtils SH ([BI)I 3 192 java/util/zip/ZipUtils CENLEN ([BI)J 4 5 java/util/zip/ZipUtils LG ([BI)J 5 2 java/util/zip/ZipUtils SH ([BI)I 5 9 java/util/zip/ZipUtils SH ([BI)I 3 202 java/util/zip/ZipUtils CENSIZ ([BI)J 4 5 java/util/zip/ZipUtils LG ([BI)J 5 2 java/util/zip/ZipUtils SH ([BI)I 5 9 java/util/zip/ZipUtils SH ([BI)I 3 212 java/util/zip/ZipUtils CENHOW ([BI)I 4 5 java/util/zip/ZipUtils SH ([BI)I 3 220 java/util/zip/ZipUtils CENVEM_FA ([BI)I 4 4 java/util/zip/ZipUtils CH ([BI)I 3 231 java/util/zip/ZipUtils CENATX_PERMS ([BI)I 4 5 java/util/zip/ZipUtils SH ([BI)I 1 31 java/util/zip/ZipFile getEntry (Ljava/lang/String;)Ljava/util/zip/ZipEntry; 2 3 java/util/Objects requireNonNull (Ljava/lang/Object;Ljava/lang/String;)Ljava/lang/Object; 2 14 java/util/zip/ZipFile ensureOpen ()V 2 26 java/util/zip/ZipFile$Source getEntryPos (Ljava/lang/String;Z)I 3 10 java/util/zip/ZipCoder hash (Ljava/lang/String;)I 4 1 java/lang/String hashCode ()I 5 17 java/lang/String isLatin1 ()Z 5 27 java/lang/StringLatin1 hashCode ([B)I 4 6 java/lang/String length ()I 5 6 java/lang/String coder ()B 4 18 java/lang/String charAt (I)C 5 1 java/lang/String isLatin1 ()Z 5 12 java/lang/StringLatin1 charAt ([BI)C 3 39 java/util/zip/ZipFile$Source getEntryHash (I)I 3 49 java/util/zip/ZipFile$Source getEntryPos (I)I 3 57 java/util/zip/ZipFile$Source zipCoderForPos (I)Ljava/util/zip/ZipCoder; 4 4 java/util/zip/ZipCoder$UTF8ZipCoder isUTF8 ()Z 3 79 java/util/zip/ZipUtils CENNAM ([BI)I 4 5 java/util/zip/ZipUtils SH ([BI)I 3 82 java/util/zip/ZipCoder$UTF8ZipCoder toString ([BII)Ljava/lang/String; 4 6 java/lang/System$2 newStringUTF8NoRepl ([BII)Ljava/lang/String; 5 3 java/lang/String newStringUTF8NoRepl ([BII)Ljava/lang/String; 6 4 java/lang/String checkBoundsOffCount (III)V 6 38 java/util/Arrays copyOfRange ([BII)[B 6 42 java/lang/String <init> ([BB)V 7 1 java/lang/Object <init> ()V 6 268 java/lang/String <init> ([BB)V 7 1 java/lang/Object <init> ()V 3 89 java/lang/String length ()I 4 6 java/lang/String coder ()B 3 95 java/lang/String length ()I 4 6 java/lang/String coder ()B 3 110 java/lang/String equals (Ljava/lang/Object;)Z 3 135 java/lang/String startsWith (Ljava/lang/String;)Z 4 3 java/lang/String startsWith (Ljava/lang/String;I)Z 5 6 java/lang/String length ()I 6 6 java/lang/String coder ()B
